score	clip	text spoken	heard
0.00	eng-lkg-months-year-s04.mp3	मग एप्रिल.	Mug April
0.00	eng-lkg-months-year-s08.mp3	मग ऑगस्ट.	Mug, August
0.00	eng-lkg-transport-types-s07.mp3	ही रिक्षा आहे.	Hirik Shahe
0.00	eng-nur-alphabets-s15.mp3	ई, एलिफ़ेंट, म्हणजे हत्ती.	E. Elephant
0.00	eng-nur-alphabets-s18.mp3	एफ़, फ़िश, म्हणजे मासा.	F. Fish, Manage Massa
0.00	eng-nur-alphabets-s51.mp3	क्यू, क्वीन, म्हणजे राणी.	Q, Queen, Manijay Rani
0.00	eng-nur-letters-a-e-s15.mp3	सी, कॅट, म्हणजे मांजर.	C. Cat. Manjai Manzar
0.00	eng-nur-letters-f-j-s04.mp3	एफ़, फ़िश, म्हणजे मासा.	F, Fish, Managei Massa
0.00	eng-nur-letters-f-j-s15.mp3	एच, हेन, म्हणजे कोंबडी.	H. Heen, Manje Comri
0.00	eng-nur-letters-f-j-s28.mp3	जे. जीप.	J. Jeep
0.00	eng-nur-letters-k-o-s14.mp3	एम, मंकी, म्हणजे माकड.	M. Mengki
0.00	eng-nur-letters-p-t-s09.mp3	क्यू, क्वीन, म्हणजे राणी.	Q, Queen, Marjay, Rani
0.00	eng-nur-letters-u-z-s09.mp3	वी. व्हायोलिन, व्हॅन.	V. violin, van
0.00	eng-nur-letters-u-z-s18.mp3	एक्स. झायलोफोन.	X-Sylo-Von
0.00	evs-lkg-professions-s05.mp3	शिक्षिका पुस्तकातून शिकवतात.	Şi-şi-ca pustăcat un şi căutat.
0.00	math-nur-count-51-100-s55.mp3	आता म्हणा, पंच्याण्णव.	Atamhana, pancanu.
0.05	eng-nur-alphabets-s72.mp3	एक्स, ज़ाइलोफ़ोन, म्हणजे झायलोफोन.	X Xylophone मन जे Xylophone
0.20	eng-lkg-three-letter-words-s07.mp3	बघा, सी, यू, पी.	बगा, C-U-P
0.20	eng-lkg-three-letter-words-s09.mp3	बघा, एच, ई, एन.	बगहा
0.33	eng-nur-alphabets-s69.mp3	डब्ल्यू, वॉटरमेलन, म्हणजे कलिंगड.	W. Watermelon, मनजे, कलिंगल
0.33	eng-nur-letters-k-o-s09.mp3	एल, लोटस, म्हणजे कमळ.	L. Lotus मनजे कमल
0.40	eng-nur-fruits-s01.mp3	ही फळं बघा.	ही पड़ बगा
0.40	eng-nur-fruits-s06.mp3	ही फळं बघा.	ही पड़ा बगा
0.43	eng-lkg-two-letter-words-s03.mp3	बघा, ओ आणि एन.	बगा ओ अई एंड
0.48	eng-nur-letters-f-j-s03.mp3	एफ़, फ़ॉक्स, म्हणजे कोल्हा.	F. Fox मंजे कुलहा
0.49	eng-nur-letters-a-e-s05.mp3	ए, अॅम्ब्युलन्स, म्हणजे रुग्णवाहिका.	A. Ambulance मनजे रुगणवाही का
0.50	eng-nur-alphabets-s09.mp3	सी, कॅट, म्हणजे मांजर.	C. Cat मनजे मांजर
0.50	hin-ukg-vyanjan-s36.mp3	आता श, ष, स, ह बघा.	अटाश, श, स, हबगा
0.53	eng-nur-letters-k-o-s11.mp3	एल. सिंह, कमळ, लिंबू.	येल सिंग, कोमल, लिम्भू
0.53	math-nur-count-51-100-s52.mp3	आता म्हणा, ब्याण्णव.	आता महना बैल्ड नौ
0.53	math-nur-count-51-100-s54.mp3	आता म्हणा, चौऱ्याण्णव.	आता मणा सौरेन्णों
0.53	eng-nur-letters-k-o-s15.mp3	एम, मँगो, म्हणजे आंबा.	M. मांगो, मनजे अमबा
0.53	hin-ukg-swar-s09.mp3	हे ऋ आहे. म्हणा, ऋ.	हे रूआ हे मना रूँ
0.56	math-nur-count-51-100-s41.mp3	आता म्हणा, त्र्याऐंशी.	अता मना, ट्रेयंशी
0.57	math-nur-count-1-20-s16.mp3	आता म्हणा, सोळा.	अताम हना, सोला.
0.59	hin-ukg-swar-s11.mp3	हे ऐ आहे. म्हणा, ऐ.	हे आय आहे मणा आय
0.59	hin-ukg-swar-s13.mp3	हे औ आहे. म्हणा, औ.	हे आव आहे मणा आव
0.60	eng-lkg-animal-products-s06.mp3	ही मेंढी आहे.	ही मेडिया है
0.60	eng-nur-alphabets-s24.mp3	एच, हेन, म्हणजे कोंबडी.	H. हेन, मनजे कोमडी
0.60	eng-nur-alphabets-s39.mp3	एम, मंकी, म्हणजे माकड.	M. मंकी मनजे माकर
0.60	eng-nur-letters-f-j-s02.mp3	एफ़ चा आवाज, फ़. माझ्यासोबत म्हणा.	F चा अवाज, फर माचा सोबत मना
0.60	eng-ukg-behind-front-s03.mp3	आता हे बघा.	अता हे बगा
0.60	evs-lkg-animal-babies-s04.mp3	ही मेंढी आहे.	ही मेडिया हे
0.60	hin-ukg-do-akshar-s11.mp3	बघा, ब, स.	बगा बग सर
0.60	hin-ukg-vyanjan-s12.mp3	हे ञ आहे.	हे नादिया आहे
0.60	math-lkg-lines-curves-s01.mp3	या रेषा बघा.	यारेशा बगा
0.60	math-lkg-lines-curves-s05.mp3	या रेषा बघा.	या रेशा बगा
0.60	math-nur-count-51-100-s59.mp3	आता म्हणा, अठ्ठ्याण्णव.	आता मणा अठेन्डो
0.60	math-nur-taller-shorter-s02.mp3	आणि हे झाड ठेंगणं आहे.	आईनी हे ज़ाड ठेंगना हे
0.61	eng-nur-domestic-animals-s09.mp3	आणि ही कोंबडी आहे. कोंबडी अंडी देते.	आणी ही कोंबडिया है
0.61	eng-nur-letters-p-t-s26.mp3	टी, टर्टल, म्हणजे कासव.	ती तर्टल मनजे कासर
0.61	math-lkg-open-close-s04.mp3	आणि हा दरवाजा उघडा आहे.	अनी हादरवाजा उगढा है
0.62	eng-lkg-two-letter-words-s05.mp3	बघा, यू आणि पी.	बगहा, यू आनी पी
0.62	math-nur-count-1-20-s07.mp3	आता म्हणा, सात.	आता मना साथ
0.62	math-nur-count-1-20-s14.mp3	आता म्हणा, चौदा.	अतमरा चौदा
0.62	eng-nur-alphabets-s44.mp3	हे छोटं ओ आहे.	हे छोडता हो आहे
0.62	eng-nur-bird-animal-sounds-owl.mp3	हे घुबड आहे. घुबड घू घू करतं.	हे गुबड़ा हे गुबड़ गुगु करता हुआ
0.62	eng-nur-letters-a-e-s20.mp3	डी चा आवाज, ड. माझ्यासोबत म्हणा.	डीच सा अवाज डुक्तर माझा सो बत्भना
0.62	eng-nur-letters-p-t-s24.mp3	टी चा आवाज, ट. माझ्यासोबत म्हणा.	तीचा आवाज तड़ माझा सोबद मना
0.62	eng-ukg-phonics-s08.mp3	एफ़ चा आवाज, फ़. माझ्यासोबत म्हणा.	F. चा आवाज, F. माचा सोबत मना
0.62	evs-lkg-body-parts-s03.mp3	हे केस आहेत.	हेग केई साहेट
0.62	evs-lkg-market-s08.mp3	आता म्हणा, वांगी.	अता मना वांगी
0.62	evs-ukg-snow-camp-s05.mp3	आणि बघा आपण काय बनवलं, स्नोमॅन!	आणी बगहा अपण काय बनो लगुद।
0.62	math-nur-count-1-20-s06.mp3	आता म्हणा, सहा.	अता मना, सहा
0.62	math-nur-count-1-20-s09.mp3	आता म्हणा, नऊ.	अतामना 9
0.62	math-nur-count-1-20-s12.mp3	आता म्हणा, बारा.	अतामना बारा
0.62	math-nur-count-21-50-s17.mp3	आता म्हणा, तेहतीस.	अतामना तेतीस
0.62	math-nur-one-many-s03.mp3	एक, आणि अनेक.	एक, अई अनी अईक
0.62	math-ukg-sub-single-s02.mp3	दोन काढून घ्या.	दोन काड़ूंग्या
0.63	eng-lkg-two-letter-words-s01.mp3	बघा, आई आणि एन.	बगा आई अनि एन
0.63	math-nur-count-21-50-s25.mp3	आता म्हणा, चाळीस.	अतम्हना चारीस
0.63	math-ukg-compare-numbers-s05.mp3	पाच आणि पाच बघा.	पाच अनी पाच बगा
0.63	eng-nur-letters-a-e-s09.mp3	बी, बनाना, म्हणजे केळं.	बी बनाना मरचे केड़ो
0.63	eng-ukg-behind-front-s01.mp3	इथे एक दगड आहे, आणि इथे एक कोंबडी.	इते एक दगड़ा है और इते एक कोम्री
0.63	math-nur-count-51-100-s28.mp3	आता म्हणा, बाहत्तर.	अताम्हना भात्तर
0.63	math-nur-count-51-100-s47.mp3	आता म्हणा, अठ्ठ्याऐंशी.	अताम्हना अठेशी
0.63	math-nur-count-51-100-s57.mp3	आता म्हणा, शहाण्णव.	आतामहना शहन्नो
0.64	school_about.mp3	ही आपली शाळा आहे. आपण इथे शिकायला आणि खेळायला येतो.	यी अपली शाडा हे अपन इथे शिकाला अणि खेलाला येतो
0.64	eng-lkg-two-letter-words-s12.mp3	मिळून होतो वी, म्हणजे आपण.	मिलून होतो, वी मनजयापन.
0.64	eng-nur-letters-u-z-s13.mp3	डब्ल्यू, व्हेल, म्हणजे देवमासा.	W, वेल, मनजे देव मसा
0.64	gk-ukg-sink-float-s03.mp3	अंडं बुडतं, ते तळाशी जातं.	अंडबुर्त टे तड़ाशी जाता
0.64	hin-lkg-khet-upar-niche-s03.mp3	मुळासुद्धा खालीच उगवतो.	मुरा सुध्धा खाली सुगोत।
0.64	hin-ukg-do-akshar-s02.mp3	मिळून बनतो नल, म्हणजे नळ.	मेरं बंतूनल, मर्जेनल
0.64	math-nur-count-51-100-s48.mp3	आता म्हणा, एकोणनव्वद.	अतमना एकॉन नवद
0.65	eng-ukg-phonics-s02.mp3	ए चा आवाज, ऐ. माझ्यासोबत म्हणा.	एच्चा आवाज, आय, माच्छा सोबत मना.
0.65	evs-lkg-body-parts-s04.mp3	हे डोळे आहेत. डोळ्यांनी आपण बघतो.	हे डोडे आहित, डोडे नियापन बक्तों
0.65	goat_about.mp3	ही शेळी आहे. शेळीला चढायला आवडते.	यह शेल यहे शेला चड़ाला अवडते
0.67	eng-lkg-three-letter-words-s01.mp3	बघा, सी, ए, टी.	बगा, सीए
0.67	eng-lkg-two-letter-words-s07.mp3	बघा, जी आणि ओ.	बगा जी अणी ओ
0.67	eng-nur-colors-s10.mp3	हा तपकिरी आहे.	हाथ अपकीरिया है
0.67	eng-nur-letters-k-o-s16.mp3	एम. माकड, आंबा.	एम माकर अमबा
0.67	hin-ukg-char-akshar-s05.mp3	बघा, न, ट, ख, ट.	बगान नौ टोटो
0.67	hin-ukg-do-akshar-s03.mp3	बघा, क, ल.	बगा क लगा
0.67	hin-ukg-do-akshar-s05.mp3	बघा, घ, र.	बगा घर र
0.67	hin-ukg-swar-s02.mp3	हे अ आहे. म्हणा, अ.	हे आहे महना आ
0.67	hin-ukg-swar-s04.mp3	हे इ आहे. म्हणा, इ.	यह इ आहे मना
0.67	hin-ukg-swar-s07.mp3	हे ऊ आहे. म्हणा, ऊ.	हे उआ हे महना
0.67	hin-ukg-vyanjan-s06.mp3	हे ङ आहे.	हेम नो आहे
0.67	hin-ukg-vyanjan-s08.mp3	हे च आहे.	हेच सा अहे
0.67	hin-ukg-vyanjan-s11.mp3	हे झ आहे.	हे जह आहे
0.67	math-nur-count-1-20-s05.mp3	आता म्हणा, पाच.	आता महना
0.67	math-nur-count-21-50-s26.mp3	एक्केचाळीस ते पंचेचाळीस.	21 ते 25 चाईस
0.67	math-nur-count-21-50-s29.mp3	आता म्हणा, त्रेचाळीस.	आताम्हना 23
0.67	math-nur-count-51-100-s39.mp3	आता म्हणा, एक्क्याऐंशी.	अता मना, एक्क्या इंशी
0.67	math-nur-count-51-100-s43.mp3	आता म्हणा, पंच्याऐंशी.	अतम हना पंचैंशी
0.67	math-nur-near-far-s01.mp3	हे झाड जवळ आहे.	हे ज़ाड जवला हे
0.67	math-nur-thick-thin-s01.mp3	हा जाड आहे.	हां जा रहे
0.67	eng-lkg-transport-types-s03.mp3	ही कार आहे.	इ, काराहे
0.67	eng-nur-alphabets-s13.mp3	हे मोठं ई आहे.	हे मोठ इया हे
0.67	eng-nur-alphabets-s14.mp3	हे छोटं ई आहे.	हे छोटा इया है
0.67	eng-nur-colors-s03.mp3	हा निळा आहे.	हां निराहे
0.67	eng-nur-colors-s09.mp3	हा गुलाबी आहे.	हा गुलाविया है
0.67	eng-nur-domestic-animals-s05.mp3	ही शेळी आहे.	ही शे या हे
0.67	eng-nur-letters-a-e-s02.mp3	ए चा आवाज, ऐ. माझ्यासोबत म्हणा.	एच्या अवाज अया माझा सोबत मना
0.67	eng-nur-letters-a-e-s29.mp3	ई, एग, म्हणजे अंडं.	E, एग मनजे अंडर
0.67	eng-nur-letters-f-j-s13.mp3	हे मोठं एच आहे.	हे मोठ़ ह है
0.67	eng-nur-letters-k-o-s25.mp3	ओ, आउल, म्हणजे घुबड.	ओ, आउल, मर्जे गुपड़
0.67	eng-nur-letters-p-t-s04.mp3	पी, पम्पकिन, म्हणजे भोपळा.	पी पंपकीन मनचे भुपडा
0.67	eng-nur-letters-u-z-s17.mp3	एक्स, ज़ाइलोफ़ोन, म्हणजे झायलोफोन.	X. जाइलोफोन मंजे जाइलोफोन
0.67	eng-nur-shapes-s03.mp3	हा चौरस आहे.	हां सवरस हे
0.67	eng-nur-wild-animals-s07.mp3	हा झेब्रा आहे.	हा अशेब रहे
0.67	evs-lkg-animal-babies-s10.mp3	ही कोंबडी आहे.	ही को मडिया है
0.67	evs-lkg-animal-food-s04.mp3	ही कोंबडी आहे.	ही कोंब्रिया हे
0.67	evs-lkg-animal-habitats-s02.mp3	ही चिमणी आहे.	की चिमनी आहे
0.67	evs-nur-good-habits-s05.mp3	आपण केस विंचरतो.	अपन केस विंसर तो
0.67	evs-ukg-national-symbols-s06.mp3	आंबा हे आपलं राष्ट्रीय फळ आहे.	अमबा हे अपल राश्ट्रीय फडाहे
0.67	gk-lkg-sports-equipment-s02.mp3	ही बॅट आहे.	यी बैटा है
0.67	hin-ukg-do-akshar-s01.mp3	बघा, न, ल.	बगा नौलब
0.67	hin-ukg-do-akshar-s07.mp3	बघा, ज, ल.	बगहा ज़ लो
0.67	hin-ukg-vyanjan-s14.mp3	हे ट आहे.	हेट अहेड
0.67	hin-ukg-vyanjan-s19.mp3	आता त वर्ग बघा.	अतातल वरग बगहा
0.67	hin-ukg-vyanjan-s38.mp3	हे ष आहे.	हे शव आहे
0.67	horse.mp3	हा घोडा आहे.	हां गोडा है
0.67	math-lkg-lines-curves-s03.mp3	ही आडवी रेषा आहे.	ही अडवीरेशा है
0.67	math-lkg-lines-curves-s04.mp3	ही तिरकी रेषा आहे.	की तिरकी रेशा है
0.67	math-lkg-lines-curves-s08.mp3	ही लहरी रेषा आहे.	ती लहरी रेशा हे
0.67	math-nur-count-21-50-s20.mp3	छत्तीस ते चाळीस.	सतीस ते चारीस
0.67	math-nur-count-21-50-s24.mp3	आता म्हणा, एकोणचाळीस.	आता महना एकोंचाईज
0.67	math-nur-count-51-100-s08.mp3	छप्पन्न ते साठ.	चपन्न तेसाच
0.67	math-nur-count-51-100-s37.mp3	आता म्हणा, ऐंशी.	आतामहना आइशी
0.67	math-nur-long-short-s02.mp3	आणि ही आखूड आहे.	अणी, ही अखुड़ा हे.
0.67	math-ukg-add-single-s09.mp3	तीन आणि चार मिळून सात.	तीन अणि चार मिलूं साथ
0.67	math-ukg-divide-single-s05.mp3	इथे बारा आहेत.	इते बारा हे
0.67	school_tour_s1.mp3	सगळीकडे बघा. ही आपली शाळा आणि जवळची घरं.	सग्लीकडे बगा, ही अपली शाडा अनी जवलची घर,
0.67	solar_system_s5.mp3	ही आपली पृथ्वी. निळं म्हणजे पाणी आणि पांढरं म्हणजे ढग.	ही अपली प्रुत्वी निल मनजे पाणी अणी पांडर मनजे ढग
0.68	evs-nur-festivals-s02.mp3	दिवाळी हा दिव्यांचा सण आहे. आपण पणत्या लावतो.	दिवाली हा दिव्यान सा सन हे, अपन पन त्या लावतों.
0.69	demo-snow-s01.mp3	हा बर्फ आहे. सगळं पांढरं आणि शांत आहे.	हाँ बर्फा है, सगल पांडर अनिशानता है
0.69	eng-lkg-three-letter-words-s10.mp3	मिळून होतो हेन, म्हणजे कोंबडी.	मिलून होतो हें मनजे कोमडी
0.69	eng-nur-birds-s02.mp3	हा कावळा आहे. कावळा काळा असतो.	हां कावडा है कावडा का रास्तो
0.69	eng-nur-letters-f-j-s14.mp3	एच चा आवाज, ह. माझ्यासोबत म्हणा.	एच्च चा आवाज, हाँ बाच्छा सोबत मोना
0.69	eng-nur-letters-k-o-s18.mp3	एन चा आवाज, न. माझ्यासोबत म्हणा.	एंच आवास नो, माचा सोबत मना।
0.69	eng-ukg-phonics-s18.mp3	ओ चा आवाज, ऑ. माझ्यासोबत म्हणा.	ओचा आवाज, ओम, माचा सोबत मना,
0.69	eng-ukg-phonics-s20.mp3	पी चा आवाज, प. माझ्यासोबत म्हणा.	पीचा आवाद्स, पो, माचा सोबत मुना
0.69	eng-ukg-phonics-s32.mp3	ज़ेड चा आवाज, ज़. माझ्यासोबत म्हणा.	जेड़ सा आवाज जसो बप महाल
0.69	evs-ukg-balloon-ride-s04.mp3	ढग अगदी आपल्या जवळ आहेत.	धग अगदी अपल्या जवळा वेल
0.69	evs-ukg-snow-camp-s02.mp3	हा आपला तंबू आहे. आपण यात झोपतो.	हाँ अपला तंबुआ हे अपनियाद सुप्तो
0.69	evs-ukg-states-india-s05.mp3	केरळमध्ये नारळाची खूप झाडं आहेत.	केरल मधे नारलाची खुब जाडा हेत।
0.69	math-lkg-more-less-same-s05.mp3	इथे तीन आहेत, आणि इथे तीन.	इते तीन आहेत और इते तीन
0.70	demo-sky-s02.mp3	ढग आपल्या जवळून जात आहेत. डोकं वळवून सगळीकडे बघा.	ढग आपल्या जवणून जाता हेत। दोकमलवून सगडिकले बगहा हाँ।
0.70	eng-nur-bird-animal-sounds-s02.mp3	कावळा कसा ओरडतो? त्याला शोधा आणि बघा.	कावला कसा ओरणतो त्याला शोधा और बगहा
0.70	eng-nur-letters-a-e-s28.mp3	ई, ईगल, म्हणजे गरुड.	इगल मनजे गरूड
0.70	eng-nur-letters-f-j-s16.mp3	एच, हॉर्स, म्हणजे घोडा.	H. हौर्स मनजे घोडा
0.70	evs-lkg-animal-habitats-s07.mp3	मधमाशी पोळ्यात राहते.	मदमाशी पुलात राते
0.70	evs-lkg-community-helpers-s01.mp3	हे आपले मदतनीस आहेत. हे सगळे आपल्याला मदत करतात.	हे अपले मदद ने साहेद, हे सगले अपलेला मदद करतार।
0.70	evs-ukg-farm-visit-sheep.mp3	ही मेंढी आहे. मेंढीच्या केसांपासून लोकर बनते.	की मेडिया है मेडिचा केसान पसुन लोकर बनते
0.70	evs-ukg-safe-touch-s07.mp3	विश्वासातली मोठी माणसं कोण? आई, बाबा, किंवा तुमच्या ताई.	विश्वा सतली मोठी मानस कोण? आई
0.70	evs-ukg-seasons-s03.mp3	पावसाळ्यात ढग येतात, आणि पाऊस पडतो.	पाउसार्यात धोगेतात अणि पाउस पड़तों
0.70	evs-ukg-serpentarium-s05.mp3	हा सरडा आहे. त्याला चार पाय आणि लांब शेपूट असतं.	पासरडा है त्यला चार पाय और लाम वर शेपू तस्त
0.70	math-lkg-half-whole-s02.mp3	आणि हे त्याचं अर्धं आहे.	अणी हे टाचा अर्धा है
0.70	math-nur-count-21-50-s27.mp3	आता म्हणा, एक्केचाळीस.	आता महना 21
0.70	math-nur-count-51-100-s03.mp3	आता म्हणा, एक्कावन्न.	अता मुणा एक्कावंद।
0.70	math-nur-count-51-100-s11.mp3	आता म्हणा, अठ्ठावन्न.	अता मना अठा वन्न
0.70	math-nur-count-51-100-s22.mp3	आता म्हणा, सदुसष्ट.	अता मना, सदूस अष्ट
0.70	math-nur-count-51-100-s36.mp3	आता म्हणा, एकोणऐंशी.	आताम हना एकको रेंशी
0.70	math-nur-count-51-100-s38.mp3	एक्क्याऐंशी ते पंच्याऐंशी.	एक्या इंशी पे पंच्या इंशी
0.70	math-nur-count-51-100-s42.mp3	आता म्हणा, चौऱ्याऐंशी.	आताम हना चौर्याइंशी
0.70	math-nur-count-51-100-s46.mp3	आता म्हणा, सत्त्याऐंशी.	अता मणा सत्याईशी
0.70	school_hall_s1.mp3	आता आपण शाळेच्या आत आहोत. हा पॅसेज आहे.	आता अपन शाले चाहता होत। हाँ पैसे जाहे।
0.71	evs-lkg-house-parts-s04.mp3	हा दरवाजा आहे. यातून आपण आत जातो.	हाद दर्वाजा हे या तुन अपड आज जातों
0.71	evs-lkg-market-s02.mp3	हे फळांचं दुकान आहे.	हे फ़यां सा दुका नहें
0.71	hin-ukg-vyanjan-s13.mp3	आता ट वर्ग बघा.	अताक्ट वर्गबगा
0.71	math-nur-count-51-100-s18.mp3	आता म्हणा, चौसष्ट.	अतामला चौसष्ट
0.71	eng-lkg-animal-products-s08.mp3	ही मधमाशी आहे.	ये मधमाशिया है
0.71	eng-lkg-months-year-s10.mp3	मग ऑक्टोबर.	माग अक्तोबर
0.71	eng-lkg-transport-types-s05.mp3	ही सायकल आहे.	इसाइकल आहे
0.71	eng-nur-alphabets-s21.mp3	जी, गोट, म्हणजे शेळी.	जी, गोट मनजे शेडी
0.71	eng-nur-alphabets-s34.mp3	हे मोठं एल आहे.	हे मोठ अई ला हे
0.71	eng-nur-letters-a-e-s04.mp3	ए, अॅंट, म्हणजे मुंगी.	ए एंट मनजे मुगी
0.71	eng-nur-letters-a-e-s08.mp3	बी चा आवाज, ब. माझ्यासोबत म्हणा.	बी सा आवाज बबा माच है सोबत महना
0.71	eng-nur-letters-a-e-s14.mp3	सी चा आवाज, क. माझ्यासोबत म्हणा.	सीच सा आवाज कप्रमाचा सोबत मना
0.71	eng-nur-letters-k-o-s06.mp3	हे मोठं एल आहे.	हे मुठ अई ला हे
0.71	eng-nur-letters-k-o-s13.mp3	एम चा आवाज, म. माझ्यासोबत म्हणा.	M चा आवाज माझा सोबत मना
0.71	eng-nur-letters-u-z-s16.mp3	एक्स चा आवाज, क्स. माझ्यासोबत म्हणा.	एक्स चा आवाज एश माझा सोबत बना
0.71	eng-nur-shapes-s04.mp3	हा त्रिकोण आहे.	हाथ त्रिकोना हे
0.71	eng-nur-wild-animals-s02.mp3	हा सिंह आहे. सिंह जंगलाचा राजा आहे.	हा सीमा है, सीमा जंगला सा राजा है
0.71	eng-ukg-phonics-s06.mp3	ई चा आवाज, ए. माझ्यासोबत म्हणा.	इचा आवाज एमाचा सोबत मना
0.71	eng-ukg-phonics-s09.mp3	जी चा आवाज, ग. माझ्यासोबत म्हणा.	जी चावाज गट माचा सोबत मना
0.71	eng-ukg-phonics-s10.mp3	एच चा आवाज, ह. माझ्यासोबत म्हणा.	एच चा आवास हो माच्छा सोबत मरा
0.71	evs-lkg-animal-food-s05.mp3	कोंबडी दाणे टिपते.	कोम्बडी डाने टिप्ते
0.71	evs-lkg-professions-s08.mp3	हे शेतकरी आहेत.	हे शेत करिया
0.71	evs-nur-good-habits-s03.mp3	जेवणाआधी आणि शौचानंतर आपण साबणाने हात धुतो.	जेवणा अधी और शवचान अंतर अपन साबणाने हाथ धुतों
0.71	evs-nur-rainbow-s02.mp3	मग ऊन पडलं.	मग उन पढला
0.71	evs-ukg-india-culture-s06.mp3	सणाला आपण अंगणात रांगोळी काढतो.	सणाला पड़ अंगनात रांगोली काड़तों
0.71	evs-ukg-national-symbols-s05.mp3	कमळ हे आपलं राष्ट्रीय फूल आहे.	कमर हे अपला राश्त्रिय फूला हे।
0.71	hin-lkg-khet-upar-niche-s07.mp3	आणि वांगंसुद्धा.	अणि वांग सुध्धा
0.71	hin-ukg-swar-s06.mp3	हे उ आहे. म्हणा, उ.	हे उआ हे मना
0.71	hin-ukg-swar-s12.mp3	हे ओ आहे. म्हणा, ओ.	हे ओ आहे मना
0.71	hin-ukg-teen-akshar-s10.mp3	मिळून बनतो चमक, म्हणजे चकाकी.	मिरुन बनतो समग, मनजे चका की
0.71	math-nur-count-1-20-s08.mp3	आता म्हणा, आठ.	अतम्हना आठ
0.71	math-nur-count-1-20-s19.mp3	आता म्हणा, एकोणीस.	आता मना एकोनीस
0.71	math-nur-count-1-20-s20.mp3	आता म्हणा, वीस.	अताम हो ला, वीस.
0.71	math-nur-count-21-50-s09.mp3	आता म्हणा, सव्वीस.	अतमना सववीस
0.71	math-nur-count-21-50-s23.mp3	आता म्हणा, अडतीस.	आता मना अरतीस
0.71	math-nur-count-51-100-s04.mp3	आता म्हणा, बावन्न.	आतामडा बावद्नौ
0.71	math-nur-count-51-100-s13.mp3	आता म्हणा, साठ.	आतामहना साथ
0.71	math-nur-count-51-100-s25.mp3	आता म्हणा, सत्तर.	अतामणा सक्तर
0.71	math-nur-count-51-100-s45.mp3	आता म्हणा, शहाऐंशी.	अतामहना शहेंशी
0.71	math-nur-count-51-100-s49.mp3	आता म्हणा, नव्वद.	आटा मुणा नववत
0.71	math-nur-count-51-100-s56.mp3	शहाण्णव ते शंभर.	शहन्नो तेशंभर
0.71	math-ukg-sub-single-s05.mp3	तीन काढून घ्या.	तीन कारून ज्या
0.71	evs-lkg-market-s04.mp3	आता म्हणा, केळी.	आताम्हना केई
0.71	evs-lkg-market-s09.mp3	आणि कोबी मिळतो.	आणी कोभी मिरतो
0.71	hin-ukg-swar-s03.mp3	हे आ आहे. म्हणा, आ.	हे आहे मना आ
0.71	math-nur-taller-shorter-s01.mp3	हे झाड उंच आहे.	हे जाड उन्चा हे
0.72	eng-lkg-two-letter-words-s04.mp3	मिळून होतो ऑन, म्हणजे वर.	मिलून होतो ओन मर्जेवर
0.72	evs-nur-school-visit-s01.mp3	ही आपली शाळा आहे. सगळीकडे बघा. तुम्हाला काय काय दिसतं?	की अपली शारा है सगीकडे बगां तुम्हाला काई काई दिस्तो
0.72	math-lkg-lines-curves-s06.mp3	ही नागमोडी, झिगझॅग रेषा आहे.	ही नागमोडी जिगजैग रेशा है
0.72	math-lkg-more-less-same-s06.mp3	लाल आणि निळे सारखेच आहेत.	लाल अनी निले सार्खे चाहेत।
0.72	math-lkg-open-close-s02.mp3	हे फाटक उघडं आहे. आता रस्ता मोकळा आहे.	हे फातक उगडा है अता रस्ता मुकडा है
0.72	math-lkg-opposites-s04.mp3	आणि हे आखूड, लांबच्या उलट.	अणि हे अखुड लाम चा उलट
0.72	math-nur-thick-thin-s02.mp3	आणि हा बारीक आहे. दोन्ही सारखेच लांब आहेत.	अई हां बारी का है दोनी सर्ख इसलाम बाहेत।
0.73	eng-nur-colors-s04.mp3	हा पिवळा आहे.	हा पिवला हे
0.73	eng-nur-colors-s08.mp3	हा जांभळा आहे.	हाजाम भाहे
0.73	eng-lkg-transport-types-s15.mp3	हे रॉकेट आहे.	हे रोके दा हे
0.73	eng-nur-colors-s06.mp3	हे रंग बघा.	हे द्रंग बखा
0.73	eng-nur-letters-a-e-s25.mp3	हे मोठं ई आहे.	हे मोठ या हे
0.73	eng-nur-letters-f-j-s08.mp3	जी चा आवाज, ग. माझ्यासोबत म्हणा.	जीचा आवाज गल महजा सोबत मना
0.73	eng-nur-letters-f-j-s20.mp3	आई चा आवाज, इ. माझ्यासोबत म्हणा.	आईचा आवाच ए माचा सोबत महाँ
0.73	eng-nur-letters-k-o-s19.mp3	एन, नेस्ट, म्हणजे घरटं.	N. निस्ट मनजे घर्ट
0.73	eng-nur-vegetables-s01.mp3	या भाज्या बघा.	या भाजा बगा
0.73	eng-nur-vegetables-s04.mp3	हा कांदा आहे.	हाक आन्दा हे
0.73	eng-nur-vegetables-s06.mp3	या भाज्या बघा.	या भाजा बगा
0.73	eng-nur-vegetables-s10.mp3	हा भोपळा आहे.	हा भोपडा है
0.73	eng-ukg-phonics-s05.mp3	डी चा आवाज, ड. माझ्यासोबत म्हणा.	डीच सा आवाज, डॉक्तर माशा सोबत महना
0.73	eng-ukg-phonics-s16.mp3	एम चा आवाज, म. माझ्यासोबत म्हणा.	M चा आवाज मम माझा सोबत मना
0.73	eng-ukg-phonics-s29.mp3	एक्स चा आवाज, क्स. माझ्यासोबत म्हणा.	X चा आवाज किस माजा सोबत महना
0.73	eng-ukg-phonics-s30.mp3	वाई चा आवाज, य. माझ्यासोबत म्हणा.	वाई सा आवाज ये माचा सोबत मना
0.73	evs-lkg-animal-habitats-s03.mp3	चिमणी घरट्यात राहते.	शीमली घर त्यात रहते
0.73	evs-nur-festivals-s01.mp3	सण म्हणजे आनंदाचे दिवस. आपण सगळे मिळून सण साजरे करतो.	सर्ण मंचे अनंदाचे दीवस. अपन सगले मिलून सर्ण साजरे करतो.
0.73	evs-ukg-balloon-ride-s01.mp3	आपण गरम हवेच्या फुग्यात आहोत. टोपलीच्या कडेवरून खाली बघा.	अपन गरम हवे चा फोग्याता होद, तोपली चा कडे वरून पाहरी बगा,
0.73	hin-lkg-sabji-rang-s09.mp3	हा कोबी आहे.	हाग को भी आहे
0.73	hin-ukg-char-akshar-s03.mp3	बघा, ब, र, ग, द.	बगा बरगो
0.73	hin-ukg-teen-akshar-s02.mp3	मिळून बनतो कमल, म्हणजे कमळ.	मिल बनतो कमल, मनजे कमण
0.73	math-nur-count-51-100-s29.mp3	आता म्हणा, त्र्याहत्तर.	पतमना त्रहत्तर
0.73	math-nur-count-51-100-s31.mp3	आता म्हणा, पंच्याहत्तर.	अतामना पंचाहत्तर
0.73	math-nur-count-51-100-s51.mp3	आता म्हणा, एक्क्याण्णव.	आता महना एक्याण नौ
0.73	math-nur-one-many-s01.mp3	इथे एक आहे.	इते एका हे
0.73	math-nur-taller-shorter-s04.mp3	हे जास्त उंच आहे. हे जास्त ठेंगणं आहे.	हे जास तो उन्सा हे, हे जास तो फेंगना हे
0.74	eng-lkg-two-letter-words-s11.mp3	बघा, डब्ल्यू आणि ई.	बगहा डबल्यू आणि ए
0.74	eng-nur-alphabets-s12.mp3	डी, डॉग, म्हणजे कुत्रा.	D. डॉग मनजे कुत्रा
0.74	math-nur-count-21-50-s33.mp3	आता म्हणा, सेहेचाळीस.	आता मना सेहेचाईस
0.74	math-nur-count-51-100-s53.mp3	आता म्हणा, त्र्याण्णव.	आता मणा त्रेन्णों
0.74	eng-lkg-two-letter-words-s06.mp3	मिळून होतो अप, म्हणजे वरती.	मिड़ुन होतो अब मनजे वरती
0.74	eng-nur-alphabets-s06.mp3	बी, बनाना, म्हणजे केळं.	बी बनाना मनजे केल
0.74	eng-nur-letters-a-e-s16.mp3	सी, क्रो, म्हणजे कावळा.	सी, क्रो, मनजे कावडा
0.74	eng-nur-letters-p-t-s19.mp3	एस, शीप, म्हणजे मेंढी.	एस, शीप, मनजे मेधी
0.74	eng-ukg-phonics-s13.mp3	आता ही अक्षरं बघा.	अताही अक्षर बग्हा
0.74	evs-lkg-house-parts-s06.mp3	आणि या पायऱ्या आहेत.	आणिया पाईर्याहेत
0.74	evs-nur-festivals-s06.mp3	नाताळला आपण ख्रिसमस ट्री सजवतो.	नाताला अपन क्रीसमस त्री सजवतो
0.74	evs-nur-school-visit-s02.mp3	शाळेची मोठी इमारत बघा. आपण इथे शिकायला आणि खेळायला येतो.	शालेची मोठी इमारत बगा अपनी थे शिकायला अणी खेला लायतो
0.74	hin-lkg-khet-upar-niche-s05.mp3	टोमॅटो जमिनीच्या वर उगवतो.	तो मेतो जा मिनी चा वर उगल तो.
0.74	math-lkg-wet-dry-s06.mp3	ऊन पडलं आहे. उन्हात वस्तू वाळतात.	उन पडला हे, उनहात वस्तु वालकाथ
0.74	math-nur-count-21-50-s12.mp3	आता म्हणा, एकोणतीस.	आता महना एकोंटीस
0.74	math-nur-count-21-50-s31.mp3	आता म्हणा, पंचेचाळीस.	आता महना 25
0.74	math-nur-count-51-100-s09.mp3	आता म्हणा, छप्पन्न.	आता मना चपपन्न
0.74	math-nur-count-51-100-s12.mp3	आता म्हणा, एकोणसाठ.	आता महना एकों साथ
0.74	math-nur-count-51-100-s23.mp3	आता म्हणा, अडुसष्ट.	अता मुना अडु सष्ट
0.74	playground_s4.mp3	वाळूचा खड्डा खणण्यासाठी आहे. आता आत परत जाऊ या.	बालूचा खड़ा खण्या साथी आहे आता आत परद जवया
0.75	chem_lab_s3.mp3	स्टँडमधल्या उंच नळ्यांना परीक्षानळी म्हणतात.	स्टैंड मदल्या उन्स नयान ना परिक्ष नणी मनतात।
0.75	demo-home-s01.mp3	हे घर आहे. आपण इथे राहतो.	ये घरा है आपनी थे रहतो
0.75	demo-water-s01.mp3	हे तळं आहे. पाणी हलताना बघा.	तरहे पाणी हलता न बगा
0.75	eng-lkg-two-letter-words-s09.mp3	बघा, एन आणि ओ.	बगहाम एन आणि ओ
0.75	eng-nur-alphabets-s63.mp3	यू, अम्ब्रेला, म्हणजे छत्री.	यू अंब्रेला मर्जे चत्री
0.75	eng-nur-letters-a-e-s27.mp3	ई, एलिफ़ेंट, म्हणजे हत्ती.	इए एलिफेंट मनजे हत्ती
0.75	eng-nur-letters-u-z-s03.mp3	यू, अम्ब्रेला, म्हणजे छत्री.	यू, अंब्रेला, मनजे चत्री
0.75	eng-nur-letters-u-z-s04.mp3	यू. छत्री.	यू, चत्री
0.75	eng-ukg-behind-front-s02.mp3	कोंबडी दगडाच्या पुढे आहे.	कोंब्री दगडाचा पुरहे आहे
0.75	evs-lkg-professions-s07.mp3	पोस्टमन पत्रं आणतात.	पोस्ट मन पत्र अनतार
0.75	evs-nur-festivals-s03.mp3	आणि अंगणात रांगोळी काढतो.	आणि अंगनात रांगोली करतो
0.75	evs-nur-festivals-s08.mp3	ईदला आपण चंद्र बघतो, आणि सगळ्यांना ईद मुबारक म्हणतो.	इदला पड़ चंद्रबक्तो अणि सग्लयान इद मुबारक मुणतो
0.75	evs-nur-rainbow-s03.mp3	आणि बघा, इंद्रधनुष्य!	आईनी बगहा इंद्रधनुष्य
0.75	evs-ukg-balloon-ride-s05.mp3	आणि वर सूर्य चमकतो आहे.	अनिवर सूरिय चमकतों
0.75	evs-ukg-plant-parts-s07.mp3	रोपाला वाढण्यासाठी पाणी, ऊन आणि हवा लागते.	रोपालावा ड्न्यासाथी पाणी उन अणी हवा लगते।
0.75	evs-ukg-seasons-s01.mp3	दरवर्षी तीन ऋतू येतात, उन्हाळा, पावसाळा आणि हिवाळा.	दर्वर्शी तीन रुत्तु येतात उन्हाला, पावसाला अणी हिवाला.
0.75	gk-ukg-sink-float-s01.mp3	हा पाण्याचा टब आहे. बघूया काय तरंगतं आणि काय बुडतं.	हाँ पान्याचा तब आहे बगुया काई तरंगत आणी काई वुडत आ
0.75	hin-lkg-sabji-rang-s06.mp3	वांगं जांभळं असतं.	वांग जांब्ण अस्त
0.75	hin-lkg-sabji-rang-s08.mp3	मका पिवळा असतो.	मकाप पिवलास तो
0.75	hin-ukg-do-akshar-s09.mp3	बघा, म, न.	बगा म न
0.75	hin-ukg-vyanjan-s16.mp3	हे ड आहे.	हे दो आहे
0.75	hin-ukg-vyanjan-s17.mp3	हे ढ आहे.	हे धोआ हे
0.75	hin-ukg-vyanjan-s18.mp3	हे ण आहे.	हे न आहे
0.75	hin-ukg-vyanjan-s21.mp3	हे थ आहे.	हे थो अहे
0.75	hin-ukg-vyanjan-s26.mp3	हे प आहे.	हे पवाँ हे
0.75	hin-ukg-vyanjan-s27.mp3	हे फ आहे.	हे फो अहे
0.75	hin-ukg-vyanjan-s37.mp3	हे श आहे.	थेशो आहे
0.75	math-lkg-opposites-s03.mp3	हे लांब आहे.	हे लांब
0.75	math-nur-count-1-20-s11.mp3	आता म्हणा, अकरा.	अतामहना अक्रा
0.75	math-nur-count-21-50-s05.mp3	आता म्हणा, तेवीस.	अताम्हना तेवीस
0.75	math-nur-count-51-100-s24.mp3	आता म्हणा, एकोणसत्तर.	अता महना एकोन सत्तर
0.75	math-nur-count-51-100-s30.mp3	आता म्हणा, चौऱ्याहत्तर.	अता मणा चवर्याहत्तर
0.75	math-ukg-compare-numbers-s01.mp3	सात आणि तीन बघा.	साथ आणि तीन बगा
0.76	eng-ukg-phonics-s17.mp3	एन चा आवाज, न. माझ्यासोबत म्हणा.	एंचा अवाजन माचा सोबत मणा
0.76	eng-lkg-animal-products-s03.mp3	गाय आपल्याला दूध देते.	गाय अपलेला दूथ देते
0.76	eng-lkg-hot-cold-s01.mp3	चहा गरम आहे. सांभाळून!	चहा गरम अहे संभलूं
0.76	eng-lkg-myself-s05.mp3	हे माझं घर आहे. मी माझ्या कुटुंबासोबत इथे राहते.	हे माजा घरा है मी माजा कुटुम्बा सोबत इते राते
0.76	eng-lkg-two-letter-words-s08.mp3	मिळून होतो गो, म्हणजे जा.	मिरुन होतो गो मनजे जा
0.76	eng-nur-alphabets-s33.mp3	के, काइट, म्हणजे पतंग.	के काईट मनजे पतंग
0.76	eng-nur-alphabets-s36.mp3	एल, लायन, म्हणजे सिंह.	इल लायन मंजे सीम हो
0.76	eng-nur-alphabets-s45.mp3	ओ, ऑरेंज, म्हणजे संत्रं.	ओ, ओरेंज, मर्जे संत्र
0.76	eng-nur-alphabets-s48.mp3	पी, पॅरट, म्हणजे पोपट.	P. पैरट मनजे पोपट
0.76	eng-nur-alphabets-s60.mp3	टी, टाइगर, म्हणजे वाघ.	टी टाइगर मनजे वाग
0.76	eng-nur-letters-k-o-s04.mp3	के, काइट, म्हणजे पतंग.	के काईट मनजे पतंग
0.76	eng-nur-letters-k-o-s26.mp3	ओ, अनियन, म्हणजे कांदा.	ओ, अनियन, मनचे कांदा
0.76	eng-nur-letters-p-t-s21.mp3	एस, शिप, म्हणजे जहाज.	ईस शीप मंजेज जहाज
0.76	eng-nur-letters-p-t-s25.mp3	टी, टाइगर, म्हणजे वाघ.	टी टाइगर मनजे वाग
0.76	eng-nur-letters-u-z-s02.mp3	यू चा आवाज, अ. माझ्यासोबत म्हणा.	यूच्चा आवाज, अमाचा सोबत मना
0.76	eng-ukg-phonics-s03.mp3	बी चा आवाज, ब. माझ्यासोबत म्हणा.	बीचावाज ब माच्छा सुबत महना
0.76	eng-ukg-phonics-s12.mp3	जे चा आवाज, ज. माझ्यासोबत म्हणा.	जेच सा आवाज ज़ माचा सोबत मना
0.76	eng-ukg-phonics-s27.mp3	वी चा आवाज, व. माझ्यासोबत म्हणा.	वीचा आवाज व माच्छा सोबत मना
0.76	evs-lkg-body-parts-s06.mp3	हे नाक आहे. नाकाने आपण वास घेतो.	हे नाका हे नाका ने अपन वास्गेतो
0.76	evs-lkg-professions-s03.mp3	डॉक्टर स्टेथोस्कोपने आपल्या हृदयाचे ठोके ऐकतात.	डॉक्तर स्टेथोस्कोप ने अपल्या रुधयाचे ठोके एक ताट
0.76	evs-nur-good-habits-s08.mp3	आपण मोठ्यांना नमस्कार करतो, आणि म्हणतो, कृपया, आणि धन्यवाद.	अपन मोठ्याना नमस्कार करतो और निमहंतों कुरुपया और धन्यवाद।
0.76	evs-nur-rainbow-s05.mp3	निळा, पारवा आणि जांभळा.	निडा, पारवा अणी जामभळा
0.76	evs-ukg-balloon-ride-s03.mp3	बघा, तिकडे आणखी एक फुगा उडतो आहे.	बगा तिकडे आनिकी एक फुगा उड़त्वा है।
0.76	evs-ukg-farm-visit-goat.mp3	ही शेळी आहे. शेळी पानं खाते आणि दूध देते.	ही शेली आहे, शेली पान खाते अणी दूध तेते
0.76	evs-ukg-flowers-s04.mp3	हा झेंडू आहे. झेंडूच्या फुलांचे हार बनवतात.	हा जेंडु आहे जेंडु चा फुलान से हार बनो तात।
0.76	math-nur-count-21-50-s35.mp3	आता म्हणा, अठ्ठेचाळीस.	आता महना अठेचाईस
0.76	math-nur-count-51-100-s58.mp3	आता म्हणा, सत्त्याण्णव.	आतामणा सत्तन्व
0.76	math-nur-taller-shorter-s03.mp3	आता हे बघा. यांपैकी जास्त उंच कोणतं?	अता हे बगहा यांपै की जास्त उन्स कोणतों।
0.76	eng-nur-letters-k-o-s24.mp3	ओ, ऑरेंज, म्हणजे संत्रं.	O, ओरेंज, मनजे संत्र
0.76	math-nur-count-21-50-s34.mp3	आता म्हणा, सत्तेचाळीस.	आता महना 27
0.77	eng-nur-alphabets-s25.mp3	हे मोठं आई आहे.	हे मोठा आया हे
0.77	eng-nur-alphabets-s66.mp3	वी, वायलिन, म्हणजे व्हायोलिन.	V. वायलीन, मनजे वायोलीन
0.77	eng-nur-letters-k-o-s20.mp3	एन, नर्स, म्हणजे परिचारिका.	N. नर्स मरजे परिचारी का
0.77	eng-nur-letters-u-z-s07.mp3	वी, वायलिन, म्हणजे व्हायोलिन.	V. वाइलीन, मंजेव हयोलीन
0.77	math-nur-count-1-20-s02.mp3	आता म्हणा, दोन.	अतम हा, दोन
0.77	cow_about.mp3	ही गाय आहे. गाय आपल्याला दूध देते.	की गाया है? गाय आपलेला दूद देते हैं.
0.77	eng-nur-alphabets-s08.mp3	हे छोटं सी आहे.	एक छोटा सी आहे
0.77	eng-nur-alphabets-s11.mp3	हे छोटं डी आहे.	हे छोटव डिया है
0.77	eng-nur-alphabets-s31.mp3	हे मोठं के आहे.	हे मोथर के आ हे
0.77	eng-nur-alphabets-s35.mp3	हे छोटं एल आहे.	ते छोट एला है
0.77	eng-nur-alphabets-s38.mp3	हे छोटं एम आहे.	हे छोटा M आहें
0.77	eng-nur-alphabets-s46.mp3	हे मोठं पी आहे.	हे मोठक पी या है
0.77	eng-nur-birds-s06.mp3	हा मोर आहे. मोर आपला राष्ट्रीय पक्षी आहे.	हा मोरा है, मोर अपला राश्त्रिय पक्षिया है
0.77	eng-nur-colors-check-s01.mp3	निळा कोणता? त्याला स्पर्श करा.	निरा कोंता, कालास परशकरा
0.77	eng-nur-letters-f-j-s19.mp3	हे मोठं आई आहे.	हे मोठा आया है
0.77	eng-nur-letters-u-z-s19.mp3	हे मोठं वाई आहे.	हे मोठो वाया है
0.77	eng-nur-shapes-s01.mp3	हे आकार बघा.	हे आकार बगहा
0.77	eng-nur-shapes-s02.mp3	हे वर्तुळ आहे.	हे वर्तूरा हे
0.77	eng-nur-shapes-s06.mp3	हे आकार बघा.	हे ए आकारबगा
0.77	eng-nur-wild-animal-traits-s07.mp3	कांगारू आपल्या पिल्लाला पोटाच्या पिशवीत ठेवतो.	कांगारू अपल्या पिल्लाला पोटाचर पिश्वीट थेऊतो।
0.77	eng-ukg-phonics-s15.mp3	एल चा आवाज, ल. माझ्यासोबत म्हणा.	एल्चा आवाज, लमाच्छा सोबत मना
0.77	evs-lkg-body-parts-s11.mp3	ही पावलं आहेत.	ही पाउला हेत
0.77	evs-nur-good-habits-s04.mp3	आपण रोज आंघोळ करतो आणि टॉवेलने अंग पुसतो.	अपन रोज आंगोल करतो अणि टौवलने अंग पुस्तो
0.77	evs-ukg-india-culture-s08.mp3	आपण वेगवेगळे आहोत, तरीही आपण सगळे एक आहोत. आपण सगळे भारतीय आहोत.	अपन वेग विगळे आहोत, तरी ही अपन सग्ले एक आहोत, अपन सग्ले भारती आहोत.
0.77	gk-lkg-sports-equipment-s09.mp3	हॉकी स्टिक आणि चेंडूने खेळतात. हॉकी हा आपला राष्ट्रीय खेळ आहे.	होकी स्टीक अणी चेंडू निखेरतात होकी हां अपला राश्त्रिय खेरा है
0.77	hin-ukg-do-akshar-s04.mp3	मिळून बनतो कल, म्हणजे काल.	मिरुन, बंतोकल, मनजे काल
0.77	hin-ukg-do-akshar-s06.mp3	मिळून बनतो घर, म्हणजे घर.	मिलूं बनतो घर, मनजे घर
0.77	hin-ukg-do-akshar-s08.mp3	मिळून बनतो जल, म्हणजे पाणी.	मिलुन बंत जल मन जे पाणी
0.77	hin-ukg-do-akshar-s10.mp3	मिळून बनतो मन, म्हणजे मन.	मिलूं बन्तो मन, मन जे मन
0.77	hin-ukg-do-akshar-s12.mp3	मिळून बनतो बस, म्हणजे बस.	मिलून बंतो, बस, मरजे बस
0.77	hin-ukg-matra-s06.mp3	ही ई मात्रा आहे.	ही इ मत्रा हे
0.77	hin-ukg-matra-s10.mp3	ही ए मात्रा आहे.	की ए मत्रा हें
0.77	hin-ukg-matra-s12.mp3	ही ओ मात्रा आहे.	ही ओूमा ट्राहे
0.77	math-lkg-lines-curves-s02.mp3	ही उभी रेषा आहे.	ही उभीरेशा है
0.77	math-lkg-wet-dry-s03.mp3	या टबात पाणी आहे. तो आतून ओला आहे.	यातबात पाणिया है तो आतुन उला है
0.77	math-nur-count-1-20-s03.mp3	आता म्हणा, तीन.	अतामणा तीन
0.77	math-nur-count-1-20-s04.mp3	आता म्हणा, चार.	आतामना चार
0.77	math-nur-count-21-50-s13.mp3	आता म्हणा, तीस.	आता मना तीस
0.77	math-ukg-divide-single-s01.mp3	इथे सहा आहेत.	इते सहाहेत
0.77	math-ukg-sub-double-s04.mp3	अठरा वजा सहा म्हणजे बारा.	अट्रा वजया सहा मनजे बारा
0.77	physics_lab_s1.mp3	ही भौतिकशास्त्राची प्रयोगशाळा आहे. इथे वस्तू कशा हलतात ते शिकतो.	इत्वे भौतिक शास्त्राची प्रयोक्षाया है इत्वे वस्तु कशा हलता ते शिक्तों
0.77	solar_system_s2.mp3	आता जवळ या. हा सूर्य आहे. तोच आपल्याला प्रकाश आणि उष्णता देतो.	आता जवल्या हा सूर्या है तोज अपल्याना प्रकाश अणि उश्णत आदेतों
0.78	math-nur-count-51-100-s40.mp3	आता म्हणा, ब्याऐंशी.	आता महना ब्याइशी
0.78	eng-lkg-myself-s04.mp3	हा माझा भाऊ राजू आहे.	हामाजाभाव राजुआ हे
0.78	eng-lkg-two-letter-words-s10.mp3	मिळून होतो नो, म्हणजे नाही.	मिरून होतों नो मनजे नाही।
0.78	eng-nur-alphabets-s78.mp3	ज़ेड, ज़ेबरा, म्हणजे झेब्रा.	जेड, जेब्रा, मनजे जेब्रा,
0.78	eng-nur-letters-f-j-s12.mp3	जी. बकरी, जिराफ, टोळ.	जी बकरी, जिराफ, तोल,
0.78	eng-nur-letters-u-z-s26.mp3	ज़ेड, ज़ेबरा, म्हणजे झेब्रा.	जेड जेबरा मनजे जेबरा
0.78	eng-nur-wild-animal-traits-s05.mp3	सिंहाच्या मानेभोवती दाट केस असतात. त्याला आयाळ म्हणतात.	सिवाचा माने भहुती दाट के सस्तात, त्याला आया अल्मनतात.
0.78	eng-ukg-phonics-s07.mp3	आता ही अक्षरं बघा.	अताही अक्षरबगा
0.78	evs-lkg-animal-babies-s01.mp3	प्रत्येक प्राण्याला पिल्लू असतं. बघूया, कोणाचं पिल्लू कोणतं.	प्रतीक प्राण्याला पिल्लू असत बगुया कोणाच पिल्लू कोणत बगुया कोणाच पिल्लू कोणत
0.78	evs-lkg-animal-footprints-s02.mp3	हे गायीने उमटवले!	हे गाई ने उम्तवले
0.78	evs-nur-good-habits-s02.mp3	आपण रोज सकाळी आणि रात्री दात घासतो.	आपन रोज सकाली अनिरात्री दात घास्तों
0.78	evs-nur-good-habits-s06.mp3	आपण फळं आणि भाज्या खातो.	आपन फड आणि भाजा खातों
0.78	evs-ukg-dinosaur-park-s01.mp3	हे डायनासोर पार्क आहे. हे डायनासोरचे पुतळे आहेत, ते खरे नाहीत. डायनासोर खूप, खूप वर्षांपूर्वी होते. आज एकही डायनासोर जिवंत नाही.	ये डाइनासोर पार का है, ये डाइनासोर चे पुतल्य हैत, ते खरे नाहीत, डाइनासोर खुब खुब पर्शान पुर्वी होते, आज एक ही डाइनासोर जिवनत नाही।
0.78	evs-ukg-dinosaur-park-s03.mp3	हा ट्रायसेराटॉप्स आहे. त्याला तीन शिंगं होती. तो झाडंझुडपं खायचा.	हाट ट्रायसेरा टॉपसा हे, त्याला टीम शिंग होती, तो जाडन जुडप खाईचा,
0.78	evs-ukg-farm-visit-s01.mp3	आपण शेतावर आलो आहोत. सगळीकडे बघा. एखाद्या प्राण्याकडे बघा, आणि तो स्वतःबद्दल सांगेल.	आपन शेतावर आलो आहोत सग एकड़े बगहा एका द्या प्राणया कड़े बगहा अणि तो अणि तो हा बदल सांगेल
0.78	evs-ukg-germination-s05.mp3	ऊन आणि पाणी मिळालं की ते मोठं झाड बनतं.	उन अणी पाणी मिलाला कि ते मोठ जाड बनता।
0.78	evs-ukg-national-symbols-s07.mp3	आणि वड हा आपला राष्ट्रीय वृक्ष आहे.	अनिवड हा अपला राष्ट्रिय वरुक्षा है।
0.78	evs-ukg-national-symbols-s08.mp3	राष्ट्रगीत वाजतं, तेव्हा आपण सरळ उभे राहतो. जय हिंद!	राश्ट्रगीत वाच्त तेवापन सरल उभेरातो जय हिंद
0.78	evs-ukg-river-crossing-s01.mp3	ही नदी आहे. नदीत पाणी वाहतं. आपल्याला नदीच्या पलीकडे जायचं आहे.	ही नदी आहे नदित पाणी वात अपलाला नदी चा पली के रे जाईल सा हे
0.78	hin-ukg-char-akshar-s04.mp3	मिळून बनतो बरगद, म्हणजे वडाचं झाड.	मिलून बंतो बर्गद मनजे वडाचा जाड़
0.78	hin-ukg-vyanjan-s01.mp3	आता क वर्ग बघा.	आता कव वर्ग बगहा
0.78	math-lkg-same-different-s02.mp3	तीन सारखे आहेत. एक वेगळा आहे. वेगळ्याला स्पर्श करा.	तीन सर्ख्याहेत एक वेगड़ा है वेगड़ा असपर्शकरा हो।
0.78	math-nur-count-21-50-s03.mp3	आता म्हणा, एकवीस.	अता महना 21.
0.78	math-nur-count-21-50-s28.mp3	आता म्हणा, बेचाळीस.	आता महना बेचारीस
0.78	math-nur-count-51-100-s16.mp3	आता म्हणा, बासष्ट.	आतामणा बासश्टव
0.78	math-nur-count-51-100-s44.mp3	शहाऐंशी ते नव्वद.	शहाईशी तेनववत
0.78	math-ukg-sub-double-s06.mp3	तीस वजा दहा म्हणजे वीस.	तीस वजा तहा मनजे वीस
0.79	eng-nur-alphabets-s75.mp3	वाई, यार्न, म्हणजे लोकरीचा गोळा.	वाई याल्न मंजे लोकरीचा गोला
0.79	demo-peacock-s01.mp3	चार मोर. काढलेला, ट्रिपो, मेशी, स्केचफॅब. शेवटचे तीन चालतात.	चार मोर काडहेला, ट्रिपो, मेशी, स्केच फैब, शेवड से तीन साल तार।
0.79	eng-lkg-animal-sound-names-s02.mp3	गाय हंबरते. शेळी बें बें करते.	गाई हमबरते, शेई बेमबे करते,
0.79	eng-lkg-days-week-s01.mp3	आठवड्यात सात दिवस असतात. पहिला सोमवार.	अठोड़यात साथ दिवस अस्ताद पहिला सोववार
0.79	eng-nur-domestic-animals-s06.mp3	ही मेंढी आहे. मेंढी आपल्याला लोकर देते.	ही मेंधिया है, मेंधि आपलाला लोकर देते
0.79	eng-nur-elephant-story-s03.mp3	अप्पूने आपल्या मित्राला, माकडाला विचारलं, पाणी कुठे आहे? माकड म्हणालं, तळं त्या बाजूला आहे!	अप्पुने अपल्या मित्राला माकडाला विचारला पाणी कुठेया हे माकड मनाला तड़
0.79	eng-nur-letters-a-e-s26.mp3	ई चा आवाज, ए. माझ्यासोबत म्हणा.	इचा आवाज ए माझा सोबत मना
0.79	eng-nur-letters-f-j-s26.mp3	जे चा आवाज, ज. माझ्यासोबत म्हणा.	जेचा आवाज ज़ माचा सोबत मना
0.79	eng-nur-letters-p-t-s02.mp3	पी चा आवाज, प. माझ्यासोबत म्हणा.	पीचा आवाज प माचा सोबत मना
0.79	eng-nur-water-animals-s08.mp3	हा तारामासा आहे. तो ताऱ्यासारखा दिसतो.	हा तारा मसा है तो कार्या सर्खविस्तो
0.79	evs-lkg-special-vehicles-s05.mp3	ही शाळेची बस आहे. ती मुलांना शाळेत नेते.	ही शारेची बसा है ती मुलाना शारेच नेते
0.79	evs-nur-festivals-s05.mp3	होळी हा रंगांचा सण आहे. आपण एकमेकांना गुलाल लावतो.	कोई हा रंगान सा सणा है आपन एक मेकान गुलाल लावतो।
0.79	evs-ukg-dinosaur-park-s11.mp3	डायनासोरबद्दल आपल्याला त्यांच्या हाडांवरून कळलं, जी जमिनीखाली सापडली.	डायनासोर बदल अपलेला तैंचा हाडानवरूं कल्ल जे सामिली सापडली
0.79	evs-ukg-safe-touch-s02.mp3	काही स्पर्श छान वाटतात, जसं आईने जवळ घेणं, किंवा रस्ता ओलांडताना हात धरणं. याला सुरक्षित स्पर्श म्हणतात.	काही स्पर्ष चान वटतात, जस आईने जवल घेन किमा रस्ता लोनताना हाद धरन, याला सुरक्षित स्पर्ष मनतात.
0.79	evs-ukg-serpentarium-s07.mp3	बाहेर कुठे साप दिसला, तर त्याला हात लावू नका, जवळ जाऊ नका. हळूच दूर व्हा आणि मोठ्या माणसाला सांगा.	बाहेर कुठे साब दिसला, तर त्याला हाट लाओ नका, जवल जाओ नका, हलूच दूरभा अणी मोठ्या मानसाला सांगा.
0.79	evs-ukg-states-india-s04.mp3	महाराष्ट्राचे हापूस आंबे खूप प्रसिद्ध आहेत.	महरश्ट्रचे हापूस अम्बे खूब प्रसिधा हेत।
0.79	hin-ukg-teen-akshar-s06.mp3	मिळून बनतो सरल, म्हणजे सोपं.	मिलुन बंतो, सरल, मंजे सोपर
0.79	our_classroom_s3.mp3	ताई फळ्याजवळ उभ्या आहेत. आज त्या आपल्याला शिकवतील.	ताई फड़या जवर उब्हा हेत आज त्या पलाला शिकवतिल
0.79	solar_system_s10.mp3	नेपच्यून सगळ्यात लांब आहे, आणि सगळ्यात थंड.	नेप्चून सगलात लांब आहे अणी सगलात थंड़
0.80	chem_lab_s2.mp3	कपाटावरच्या काचेच्या बाटल्या बघा. त्यांना आपण एकटं कधीच हात लावत नाही.	कपाटावरचा काचे चा बाटले बगा, क्यान्ना अपन एक्टा कधीच हाट लावत नाही।
0.80	demo-home-s02.mp3	चूल, कपाट, चटया, सगळं एकाच खोलीत.	चूल, कपाड, चट्पिया, सगल एकाज खोलीत।
0.80	eng-lkg-in-on-under-s03.mp3	पिवळा चेंडू टबाच्या आत आहे.	पिवुरा चेंडू टबाचा आट आहे।
0.80	eng-lkg-myself-s03.mp3	हे माझे बाबा आहेत.	हेमाजे बाबा हेत
0.80	eng-lkg-three-letter-words-s02.mp3	मिळून होतो कॅट, म्हणजे मांजर.	मेलों नू तो कैट मंजे मांजर
0.80	eng-lkg-three-letter-words-s03.mp3	बघा, डी, ओ, जी.	बगा डी ओ जी
0.80	eng-lkg-three-letter-words-s05.mp3	बघा, एस, यू, एन.	बगाई, एस यू एन
0.80	eng-lkg-three-letter-words-s08.mp3	मिळून होतो कप, म्हणजे कप.	मिरून हो तो कप, मर जे कप
0.80	eng-lkg-three-letter-words-s12.mp3	मिळून होतो बस, म्हणजे बस.	मिरून होतो बस, मनजे बस
0.80	eng-lkg-two-letter-words-s02.mp3	मिळून होतो इन, म्हणजे आत.	मेरून होतो इन मरजे आत
0.80	eng-nur-alphabets-s55.mp3	हे मोठं एस आहे.	हे मोठर एइसा है
0.80	eng-nur-colors-s01.mp3	हे रंग बघा.	हे रंगबगा
0.80	eng-nur-fruits-s05.mp3	हा द्राक्षांचा घड आहे.	हां, द्राक्षन सा घड़ा है
0.80	eng-nur-letters-a-e-s03.mp3	ए, अॅपल, म्हणजे सफरचंद.	ए एपल मनजे सफरचंद
0.80	eng-nur-letters-f-j-s01.mp3	हे मोठं एफ़ आहे.	हे मूथ्था एफ आहे
0.80	eng-nur-letters-f-j-s11.mp3	जी, ग्रासहॉपर, म्हणजे टोळ.	जी ग्रासो होपर मनजे टोड़
0.80	eng-nur-letters-f-j-s18.mp3	एच. कोंबडी, घोडा, हेलिकॉप्टर.	H. कोम्डी, घुडा, हेलिकॉप्टर
0.80	eng-nur-letters-f-j-s22.mp3	आई, आइस क्रीम, म्हणजे आइस्क्रीम.	आई, आईस्क्रीम, मन्जे आईस्क्रीम
0.80	eng-nur-letters-k-o-s02.mp3	के चा आवाज, क. माझ्यासोबत म्हणा.	केचा आवाज, कपर माझा सोबत मना
0.80	eng-nur-letters-k-o-s07.mp3	एल चा आवाज, ल. माझ्यासोबत म्हणा.	अल्चा आवाज ल, माझा सोबत मना
0.80	eng-nur-letters-k-o-s23.mp3	ओ चा आवाज, ऑ. माझ्यासोबत म्हणा.	ओचा आवाज और माझा सोबत महना
0.80	eng-nur-letters-u-z-s14.mp3	डब्ल्यू. कलिंगड, देवमासा.	डवलीव कलिंगर्ड देव मासा
0.80	eng-nur-letters-u-z-s23.mp3	वाई. लोकरीचा गोळा, याक.	वाई लोकरी सागोला याक
0.80	eng-nur-letters-u-z-s25.mp3	ज़ेड चा आवाज, ज़. माझ्यासोबत म्हणा.	जेडचा आवाज, ज़, माचा सोबत मना
0.86	eng-nur-letters-u-z-s27.mp3	ज़ेड, ज़ीरो, म्हणजे शून्य.	जेड, जिरो, मनजे शुन्यां
0.75	eng-nur-letters-u-z-s28.mp3	ज़ेड. झेब्रा, शून्य.	जेर, जेबरा, शुन्यो
0.80	eng-nur-vegetables-s07.mp3	हा कोबी आहे.	हा कोबिया है
0.80	eng-nur-wild-animals-s08.mp3	हे हरीण आहे. हरीण खूप वेगाने पळतं.	हे हरीन आहे हरीन खूप वेगाने पड़तो है
0.80	eng-ukg-phonics-s11.mp3	आई चा आवाज, इ. माझ्यासोबत म्हणा.	आईचा आवाज इमाचा सोबत मना
0.80	eng-ukg-phonics-s14.mp3	के चा आवाज, क. माझ्यासोबत म्हणा.	केचा आवाज कट्ट माझा सुबत मना
0.80	evs-lkg-animal-babies-s02.mp3	ही गाय आहे.	ही गाय अहे
0.80	evs-lkg-animal-footprints-s04.mp3	हे घोड्याने उमटवले!	ये घोड़्याने उम्तवले।
0.80	evs-lkg-animal-habitats-s08.mp3	हा सिंह आहे.	हासी हा अहे
0.80	evs-lkg-body-parts-s10.mp3	हे पाय आहेत. पायांनी आपण चालतो.	हे पाया हेत, पायान मी अपन चालतों.
0.80	evs-lkg-house-parts-s01.mp3	हे घर आहे. घराचे खूप भाग असतात.	हे घरा हे घराचे खूब भागस्तार
0.80	evs-lkg-market-s05.mp3	आणि संत्री.	आणी संद्री
0.80	evs-lkg-market-s07.mp3	इथे टोमॅटो.	इते टोमाटो
0.80	evs-ukg-river-crossing-s06.mp3	होडीत आपण बसून राहतो, आणि हात पाण्यात घालत नाही.	फोडीत आपन बसुन रहतो अणि हात पाणे अद घालत नहीं
0.80	evs-ukg-states-india-s03.mp3	गुजरातच्या गीर जंगलात सिंह राहतात.	गुजरचा गीर जंगलाच सीमह रहताथ
0.80	farm_yard_s1.mp3	अंगणात सगळीकडे बघा. तुम्हाला काय दिसतं?	अंगणाज सदेईकडे बघा, तुम्हाला काई दिस्ता?
0.80	hin-nur-vadya-yantra-s02.mp3	हा तबला आहे. तो हातांनी वाजवतात.	हाथ तबला हे तो हाथानी वाजव तक
0.80	hin-ukg-char-akshar-s06.mp3	मिळून बनतो नटखट, म्हणजे खोडकर.	मिलुन बनतो नटखट मनचे खोड़ कर
0.80	hin-ukg-swar-s05.mp3	हे ई आहे. म्हणा, ई.	हे ई आ हे मना ई
0.80	hin-ukg-swar-s10.mp3	हे ए आहे. म्हणा, ए.	हे ए आ हे मना ए
0.80	hin-ukg-teen-akshar-s01.mp3	बघा, क, म, ल.	बगा कमल
0.80	hin-ukg-teen-akshar-s03.mp3	बघा, न, म, क.	बगान माक
0.80	hin-ukg-teen-akshar-s05.mp3	बघा, स, र, ल.	बगा सरो लो
0.80	hin-ukg-teen-akshar-s07.mp3	बघा, म, क, र.	बगा मको रो
0.80	hin-ukg-teen-akshar-s09.mp3	बघा, च, म, क.	बघज मोक
0.80	hin-ukg-teen-akshar-s11.mp3	बघा, भ, व, न.	बगा भवना
0.80	math-lkg-lines-curves-s07.mp3	ही वक्र रेषा आहे.	ही वक्र रेशा है
0.80	math-lkg-odd-even-s01.mp3	एक, विषम, एक उरतो.	एक विशम, एक उर्टो
0.80	math-lkg-odd-even-s07.mp3	सात, विषम, एक उरतो.	साथ, विशम, एक उर्तो
0.80	math-lkg-odd-even-s09.mp3	नऊ, विषम, एक उरतो.	9. विशंग 1 उर्तो
0.80	math-nur-count-1-20-s15.mp3	आता म्हणा, पंधरा.	आता मणा पंद्रा
0.80	math-nur-count-21-50-s06.mp3	आता म्हणा, चोवीस.	आता मना चोवीस
0.80	math-nur-count-21-50-s32.mp3	सेहेचाळीस ते पन्नास.	सेहे चाईस ते पन्नाज
0.80	math-nur-count-51-100-s14.mp3	एकसष्ट ते पासष्ट.	एक सश्ट ते पासश्ट
0.80	math-nur-count-51-100-s50.mp3	एक्क्याण्णव ते पंच्याण्णव.	एक्क्यार्ण नव ते पंच्यार्ण नव
0.80	math-ukg-multiply-single-s05.mp3	चार च्या दोन रांगा.	शार्चा दोन रंगा
0.80	math-ukg-sub-single-s01.mp3	आधी हे मोजा, पाच.	आधी हे मुजा पादस
0.80	playground_s3.mp3	ती पिवळी घसरगुंडी आहे. आपण वर चढतो आणि खाली येतो.	ती पिवली घसर गुंडी आहे अपन वर चड़तो अणि खाली येतो
0.81	eng-lkg-three-letter-words-s04.mp3	मिळून होतो डॉग, म्हणजे कुत्रा.	मिलून हो तो डौग मनजे कुत्रा
0.81	eng-lkg-three-letter-words-s06.mp3	मिळून होतो सन, म्हणजे सूर्य.	मियून होतो सन मनजे सूरिय
0.81	eng-nur-animal-sounds-s02.mp3	गाय कशी ओरडते? तिला शोधा आणि बघा.	गाय कशी ओडते, तीला शोधा अणी बग्धा
0.81	eng-nur-bird-animal-sounds-sparrow.mp3	ही चिमणी आहे. चिमणी चिव चिव करते.	यी चिमनी आहे, चिमनी चिव चिव करते
0.81	eng-nur-elephant-story-s06.mp3	अप्पू खूश झाला. मित्रांना मदत करणं ही चांगली गोष्ट आहे.	अप्पो खुश जाला, मित्रान्ना मदद करन ही चांगली गोश्टा है।
0.81	eng-nur-insects-s06.mp3	हा चतुर आहे. तो पाण्याजवळ उडतो.	हाच चतु राहे तो पाल्या जवर उड़तो
0.81	eng-nur-letters-f-j-s05.mp3	एफ़, फ़ायर इंजन, म्हणजे अग्निशामक गाडी.	F. फायर इंजन मरजे अगनी शाम गाड़ी
0.81	eng-nur-letters-u-z-s21.mp3	वाई, यार्न, म्हणजे लोकरीचा गोळा.	वाई यार मंजे लोकरीचा गोडा
0.81	eng-nur-wild-animals-s05.mp3	हा जिराफ आहे. जिराफ खूप उंच असतो.	हाँ जिराफ अहे जिराफ खूप उनसस्तो
0.81	eng-ukg-phonics-s24.mp3	टी चा आवाज, ट. माझ्यासोबत म्हणा.	टीच सा आवाज, टक्टर माझा सोबत मुणा
0.81	evs-lkg-animal-footprints-s03.mp3	जमिनीवर हे कोणाच्या पावलांचे ठसे आहेत?	जमिनीवर हे कोनाचा पावलां से खसे आहेत
0.81	evs-lkg-body-parts-s08.mp3	हे हात आहेत. हातांनी आपण काम करतो.	हे हाता है, हाता मी आपण काम करतो।
0.81	evs-lkg-community-helpers-s08.mp3	ते आपल्याला मदत करतात, तेव्हा आपण म्हणतो, धन्यवाद!	ते आपल्याला मदद करताट ते भापण महनतो धन्यवाद।
0.81	evs-ukg-india-culture-s02.mp3	आपण हात जोडून नमस्कार करतो.	अपन हाथ जोडून नमस्कार करतों
0.81	evs-ukg-national-symbols-s03.mp3	वाघ हा आपला राष्ट्रीय प्राणी आहे.	वाग हा आपला राश्ट्रीय प्राणिया है।
0.81	evs-ukg-national-symbols-s04.mp3	मोर हा आपला राष्ट्रीय पक्षी आहे.	मोरह अपला राश्ट्रिय पक्षिया है
0.81	evs-ukg-plant-parts-s03.mp3	हे खोड आहे. खोड रोपाला सरळ उभं ठेवतं आणि पाणी वर पोहोचवतं.	हे खोड आहे, खोड रोपाला सरल उभठेवत आणि पाणी वर पहुचावत आणि पाणी वर पहुचावत
0.81	evs-ukg-plant-parts-s06.mp3	हे फळ आहे. फळाच्या आत बिया असतात.	हे फर आहे, फराचा आत बियासतात
0.81	hin-nur-vadya-yantra-s06.mp3	ही गिटार आहे. तिच्या तारा छेडून वाजवतात.	की गिटार आहे पिछा तारा छेडून वजवतात
0.81	hin-ukg-teen-akshar-s12.mp3	मिळून बनतो भवन, म्हणजे इमारत.	मिलून, बंतो भवन, मनजे इमारत
0.81	math-lkg-wet-dry-s01.mp3	हे कापड नुकतंच धुतलं आहे. त्यातून पाणी टपकत आहे. ते ओलं आहे.	ही कापड नुपतस धुतला हे, क्या तुन पाणी तपकता हे, ते ओला हे
0.81	math-nur-count-21-50-s01.mp3	आता एकवीस ते पन्नास मोजूया.	आता 21 ते 15 मोजुया
0.81	math-ukg-add-double-s02.mp3	दहा अधिक पाच म्हणजे पंधरा.	दहा अधिक पाच मनजे पंदरा
0.81	solar_system_s1.mp3	आपण अवकाशात तरंगत आहोत. सूर्य तुमच्या समोर आहे, आता वळून चहूकडे बघा.	अपन अवकाशा तरंगत आहोत, सूर्य तुमचा समोरा हे, अता वलूंच हुकड़े बगा.
0.81	solar_system_s11.mp3	आपल्या चहूकडे बघा. आठ ग्रह आपल्या सूर्याभोवती फिरत आहेत, आणि आपण त्याच्या आत आहोत.	अपल्या चहुकडे बगा, आठ गरह अपल्या सुर्या भूती फिलता हेत, अई आपण त्याच आता होत।
0.82	math-lkg-half-whole-s06.mp3	आणि हे त्याचं अर्धं आहे.	आडी हे त्यास अरधा आहे
0.82	eng-nur-alphabets-s68.mp3	हे छोटं डब्ल्यू आहे.	छोट डबलीव आहे
0.82	eng-nur-animals-check-s03.mp3	यांपैकी पाळीव प्राणी कोणता? तो आपल्यासोबत राहतो.	यां पई की पायू प्राणी कोणता तो अपले सुबत हतो।
0.82	eng-nur-birds-s01.mp3	हे पक्षी आहेत. पक्ष्यांना पंख असतात, आणि ते उडतात.	हे पक्षिया हेत, पक्षान ना पंखासतात अनिते उडतात.
0.82	eng-nur-letters-f-j-s17.mp3	एच, हेलिकॉप्टर, म्हणजे हेलिकॉप्टर.	H हेलिकॉप्टर मनजे हेलिकॉप्टर
0.82	eng-nur-letters-f-j-s27.mp3	जे, जीप, म्हणजे जीप.	जे जीप मनजे जीप
0.82	eng-nur-letters-k-o-s10.mp3	एल, लेमन, म्हणजे लिंबू.	एल लेमन मन्जे लिम्बू
0.82	eng-nur-wild-animal-traits-s02.mp3	जिराफाची मान खूप लांब असते. तो उंच झाडांची पानं खातो.	जिराफ आची मान खोप लाम असते तो उन्चा धाड़ांची पानक हातों
0.82	eng-ukg-phonics-s28.mp3	डब्ल्यू चा आवाज, व. माझ्यासोबत म्हणा.	डबल्यू चा आवाज व माचा सोबत मना
0.82	evs-lkg-house-parts-s05.mp3	ही खिडकी आहे. यातून हवा आणि उजेड आत येतो.	खी खिड़किया है यातुन हवा अणि उजेड आतेतों
0.82	evs-lkg-professions-s11.mp3	ते आगीचा बंब घेऊन आग विझवायला जातात.	ते आगीचा बंबग हेओन आग विजवायला जातात।
0.82	evs-lkg-special-vehicles-s03.mp3	ही रुग्णवाहिका आहे. ती आजारी माणसांना लवकर दवाखान्यात नेते.	ती रुख्णवाहिका है ती आजारी मानसान ना लौकर दवा खानेत नेते।
0.82	evs-lkg-special-vehicles-s06.mp3	आणि हा बुलडोझर आहे. तो माती ढकलतो आणि रस्ते बनवायला मदत करतो.	अणि हाप बुल्डोजर आहे तो माती धकलतो अणि रस्ते बनवाला मदद करतो
0.82	evs-nur-good-habits-s01.mp3	चांगल्या सवयी आपल्याला निरोगी आणि आनंदी ठेवतात.	सांगलिया सवई आपल्याला निरोगी आणी आनन दिठे उतार
0.82	evs-ukg-snow-camp-s01.mp3	आपण बर्फाळ डोंगरांमध्ये आहोत. सगळीकडे बर्फ आहे.	आपन बर्फार डोंगरान मध्या होत सग्लीक्डे बर्फा है।
0.82	hin-ukg-swar-s08.mp3	आता हे स्वर बघा.	आता हेस्वर बगहा
0.82	hin-ukg-vyanjan-s07.mp3	आता च वर्ग बघा.	आताच सवर्गबगा
0.82	hin-ukg-vyanjan-s31.mp3	आता य, र, ल, व बघा.	आता य, र, ल, व, बग्हा
0.82	math-lkg-full-empty-s04.mp3	आणि ही रिकामी आहे.	आइनी, हीरी कामी आहे
0.82	math-lkg-half-whole-s05.mp3	हा पूर्ण नारळ आहे.	हा पूर्ण नारणा हे
0.82	math-nur-count-21-50-s07.mp3	आता म्हणा, पंचवीस.	आता मना 25.
0.82	math-nur-count-21-50-s15.mp3	आता म्हणा, एकतीस.	आता मरा एक्तिस
0.82	math-nur-count-21-50-s16.mp3	आता म्हणा, बत्तीस.	अतामणा 32
0.82	math-nur-count-21-50-s21.mp3	आता म्हणा, छत्तीस.	आतामणा शत्तीस
0.82	math-nur-count-21-50-s30.mp3	आता म्हणा, चव्वेचाळीस.	आता महना चववेचाईस
0.82	math-nur-count-51-100-s32.mp3	शहात्तर ते ऐंशी.	शहात्तर ते अईशी
0.82	math-ukg-add-single-s03.mp3	दोन आणि तीन मिळून पाच.	दोन आणी तीन मिलून पास
0.82	math-ukg-add-single-s06.mp3	चार आणि एक मिळून पाच.	चार अणी एक मिलून पाच
0.82	math-ukg-compare-numbers-s03.mp3	दोन आणि आठ बघा.	दोन आणी आठ बगहा
0.82	math-ukg-odd-one-out-s03.mp3	यांपैकी एक वेगळा आहे, आकार बघा. त्याला स्पर्श करा.	यामपई की एक वेगड़ा है आकार बगहा तला स्पर्शकरा
0.83	hin-nur-vadya-yantra-s07.mp3	हा ढोल आहे. तो काठ्यांनी वाजवतात.	हाट ढोला है तो काठें नी वाजवता था
0.83	chem_lab_s1.mp3	ही रसायनशास्त्राची प्रयोगशाळा आहे. इथे आपण प्रयोग करतो.	ही रसाइन शास्त्राची प्रयोग शाड़ा है इत्थे अपन प्रयोग करतों
0.83	elephant_about.mp3	हा हत्ती आहे. हत्ती खूप मोठा आहे.	हां हत्तिय है हत्ती खूब मोठा है
0.83	elephant.mp3	हा हत्ती आहे.	हाँ हत्तिया है
0.83	eng-lkg-myself-s06.mp3	आता तुम्ही सांगा, तुमचं नाव काय? तुम्ही किती वर्षांचे आहात?	अता तुम्ही सांगा, तुम्हे नव काई, तुम्ही किती वर्षान से आहात?
0.83	eng-lkg-three-letter-words-s11.mp3	बघा, बी, यू, एस.	बगाबी, यू, एस
1.00	eng-nur-alphabets-s02.mp3	हे छोटं ए आहे.	हे छोट ए आहे
0.83	eng-nur-alphabets-s03.mp3	ए, अॅपल, म्हणजे सफरचंद.	एपल मनिजे सफर चंद।
0.83	eng-nur-alphabets-s05.mp3	हे छोटं बी आहे.	हे छोटा बिया हे
0.83	eng-nur-alphabets-s07.mp3	हे मोठं सी आहे.	हे मोठा, सीया हे
0.83	eng-nur-alphabets-s19.mp3	हे मोठं जी आहे.	हे मोठा जीया है
0.83	eng-nur-alphabets-s32.mp3	हे छोटं के आहे.	हे छोटा क्या है
0.83	eng-nur-alphabets-s43.mp3	हे मोठं ओ आहे.	हे मोठो ओ अहे
0.83	eng-nur-alphabets-s53.mp3	हे छोटं आर आहे.	हे छोट रहे
0.83	eng-nur-alphabets-s59.mp3	हे छोटं टी आहे.	हे छोटा टीया है
0.83	eng-nur-elephant-story-s04.mp3	अप्पू तळ्यावर गेला. त्याने आपल्या लांब सोंडेने भरपूर पाणी प्यायलं.	अप्पू तल्यावर गेला, क्याने अपल्या लांब सोंडे ने बरपूर पाणी प्याईलाव।
0.83	eng-nur-insects-s05.mp3	हा लेडीबग आहे. याच्या लाल पाठीवर काळे ठिपके असतात.	हा लेडी बदा है याचा लाल पाठी वर काले ठिपके अस्ताथ
0.83	eng-nur-letters-a-e-s07.mp3	हे मोठं बी आहे.	हे मोठो भी आहे
0.83	eng-nur-letters-a-e-s13.mp3	हे मोठं सी आहे.	हे मोठा सिया है
0.83	eng-nur-letters-a-e-s19.mp3	हे मोठं डी आहे.	हे मोठ डिया हे
0.83	eng-nur-letters-a-e-s23.mp3	डी, डॉल्फ़िन, म्हणजे डॉल्फिन.	D. डॉल्फिन, मंजे डॉल्फिन
0.83	eng-nur-letters-f-j-s23.mp3	आई, इन्सेक्ट, म्हणजे किडा.	आई, इंसेक्ट मनजे कीडा
0.83	eng-nur-letters-k-o-s01.mp3	हे मोठं के आहे.	हे मोठा के अहे
0.83	eng-nur-letters-k-o-s22.mp3	हे मोठं ओ आहे.	हे मोठा ओ अहे
0.83	eng-nur-letters-p-t-s06.mp3	पी. पोपट, भोपळा, पोलीस गाडी.	पी पोपट, बोपड़ा, पोलीस गाड़ी
0.83	eng-nur-wild-animals-s03.mp3	हा वाघ आहे. वाघाच्या अंगावर पट्टे असतात.	हाँ वाघह है वाघह चा अंगावर पट्टे अस्तार्ट
0.83	eng-nur-wild-animals-s09.mp3	आणि हे माकड आहे. माकड झाडांवर राहतं.	अणि हे माकड आहे, माकड जाडान्वर हातों
0.83	evs-lkg-animal-food-s06.mp3	हा कुत्रा आहे.	हाक कुत्रा है
0.83	evs-lkg-animal-food-s08.mp3	हे मांजर आहे.	हे मान्जरा हे
0.83	evs-ukg-seasons-s05.mp3	हिवाळ्यात थंडी असते. आकाश करडं असतं, आणि आपण शेकोटीजवळ शेकतो.	ही वाल्या थंडी असते, आकाश करड़ असत, अणि अपड शेकोटी जवल शेकतो,
0.83	evs-ukg-serpentarium-s01.mp3	हे सर्पालय आहे. इथे साप आणि इतर सरपटणारे प्राणी काचेच्या मागे राहतात.	थे सर्पाले आहे, इते साप और इतर सर्पट नारे प्राणी काचे चा मागे रहतात।
0.83	gk-ukg-sink-float-s05.mp3	चमचा बुडतो, तो तळाशी जातो.	चम्चा बुर्तो तो तराशी जातो
0.83	hin-lkg-sabji-rang-s01.mp3	हा टोमॅटो आहे.	हां तो मैट आहे
0.83	hin-nur-vadya-yantra-s08.mp3	ही तुतारी आहे.	ही तुतारिया हे
0.83	hin-ukg-teen-akshar-s04.mp3	मिळून बनतो नमक, म्हणजे मीठ.	मेलून बनतो नमक मनजे मीठ
0.83	math-lkg-more-less-same-s03.mp3	इथे दोन आहेत, आणि इथे पाच.	इत्थे दोना हेत आणी इत्थे पाच सुग।
0.83	math-nur-count-51-100-s35.mp3	आता म्हणा, अठ्ठ्याहत्तर.	आतामणा अठ्थयात्तर
0.83	math-nur-wide-narrow-s02.mp3	ही पायवाट अरुंद आहे. यावरून एकच माणूस चालू शकतो.	की पायवाट अरुंदा है यावरुन एकस मानू सालू शक्तों
0.83	math-ukg-add-single-s01.mp3	आधी हे मोजा, दोन.	आधी हे मुजा
0.83	math-ukg-add-single-s02.mp3	आता हे मोजा, तीन.	आता हे मोजा
0.83	math-ukg-add-single-s05.mp3	आता हे मोजा, एक.	आता हे मोजा
0.83	math-ukg-compare-numbers-s02.mp3	सात हा तीन पेक्षा मोठा आहे.	साथ हाथ तीन पिक्षा मुठा है
0.83	math-ukg-odd-one-out-s02.mp3	यांपैकी एक वेगळा आहे, आकार बघा. त्याला स्पर्श करा.	ग्यापई की एक वेगड़ा है आकार बगा तलस परशकरा
0.83	our_classroom_s1.mp3	आता आपण आत आहोत. हा आपला वर्ग आहे.	आता अपण आता होत हाँ अपला वर्गा है।
0.83	our_classroom_s4.mp3	हा फळा आहे. बाई त्यावर लिहितात.	अफड़ा है बाई त्यावर लिहितात
0.83	school_kitchen_s1.mp3	हे स्वयंपाकघर आहे. इथे आपलं गरम जेवण शिजतं.	हे स्वयंपा घरा है इते आपला गरम जेवन शिस्त
0.83	eng-lkg-animal-products-s04.mp3	ही कोंबडी आहे.	ही कोमडी आहे
0.83	hin-ukg-char-akshar-s01.mp3	बघा, म, क, स, द.	बगाम क सद
0.83	hin-ukg-char-akshar-s07.mp3	बघा, अ, ज, ग, र.	बगा अजगरो
0.83	math-nur-count-51-100-s60.mp3	आता म्हणा, नव्व्याण्णव.	अता महना 99
0.84	demo-sky-s01.mp3	आपण फुग्यात आहोत. खाली बघा, जमीन खूप खाली आहे.	अपण भूग्याता होत, खाली बगा, जमीन खूप खाली आ है।
0.84	eng-nur-bird-animal-sounds-crow.mp3	हा कावळा आहे. कावळा काव काव करतो.	हा काव रा हे, काव रा, काव काव कर तो
0.84	eng-nur-domestic-animals-s02.mp3	ही गाय आहे. गाय आपल्याला दूध देते.	ही गाया है गाय अपल्यला दूद देते
0.84	eng-nur-letters-a-e-s22.mp3	डी, डक, म्हणजे बदक.	डी डक मरजे बदक
0.84	eng-nur-letters-f-j-s09.mp3	जी, गोट, म्हणजे बकरी.	जी, गोट, मनजे बकरी
0.84	eng-nur-letters-k-o-s21.mp3	एन. घरटं, परिचारिका.	N. घर्ट परिचारी का
0.84	eng-nur-letters-u-z-s20.mp3	वाई चा आवाज, य. माझ्यासोबत म्हणा.	वाईचा आवाज ये माचा सोबत महना
0.84	eng-nur-letters-u-z-s22.mp3	वाई, याक, म्हणजे याक.	वाई याक मनजे याक
0.84	eng-nur-shapes-s09.mp3	हा डायमंड आकार आहे.	हाँ डाइमंड आका रहे
0.84	eng-ukg-phonics-s01.mp3	आता ही अक्षरं बघा.	आताही अक्षिर बगहा
0.84	eng-ukg-phonics-s19.mp3	आता ही अक्षरं बघा.	आता ही अक्षर बगाग
0.84	eng-ukg-phonics-s31.mp3	आता ही अक्षरं बघा.	आता ही अक्षर बगहा
0.84	evs-lkg-animal-babies-s11.mp3	आणि हे तिचं पिल्लू, कोंबडीचं पिल्लू.	अणि हे पिच्चा पिल्लू, कोंबडीच पिल्लू.
0.84	evs-lkg-house-parts-s03.mp3	हे छप्पर आहे. ते ऊन आणि पावसापासून वाचवतं.	हे छप्परा हे ते उन आणी पाउसा पसुन माचवता।
0.84	evs-lkg-market-s01.mp3	हा बाजार आहे. इथे आपण वस्तू विकत घेतो.	हां बाजारा है इत्थे आपण वस्तु विकद खेतों
0.84	evs-ukg-places-of-worship-s02.mp3	हे चर्च आहे. ख्रिस्ती लोक इथे प्रार्थना करतात.	हे चर्चा हे, ख्रिस्ती लोग इते प्रार्थना करता ने।
0.84	evs-ukg-safe-touch-s04.mp3	तेव्हा तीन गोष्टी करा. पहिली, मोठ्याने म्हणा, नाही!	तेवा तीन गोश्टी करा, पहिली मोठ्याने मनाना नहीं।
0.84	evs-ukg-serpentarium-s03.mp3	हा नाग आहे. तो आपला फणा काढतो. नाग विषारी असतो.	हां नागा है तो अपला फणा कड़तो नाग विशारी अस्तो
0.84	farm_yard_s2.mp3	आपल्याला दूध देणारा प्राणी शोधू शकता का?	अपल्याला दूद देनारा प्राणी शोधु शक्ता का?
0.84	hin-lkg-sabji-rang-s07.mp3	हे मक्याचं कणीस आहे.	हे मक्याचा कनी साहे
0.84	hin-nur-janvar-boliya-s03.mp3	घोडा खिंकाळतो. कोंबडी कॉक कॉक करते.	घोडा खिंकारतों, कोम्डी को कौक करते।
0.84	hin-nur-vadya-yantra-s01.mp3	ही संगीताची वाद्यं आहेत. यांतून मधुर संगीत निघतं.	ही संगीता चीवा ध्याहेत या तून मदूर संगीत निक्तों
0.84	hin-ukg-char-akshar-s02.mp3	मिळून बनतो मकसद, म्हणजे हेतू.	मिरुन बनतों मकसद मरजे हे तू
0.84	hin-ukg-char-akshar-s08.mp3	मिळून बनतो अजगर, म्हणजे अजगर साप.	मेलून बंतो अजगर मरजे अजगर साप
0.84	hin-ukg-matra-s05.mp3	क ला इ मात्रा लागली, कि.	क ला यी मात्रा लागली
0.84	hin-ukg-teen-akshar-s08.mp3	मिळून बनतो मकर, म्हणजे मगर.	मिलून बनतो मकर, मनजे, मगर
0.84	math-lkg-odd-even-s03.mp3	तीन, विषम, एक उरतो.	तीन, विशं, एक उर्तो
0.84	math-lkg-wet-dry-s05.mp3	पाऊस पडतो आहे. पावसात सगळं ओलं होतं.	पाउस पड़तो आहे, पाउसात सगण ओलो होतो।
0.84	math-nur-count-21-50-s10.mp3	आता म्हणा, सत्तावीस.	अतामणा 27.
0.84	math-nur-count-51-100-s07.mp3	आता म्हणा, पंचावन्न.	आतामणा पंचावन्म
0.84	math-nur-near-far-s02.mp3	तेच झाड, पण हे दूर आहे, म्हणून छोटं दिसतं.	तेच जाड पण हे दुरा हे मनुन छोट दिस्ता।
0.84	math-nur-one-many-s02.mp3	आणि इथे खूप आहेत.	आणी इथे खूप आहे करूँ
0.84	math-nur-weight-check-s01.mp3	कोणता जास्त जड आहे? त्याला स्पर्श करा.	कोन दा जास्ता जर्डा है त्याला स्पर्शकरा
0.84	math-ukg-add-double-s06.mp3	वीस अधिक पंधरा म्हणजे पस्तीस.	20 अधेत 15 मनजे 35
0.84	our_classroom_s5.mp3	खिडक्या बघा. उजेड तिथूनच येतो.	खिड क्या बगहा उजेड तिथूनस ये तो
0.84	school_hall_s3.mp3	एखाद्या दारापर्यंत चला, त्या खोलीत जाण्यासाठी.	एका द्या दारा परियंत चला, त्या खोली जान्य से थी
0.85	eng-nur-letters-f-j-s24.mp3	आई. इग्लू, आइस्क्रीम, किडा.	आई एगलू, आईस्क्रेम, कीडा
0.85	eng-nur-letters-p-t-s08.mp3	क्यू चा आवाज, क्व. माझ्यासोबत म्हणा.	क्यूचा आवाज क्वा माचा सोबत महना
0.85	eng-nur-water-animals-s02.mp3	हा मासा आहे. मासा पाण्यात पोहतो.	हां मासा है, मासा पानेत पहतो
0.85	eng-ukg-phonics-s21.mp3	क्यू चा आवाज, क्व. माझ्यासोबत म्हणा.	यूच सा आवाज, क्व, माझ है सोबत मणा
0.85	evs-ukg-farm-visit-donkey.mp3	हे गाढव आहे. गाढव ओझं वाहतं.	हे गाढ़वा हे गाढ़व ओजवातां
0.85	evs-ukg-places-of-worship-s06.mp3	प्रत्येकाचं प्रार्थनेचं ठिकाण वेगळं आहे, आणि आपण सगळ्यांचा आदर करतो.	प्रत्तिकाच प्रार्थनेच ठिकान वेगल आहे अणि आपन सग्यांचा आदर करतों.
0.85	evs-ukg-safe-touch-s08.mp3	यात तुमची कधीच चूक नसते. आणि एकाने ऐकलं नाही, तर दुसऱ्याला सांगा, कोणी मदत करेपर्यंत सांगत राहा.	या तुमची कधित सूक नसते अणी एकाने एकला नही तर दुसरेला सांगा कोणी मदद करे परियंत सांगत रहा
0.85	evs-ukg-states-india-s10.mp3	तुम्ही कोणत्या राज्यात राहता? तुमच्या ताईंना विचारा.	तुम ही कोर्त त्यारा जेत रहता, तुम चाता इन विचारा
0.85	evs-ukg-village-city-s01.mp3	हे गाव आहे. घरं बैठी आहेत, आणि एकमेकांपासून दूर आहेत.	हे गावा हे घर बैथिया हेत आणी एक मेर्कान पसुन दूरा हेत
0.85	evs-ukg-water-cycle-s02.mp3	गरम पाण्याची वाफ होते आणि ती वर, वर आकाशात जाते.	गरम पाने ची वाफ होते आणि ती वर वर अकाशाज जाते।
0.85	hen_about.mp3	ही कोंबडी आहे. कोंबडी अंडी देते.	ही कोमडी आहे, कोमडी अंडी देते
0.85	lobby-s01.mp3	एखाद्या जागेकडे बघ, आणि ती तुला तिथे घेऊन जाईल.	एक खाद्या जागे केड़े बग आणी ती तुला तिथे घ्यूंग जाईल।
0.85	math-lkg-more-less-same-s04.mp3	लाल निळ्यांपेक्षा कमी आहेत.	लाल नेयन पिक्षा कमियाहित
0.85	math-nur-up-down-s02.mp3	निळा चेंडू खाली आहे, जमिनीवर.	निलाचेंडू खालिया है, जमीनी वर
0.85	playground_s2.mp3	झोका दिसतो का? तो पुढे-मागे जातो.	जोका डिस्तोका तो पुढे मागे जातो।
0.85	solar_system_s4.mp3	शुक्र जाड ढगांनी झाकलेला आहे. तो सगळ्यात गरम ग्रह आहे.	शुक्र जाड धगानी जाकलिला है तो सग्लयत गरम गरहा है
0.85	solar_system_s7.mp3	गुरू सगळ्यात मोठा आहे. ते पट्टे म्हणजे वादळं आहेत.	गुरू सग्यात मोठा है ते पट्टे मनजे वादल आहेत।
0.86	eng-nur-letters-f-j-s10.mp3	जी, जिराफ़, म्हणजे जिराफ.	जी जिराफ मनजे जिराफ
0.86	hin-ukg-vyanjan-s05.mp3	हे घ आहे.	हे घो हे
0.86	demo-snow-s02.mp3	हा आपला तंबू, आणि ही आपल्याला उबदार ठेवणारी शेकोटी.	हा अपला तम्बु अणी ही अपल्याला उबदार ठेवणारी शेकोटी
0.86	demo-water-s02.mp3	काठावर लव्हाळं उगवलं आहे. पलीकडच्या काठाकडे बघा.	काठावर लवहाल उगवला हे, पलीकडचा काठा कड़े बगहा,
0.86	eng-lkg-days-week-s03.mp3	मंगळवारनंतर बुधवार येतो.	मंगलवार नंतर बुधहार येतो
0.86	eng-lkg-hot-cold-s04.mp3	बर्फाचा गोळा थंड असतो.	बरफाचा गोला थंडास तो
0.86	eng-lkg-myself-s02.mp3	ही माझी आई आहे.	ही माची आई आहे
0.86	eng-lkg-transport-types-s01.mp3	आपण एका ठिकाणाहून दुसऱ्या ठिकाणी कसे जातो? वाहनांनी! काही रस्त्यावर चालतात, काही पाण्यावर, आणि काही आकाशात.	अपन एका ठीकणा हुन दुसरे ठीकणी कसे जातों? वाहना मी काही रस्त्यावर सालतात, काही पानेवर आणी काही आकाशात?
0.86	eng-nur-alphabets-s16.mp3	हे मोठं एफ़ आहे.	हे मोठर एफा हे
0.86	eng-nur-alphabets-s27.mp3	आई, आइस क्रीम, म्हणजे आईस्क्रीम.	आई, आईस्क्रीम, मरजे आईस्क्रीम.
0.86	eng-nur-alphabets-s52.mp3	हे मोठं आर आहे.	हे मोठो आ रहा है
0.86	eng-nur-alphabets-s57.mp3	एस, सन, म्हणजे सूर्य.	एस सन मनजे सूरियो
0.86	eng-nur-alphabets-s71.mp3	हे छोटं एक्स आहे.	छोट एक सा है
0.86	eng-nur-alphabets-s73.mp3	हे मोठं वाई आहे.	हे मूठा वाईया हे
0.86	eng-nur-animal-sounds-s03.mp3	आता कोंबडी शोधा.	आता कोमडी शोधा
0.86	eng-nur-bird-animal-sounds-dog.mp3	हा कुत्रा आहे. कुत्रा भू भू करतो.	हाग कुत्रा है, कुत्रा भूबू करतो
0.86	eng-nur-fruits-s07.mp3	हे नासपती आहे.	हे नास पतिया हे
0.86	eng-nur-letters-a-e-s17.mp3	सी, क्रॅब, म्हणजे खेकडा.	सी, क्रैब, मन्जे, खेकडा.
0.86	eng-nur-letters-f-j-s06.mp3	एफ़. कोल्हा, मासा, अग्निशामक गाडी.	F. कोलहा, मासा, अगनी शामगाडी
0.86	eng-nur-letters-k-o-s03.mp3	के, कंगारू, म्हणजे कांगारू.	के कंगारू मनजे कांगारू
0.86	eng-nur-letters-k-o-s08.mp3	एल, लायन, म्हणजे सिंह.	एल लायन मनुजे सींह
0.86	eng-nur-letters-p-t-s03.mp3	पी, पॅरट, म्हणजे पोपट.	पी पारट मनजे पोपट
0.86	eng-nur-letters-p-t-s15.mp3	आर, राइनो, म्हणजे गेंडा.	आर राइनो मनजे गेंडा
0.86	eng-nur-letters-p-t-s27.mp3	टी, टमैटो, म्हणजे टोमॅटो.	टी, टमेटो, मनजे टोमेटो.
0.86	eng-nur-letters-u-z-s06.mp3	वी चा आवाज, व. माझ्यासोबत म्हणा.	वीचा आवाज व माचा सोबत मणा
0.86	eng-nur-letters-u-z-s08.mp3	वी, व्हॅन, म्हणजे व्हॅन.	वी वहन मनजे वहन
0.86	eng-nur-water-animals-s09.mp3	आणि हा समुद्री घोडा आहे.	आणी हा समुद्री गोडा है
0.86	eng-nur-wild-animal-traits-s04.mp3	झेब्र्याच्या अंगावर काळे-पांढरे पट्टे असतात.	जेब्रियाच्या अंगावर काले पांडरे पट्टे अस्तात।
0.86	evs-lkg-animal-food-s03.mp3	गाय गवत खाते.	गाई गवत खते
0.86	evs-lkg-body-parts-s01.mp3	हे आपलं शरीर आहे. चला, त्याच्या भागांची नावं शिकूया.	हे अपला शरी रहे. सला त्याचा भागांची नाव शिकुया.
0.86	evs-lkg-body-parts-s07.mp3	हे तोंड आहे. तोंडाने आपण खातो आणि बोलतो.	हे तोंडा हे, तोंडाने अपण खातो अणी बोलतों
0.86	evs-lkg-body-parts-s12.mp3	आता स्वतःच्या नाकाला हात लावा! आता स्वतःच्या कानांना हात लावा!	अता स्वतहचा ना कला हात लवा, अता स्वतहचा काना ना हात लवा,
0.86	evs-nur-rainbow-s04.mp3	त्यात सात रंग असतात. वरून, तांबडा, नारिंगी, पिवळा, हिरवा.	त्यात सात रंगस्ताट वरुन, तामडा, नारिंगी, पिवला, हिर्वा.
0.86	evs-ukg-dinosaur-park-s05.mp3	या डायनासोरच्या डोक्यावर लांब तुरा होता.	या डाइनासोर चा डोक्या वर लाम तुरा होता
0.86	evs-ukg-dinosaur-park-s09.mp3	हा व्हेलोसिरॅप्टर आहे. तो लहान आणि खूप वेगवान होता, आणि त्याला पिसं होती.	हाँ वेलोस रैप्टर आहे तो लहान अणि खूप वेगवान होता अणिंग पीस होती
0.86	evs-ukg-flowers-s07.mp3	ही जाई आहे. ही छोटी पांढरी फुलं खूप सुगंधी असतात.	ही जाईया है, ही छोटी पांडरी फुला, खूप सुगंधी अस्ता था
0.86	evs-ukg-germination-s01.mp3	हे बी आहे. आपण ते मातीत पेरतो आणि पाणी घालतो.	हे बी आहे अपन ते मातित पेरतो आणी पानी घालतो
0.86	evs-ukg-india-culture-s05.mp3	आपलं संगीत खूप जुनं आहे. हा तबला आहे.	अपल संगित खूप जुना हे, हाथ तबला हे
0.86	evs-ukg-plant-parts-s05.mp3	हे फूल आहे. फुलापासून फळ बनतं.	हे फूला हे फूला पसुन फरबंत
0.86	evs-ukg-seasons-s02.mp3	उन्हाळ्यात सूर्य प्रखर तळपतो, आणि खूप गरम होतं.	उन्हायाज सूर्य प्रकर तडपतो आणी खूप गरम होतो
0.86	gk-lkg-sports-equipment-s04.mp3	हा फुटबॉल आहे.	हाफ फुटबॉला है
0.86	hin-nur-janvar-boliya-s02.mp3	गाय हंबरते. शेळी बें बें करते.	गाय हम बरते, शेई बेम बे करते,
0.86	hin-nur-vadya-yantra-s09.mp3	हे व्हायोलिन आहे.	हे वायोली नहे
0.86	hin-ukg-matra-s01.mp3	हे क आहे. हे लक्षात ठेवा.	हे कवा हे, हे लक्षा ठिवा
0.86	hin-ukg-vyanjan-s10.mp3	हे ज आहे.	ही जाहे
0.86	hin-ukg-vyanjan-s15.mp3	हे ठ आहे.	हे ठोहा
0.86	hin-ukg-vyanjan-s28.mp3	हे ब आहे.	हे बाहे
0.86	hin-ukg-vyanjan-s30.mp3	हे म आहे.	हे माहे
0.86	hin-ukg-vyanjan-s34.mp3	हे ल आहे.	हे, आहे.
0.86	hin-ukg-vyanjan-s40.mp3	हे ह आहे.	हे आहे
0.86	math-lkg-more-less-same-s01.mp3	इथे चार आहेत, आणि इथे दोन.	इत्थे चार आहेत अणि इत्थे दोन
0.86	math-lkg-more-less-same-s02.mp3	लाल निळ्यांपेक्षा जास्त आहेत.	लाल निड्यान पिक्षा जासता हेत
0.86	math-lkg-odd-even-s08.mp3	आठ, सम, प्रत्येकाला जोडी आहे.	आठ सम प्रत्केकाला जोडिया है।
0.86	math-nur-big-small-s03.mp3	हासुद्धा मोठा आहे.	हसुधा मुठा हे
0.86	math-nur-count-1-20-s01.mp3	आता म्हणा, एक.	आताम हना एक
0.86	math-nur-count-1-20-s10.mp3	आता म्हणा, दहा.	अतम्हणा दहा
0.86	math-nur-count-1-20-s13.mp3	आता म्हणा, तेरा.	आता महना तेरा
0.86	math-nur-count-21-50-s08.mp3	सव्वीस ते तीस.	सव विस ते पीस
0.86	math-nur-count-51-100-s10.mp3	आता म्हणा, सत्तावन्न.	अतामणा सत्तावन्न
0.86	math-nur-count-check-s04.mp3	शहाऐंशी कुठे आहे? त्याला स्पर्श करा.	शाहिंशीक उठेया है त्यालास परशकराव
0.86	math-nur-long-round-s01.mp3	कोणती वस्तू गोल आहे? तिला स्पर्श करा.	कोनती वस्तू गोला हे पिलस परशकरा
0.86	math-nur-long-short-s03.mp3	या दोघांत हिरवी जास्त लांब आहे.	या दोगांत हिरवी जास्त लाम बाहें
0.86	math-nur-up-down-s03.mp3	वर बघा, पंखा वर आहे. खाली बघा, चटया खाली आहेत.	वर बगा, पंखा वर आहे, खाली बगा, चत्या खाली आहेत
0.86	math-ukg-multiply-single-s02.mp3	तीन च्या दोन रांगा.	तींचा दोन रंगा
0.86	math-ukg-multiply-single-s04.mp3	चार ची एक रांग.	चल्ची एक रांग
0.86	math-ukg-sub-single-s07.mp3	आधी हे मोजा, पाच.	आधी है मोजा, पाथ
0.86	math-ukg-sub-single-s08.mp3	एक काढून घ्या.	एक कारुन घ्या
0.86	playground_s1.mp3	आता आपण शाळेच्या मागे आहोत. हे आपलं खेळाचं मैदान आहे.	आता आपण शाले चा मागे आहोत हे आपला खेलाचा मरिदा नाहे।
0.86	solar_system_s3.mp3	बुध सूर्याच्या सगळ्यात जवळ आहे. तो लहान आणि खूप गरम आहे.	बुधा सूरियाचा सगल्याजवल आहे तो लहान अणी खूप गरम आहे।
0.87	eng-nur-animal-sounds-s01.mp3	प्रत्येक प्राण्याचा स्वतःचा आवाज असतो. एखाद्याकडे बघा, आणि ऐका.	प्रत्येक प्राण्याचा स्वताहाचा आवाज असतो, एका द्याकडे बगहा आणी आईका,
0.87	demo-snow-s03.mp3	हे इग्लू आहे. बर्फाच्या ठोकळ्यांनी बनवलेलं घर. खूप थंड ठिकाणी लोक याच्या आत उबदार राहतात.	हे इगलुआ हे बरफाचा ठोकलानी बनोले लगहर, खूब थंडठीकाणी लोक याचा आत उबदार रहतात।
0.87	eng-lkg-animal-products-s05.mp3	कोंबडी आपल्याला अंडी देते.	कोंबडी अपलाला अंडी देते
0.87	eng-nur-alphabets-s42.mp3	एन, नेस्ट, म्हणजे घरटं.	एन नेस्ट मनजे घर्टो
0.87	eng-nur-alphabets-s54.mp3	आर, रॉकेट, म्हणजे रॉकेट.	आर, रॉकेट मनजे रॉकेट
0.87	eng-nur-insects-s08.mp3	ही माशी आहे. ती घाणीवर बसते, म्हणून आपलं अन्न झाकून ठेवा.	ही माशी आहे ती घानी वर बस्ते मणुन अपल अन्ना जाकुन ठेवा
0.87	eng-nur-letters-a-e-s10.mp3	बी, बेयर, म्हणजे अस्वल.	बी, बेयर मनजे अस्वल
0.87	eng-nur-letters-f-j-s21.mp3	आई, इग्लू, म्हणजे इग्लू.	आई इगलू मनेजे इगलू.
0.87	eng-nur-letters-p-t-s12.mp3	आर चा आवाज, र. माझ्यासोबत म्हणा.	आरचा आवाज र माझा सोबत मना.
0.87	eng-nur-letters-p-t-s14.mp3	आर, रॉकेट, म्हणजे रॉकेट.	आर, रोकेट मनजे रोकेट.
0.87	eng-nur-letters-p-t-s18.mp3	एस चा आवाज, स. माझ्यासोबत म्हणा.	एस चा आवाज समाझा सुबत मना
0.87	eng-nur-water-animals-s01.mp3	आपण समुद्राच्या आत आहोत. इथे पाण्यात खूप सारे प्राणी राहतात.	आपन समुद्राच्या आता होत इथे पान्या खूप सारे प्राणी रहता थे।
0.87	eng-ukg-behind-front-s04.mp3	कोंबडी दगडाच्या मागे आहे.	कोमडी दगडाचा मागे आहे
0.87	eng-ukg-phonics-s22.mp3	आर चा आवाज, र. माझ्यासोबत म्हणा.	आर चा आवाज र माझा सोबत मना.
0.87	eng-ukg-phonics-s26.mp3	यू चा आवाज, अ. माझ्यासोबत म्हणा.	युच्छा आवाज अ माझा सोबत महना
0.87	evs-lkg-animal-food-s01.mp3	सगळ्यांना भूक लागते, प्राण्यांनासुद्धा. बघूया, कोण काय खातं.	सगयाना भूक लगते, प्राणयाना सुध्धा, बगुया कोण काई खात?
0.87	evs-lkg-special-vehicles-s02.mp3	ही पोलिसांची गाडी आहे. पोलीस यातून आपल्या मदतीला येतात.	ही पोलीस अंची गाड़ी आहे, पोलीस या तून अपले मदत इलाये ताथ
0.87	evs-ukg-dinosaur-park-s07.mp3	हा टी-रेक्स आहे. त्याचे दात खूप मोठे होते. तो दुसऱ्या प्राण्यांना खायचा.	हा टी रेक्स आहे, क्याचे दात खुप मोठे होते, तो दुसरे प्राण्यानना खाईचा.
0.87	evs-ukg-farm-visit-s03.mp3	अंडी कोण देतं? आणि लोकर कोणापासून मिळते?	अंडी कोण देत्त अणी लोकर कोणा पसुन मिलते।
0.87	evs-ukg-flowers-s08.mp3	फुलं झाडावरच सुंदर दिसतात. आपण ती उगाच तोडत नाही.	फूला जाडा वरत सुन्दर दिस्तात, आपड़ती उगाच तोड़त नाही।
0.87	evs-ukg-india-culture-s01.mp3	भारतात खूप प्रकारचे लोक राहतात. प्रत्येकाची स्वतःची भाषा, स्वतःचा पोशाख आणि स्वतःचे सण असतात.	भरतात खुब प्रकारचे लोक रातात, प्रत्यकाची स्वताहाची भाषा, स्वताहाचा पोशाक अणी स्वताहाचे सनस्तात.
0.87	evs-ukg-snow-camp-s04.mp3	हे देवदाराचं झाड आहे. त्याच्या फांद्यांवर बर्फ साचला आहे.	हे देवदाराच ज़ाडा हे त्याच्या फांध्यान वर बर्फ साचला हे
0.87	gk-lkg-sports-equipment-s03.mp3	क्रिकेट बॅट आणि चेंडूने खेळतात.	क्रिकेट बैट अणी चेंडूने खेरतात।
0.87	gk-lkg-sports-equipment-s11.mp3	बास्केटबॉलमध्ये चेंडू वर बास्केटमध्ये टाकतात.	बास्केट बॉल मधे, चेंडू और बास्केट मधे टाकता था।
0.87	gk-lkg-sports-equipment-s13.mp3	टेनिस रॅकेट आणि चेंडूने खेळतात.	टेनीस रैकेट अणी चेंडू ने खेडतात।
0.87	math-lkg-open-close-s01.mp3	हे फाटक बंद आहे. कोणीही आत जाऊ शकत नाही.	हे फाटक बंदा है, कोणी ही आजज़ा उशकत नहीं
0.87	math-lkg-opposites-s06.mp3	आणि हे रिकामं, भरलेल्याच्या उलट.	आणी हेरी कामा भरलेलाचा उलड।
0.87	math-nur-count-21-50-s36.mp3	आता म्हणा, एकोणपन्नास.	आता मणा एकुन पन्नास
0.87	math-nur-count-51-100-s34.mp3	आता म्हणा, सत्याहत्तर.	अतामणा सत्याहत्तर
0.87	math-nur-light-heavy-s04.mp3	या दोन्ही चेंडूंचं वजन सारखं आहे, म्हणून तराजू सरळ राहतो.	या दोन ही चेंडून्चा वजन सर्खा है मनुन्तराजू सरर रहतो।
0.87	math-ukg-compare-numbers-s06.mp3	पाच आणि पाच समान आहेत.	पाच, आइ पाच समाना हेत
0.87	math-ukg-sub-single-s03.mp3	पाच मधून दोन काढले, उरले तीन.	पास मधुन दोन काडले, उरले तीन
0.88	demo-india-s02.mp3	या चौथऱ्यांवर आपली राष्ट्रीय प्रतीकं ठेवली जातील.	या चवुथर यान्वर अपली राष्ट्रीय प्रतिक ठेवली जातील।
0.88	eng-lkg-animal-products-s01.mp3	प्राणी आपल्याला खूप काही देतात. बघूया, कोण काय देतं.	प्राणी आपल्याला खूब काही देतात, बगुया कोण काय देता हूँँगा,
0.88	eng-lkg-animal-products-s07.mp3	मेंढी आपल्याला लोकर देते. लोकरीपासून स्वेटर बनतो.	मेंडी अपलाला लोकर देते, लोकरी पसुन स्वेटर बंतो,
0.88	eng-lkg-animal-sound-names-s03.mp3	घोडा खिंकाळतो. कोंबडी कॉक कॉक करते.	घोडा खिंकालतो, कोम्डी कौक कौक करते,
0.88	eng-lkg-in-on-under-s02.mp3	निळा चेंडू टेबलाच्या खाली आहे.	निरा चेंडू टेबलाचा खाली आहे।
0.88	eng-lkg-transport-types-s06.mp3	ही रेल्वेगाडी आहे.	ही रेल्वे गाडिया हे
0.88	eng-lkg-transport-types-s11.mp3	ही शिडाची होडी आहे.	ही शेडाची होडिया हे
0.88	eng-nur-alphabets-s30.mp3	जे, जीप, म्हणजे जीप.	जे, जीप, मंजे जीप
0.88	eng-nur-bird-animal-sounds-s01.mp3	प्रत्येक पक्ष्याचा आणि प्राण्याचा स्वतःचा आवाज असतो. एखाद्याकडे बघा, आणि ऐका.	प्रतेक पक्षयाचा आणी प्राण्याचा स्वतहाचा आवाज अस्तो एका द्याकडे बगहा आणी आईका
0.88	eng-nur-birds-s07.mp3	हे घुबड आहे. घुबड रात्री जागं असतं.	हे घुबड़ा हे घुबड अत्री जागस्तो
0.88	eng-nur-birds-s08.mp3	हे बदक आहे. बदक पाण्यात पोहतं.	हे बदक आहे, बदक पाल्यत पोतर
0.88	eng-nur-birds-s09.mp3	हा गरुड आहे. गरुड खूप उंच उडतो.	हां गरुडा हे, गरुडु खूप उन्सा उड़तों
0.88	eng-nur-domestic-animals-s04.mp3	हा घोडा आहे. घोडा वेगाने धावतो.	हां खोडा है घोडा वेगाने धावतों
0.88	eng-nur-fruits-s09.mp3	ही स्ट्रॉबेरी आहे.	ही स्ट्रोबेरी अहे
0.88	eng-nur-letters-u-z-s11.mp3	डब्ल्यू चा आवाज, व. माझ्यासोबत म्हणा.	डबल्यू चा आवाज व माझा सोबत मना
0.88	eng-nur-letters-u-z-s15.mp3	हे मोठं एक्स आहे.	हे मोठर एक साहे
0.88	eng-nur-shapes-check-s02.mp3	वर्तुळ कोणतं? त्याला स्पर्श करा.	वर्तूल कोनत त्याला स्परशकरा
0.88	eng-nur-water-animals-s05.mp3	दूर बघा, तो देवमासा आहे. देवमासा सगळ्यात मोठा प्राणी आहे.	दूर बगा तो देव मसा है, देव मसा सग्यात मोठा प्राणिया है।
0.88	eng-nur-water-animals-s06.mp3	हा ऑक्टोपस आहे. याला आठ हात असतात.	हाँ ओक्टोपस आहे यला आठातस्तात
0.88	evs-lkg-community-helpers-s02.mp3	हे डॉक्टर आहेत. आपण आजारी पडलो की डॉक्टर आपल्याला बरं करतात.	हे डॉक्टर आहेत अपन आजारी पडलो की डॉक्टर अपलाला बर्य करतात।
0.88	evs-lkg-healthy-food-s01.mp3	यांपैकी पौष्टिक अन्न कोणतं? त्याला स्पर्श करा.	यापै की पौश्टिक अन्नकोनत तेला स्पर्शकरा
0.88	evs-nur-rainbow-s01.mp3	आधी पाऊस पडला.	आधी पाउस पडला
0.88	evs-ukg-dinosaur-park-s10.mp3	वर बघ! तो टेरॅनोडॉन आहे. तो उडू शकत होता. तो डायनासोर नाही, पण त्यांच्यासोबत राहत होता.	वर बग तो टेरानोडा नाहे तो उडूशकत होता तो डाइनासोर नही पन ट्यांचा सोबत रहत होता
0.88	evs-ukg-farm-visit-duck.mp3	हे बदक आहे. बदक तळ्यात पोहतं.	हे बदक आहे, बदक तर्याप पोहता
0.88	evs-ukg-germination-s02.mp3	बी पाणी पिऊन फुगतं. त्यातून एक छोटंसं मूळ बाहेर येतं आणि खाली वाढतं.	बी पाणी पिउन फुकत, त्यातुन एक छोट समूल बाहेर येत आणि खाली वारतों.
0.88	evs-ukg-germination-s06.mp3	बीपासून रोप बनण्याला अंकुरण म्हणतात. तुम्हीसुद्धा एक बी पेरून बघा!	बी पसुन रोप बन्यला अंकुरण मनतात। तुम्ही सुध्धा एक बी पेरुन्बगा।
0.88	evs-ukg-national-symbols-s02.mp3	हा आपला राष्ट्रध्वज आहे, तिरंगा. यात केशरी, पांढरा आणि हिरवा रंग आहे, आणि मध्यभागी अशोक चक्र.	हाँ अपला राष्ट्रध्वजा हे तिरंगा, यातकेशरी, पांडरा अणी हिर्वारंगा हे अणी मध्यभागी अशोक चक्रव
0.88	evs-ukg-plant-parts-s01.mp3	हे एक रोप आहे. ते मातीत उगवतं. चला त्याचे भाग बघूया.	हे एक रोपा हे ते मातित उगवता चला तैसे भाग बगोया
0.88	evs-ukg-plant-parts-s02.mp3	ही मुळं आहेत. मुळं मातीखाली असतात. ती पाणी पितात आणि रोपाला घट्ट धरून ठेवतात.	ही मुला आहेत, मुला माती खली असतात, पी पाणी पितात आणी रोपाला घट धरुन धेवतात.
0.88	evs-ukg-seasons-s04.mp3	पावसात आपण छत्री घेतो. जमिनीवर डबकी साचतात.	पावसात अपण चत्री घेतों, जमीनीवर डबकी सास्तात
0.88	evs-ukg-serpentarium-s04.mp3	हा हिरवा साप आहे. तो झाडांवर राहतो.	हां हिर्वासा पाहे तो जाडानवर रहतों
0.88	evs-ukg-snow-camp-s06.mp3	हे इग्लू आहे. बर्फाच्या ठोकळ्यांनी बनवलेलं घर. खूप थंड ठिकाणी लोक याच्या आत उबदार राहतात.	ये इगलू आहे बरफाचा ठोकल्यान मी बनावलेला घर, खूब थंड़ा ठिकानी लोक याचा आत उबदार रहतात।
0.88	evs-ukg-village-city-s02.mp3	फक्त एक मजला, आणि समोर ओसरी.	फक्त एक मजला अनि समोर ओसरी
0.88	evs-ukg-village-city-s03.mp3	आता हे शहर आहे. इमारती उंच आहेत.	आता हे शहराहे इमारती उन्सा आहेत।
0.88	gk-lkg-sports-equipment-s01.mp3	खेळल्याने आपण तंदुरुस्त राहतो. प्रत्येक खेळाचं स्वतःचं साहित्य असतं.	खेल्डाने आपन तंदुरूस्त रहतू, प्रत्ये खेलाचा स्वताचा साहित्य अस्तौ।
0.88	gk-lkg-sports-equipment-s08.mp3	ही हॉकी स्टिक आहे.	इह हॉकी स्टी कहे
0.88	hin-lkg-sabji-rang-s02.mp3	टोमॅटो लाल असतो.	तोमेटो लाल अस्तो
0.88	hin-ukg-swar-s01.mp3	आता हे स्वर बघा.	आता हे स्वर्बगा
0.88	hin-ukg-vyanjan-s25.mp3	आता प वर्ग बघा.	आता पो वर्ग बगा
0.88	horse_about.mp3	हा घोडा आहे. घोडा वेगाने धावतो.	हां घोडा है घोडा वेगा ने धाउतों
0.88	math-lkg-same-different-s01.mp3	तीन सारखे आहेत. एक वेगळा आहे. वेगळ्याला स्पर्श करा.	तीन सार्खे आहेत एक वेगड़ा है वेगड़ाला स्पर्शकरा
0.88	math-lkg-same-different-s03.mp3	तीन सारखे आहेत. एक वेगळा आहे. वेगळ्याला स्पर्श करा.	तीन सर्खे आहेत, एक वेगला हे, वेगलाला स्पर्शकरा,
0.88	math-nur-count-1-20-s17.mp3	आता म्हणा, सतरा.	आता महना सत्रा
0.88	math-nur-count-1-20-s18.mp3	आता म्हणा, अठरा.	आतामणा अठ्ठ्रा
0.88	math-nur-count-21-50-s04.mp3	आता म्हणा, बावीस.	आताम्हना 22.
0.88	math-nur-count-51-100-s26.mp3	एक्काहत्तर ते पंच्याहत्तर.	71, 53, 75
0.88	math-nur-count-51-100-s61.mp3	आता म्हणा, शंभर.	आताम हना, शंभर
0.88	math-nur-weight-check-s02.mp3	आता, कोणता जास्त हलका आहे? त्याला स्पर्श करा.	आता कोनता जास्त हलका है क्याला स्परशकरा
0.88	math-ukg-divide-single-s04.mp3	सहा भागिले दोन म्हणजे तीन.	सहा भागीले दोन मनजे तीन
0.88	math-ukg-divide-single-s09.mp3	बारा भागिले तीन म्हणजे चार.	बारा भागी ले, तीन मनजे चार.
0.88	math-ukg-multiply-single-s07.mp3	तीन गुणिले चार म्हणजे बारा.	तीन गुणीले, चार मनजे बारा.
0.88	math-ukg-sub-double-s02.mp3	पंधरा वजा पाच म्हणजे दहा.	पंध्रा वजा पाच मनजे दहा
0.88	school_office_s1.mp3	हे कार्यालय आहे. ताई इथे हजेरीपट ठेवतात.	हें कार्या लेया है ताई इत्थे हजेरी पठे उतात।
0.88	school_office_s2.mp3	रोज सकाळी तुमचं नाव त्याच हजेरीपटात लिहिलं जातं.	रोज सकाली तुम्चा नाव त्याज हजरी पटाट लिहील जातों.
0.88	school_office_s3.mp3	कपाट बंद असतं. आपली पुस्तकं आणि खेळणी त्यात सुरक्षित असतात.	कपाट बंद अस्त अपली पुस्तक आणी खेलनी त्याज सुरक्षित अस्तात।
0.88	solar_system_s6.mp3	मंगळ लाल आहे कारण त्याची धूळ गंजासारखी आहे. तिथे पिण्याचं पाणी नाही.	मंगल लाला हे, कारण त्याची धूल गंजा सर्खिया हे, तिथे पिल्णेयाच पाणी नाही.
0.88	solar_system_s9.mp3	युरेनस कुशीवर पडलेला आहे, घरंगळणाऱ्या चेंडूसारखा.	युरेनस कुशी वर पडलेला आहे घरंगलनार्या चेंडु सार खा
0.89	evs-lkg-animal-footprints-s08.mp3	हे हत्तीने उमटवले!	हे हतीने उम्टोले
0.89	demo-street-s01.mp3	हा रस्ता आहे, आणि दोन्ही बाजूंना दुकानं आहेत.	हा रस्ता है आणी दोन ही बाजुना दुकाना है था
0.89	eng-lkg-days-week-s08.mp3	सोमवार ते रविवार, हा झाला पूर्ण आठवडा.	सोमवारते रवीवार हाज धाला पूर्ण आठोडा
0.89	eng-lkg-months-year-s07.mp3	मग जुलै.	मग जुलेई
0.89	eng-lkg-transport-types-s04.mp3	ही बस आहे.	ही बसा है
0.89	eng-lkg-transport-types-s12.mp3	ही आकाशात उडतात.	ही आकाशात उड़तार
0.89	eng-nur-bird-animal-sounds-cat.mp3	हे मांजर आहे. मांजर म्याव म्याव करतं.	हे मांजर आहे, मांजर म्याओ, म्याओ करतो.
0.89	eng-nur-colors-s02.mp3	हा लाल आहे.	हा, लाला हे
0.89	eng-nur-find-shapes-s02.mp3	खोलीत एक चौरस लपला आहे. तो शोधा आणि त्याला स्पर्श करा.	खोलीत एक चवरस लपला हे तो शोधा और त्याला स्पर्श करा
0.89	eng-nur-fruits-s03.mp3	हे केळं आहे.	हे के आहे
0.89	eng-nur-insects-s07.mp3	हा नाकतोडा आहे. नाकतोडा उंच उडी मारतो.	हां नाक तोड़ा है, नाक तोड़ा उन्स उडि मारतों।
0.89	eng-nur-letters-a-e-s21.mp3	डी, डॉग, म्हणजे कुत्रा.	डी डॉग मंजे कुत्रा
0.89	eng-nur-letters-a-e-s30.mp3	ई. हत्ती, गरुड, अंडं.	E हत्ती गरूड अंड
0.89	eng-nur-letters-p-t-s28.mp3	टी. वाघ, कासव, टोमॅटो.	टीवाग, कासव, टोमेटो
0.89	eng-nur-shapes-s08.mp3	हा तारा आहे.	हां तारा है
0.89	eng-nur-vegetables-s09.mp3	हे वांगं आहे.	हे वांगा हे
0.89	eng-nur-water-animals-s03.mp3	हे कासव आहे. कासवाच्या पाठीवर कठीण कवच असतं.	हे कासवा हे, कासवा चा पाठी वर कठीन कवचस्त.
0.89	eng-nur-wild-animals-s01.mp3	हे जंगल आहे. इथे जंगली प्राणी राहतात.	ये जंगल आहे इते जंगली प्राणी रहतात।
0.89	eng-ukg-phonics-s25.mp3	आता ही अक्षरं बघा.	आता ही अक्षर बगा
0.89	evs-lkg-animal-food-s07.mp3	कुत्रा हाड चघळतो.	कुत्रा हाडच घणतो
0.89	evs-lkg-animal-food-s10.mp3	हा ससा आहे.	हास साहे
0.89	evs-lkg-animal-footprints-s01.mp3	जमिनीवर हे कोणाच्या पावलांचे ठसे आहेत?	जमी मीवार हे कोणाचा पावलांचे ठसे आहे तुछ।
0.89	evs-lkg-animal-habitats-s01.mp3	आपण घरात राहतो. प्राण्यांचीसुद्धा घरं असतात. बघूया, कोण कुठे राहतं.	अपण घरात रातो, प्राणयांची सुधा घरस्तात, बघुया कों कुठे रात?
0.89	evs-lkg-animal-habitats-s10.mp3	ही गाय आहे.	ही गाया हे
0.89	evs-lkg-animal-habitats-s11.mp3	गाय गोठ्यात राहते.	गाई गोठ्यात रहते
0.89	evs-lkg-body-parts-s02.mp3	हे डोकं आहे.	हे डो का हे
0.89	evs-lkg-body-parts-s09.mp3	हे पोट आहे.	हे पोट हे
0.89	evs-lkg-community-helpers-s07.mp3	हे पोस्टमन आहेत. पोस्टमन आपली पत्रं आणतात.	हे पोस्ट मनाहेत, पोस्ट मन अपली पत्रा अणतात।
0.89	evs-lkg-professions-s01.mp3	प्रत्येकजण आपलं काम करतो, आणि प्रत्येक कामाचं स्वतःचं साधन असतं.	प्रत्येक जण अपला काम करतो और प्रत्येक कामाचा स्वताहाचा साधनस्त।
0.89	evs-ukg-farm-visit-horse.mp3	हा घोडा आहे. घोडा गाडी ओढतो आणि वेगाने धावतो.	हां घोडा है घोडा गाडी ओडतो आणी वेगाने धातो
0.89	evs-ukg-flowers-s06.mp3	हे जास्वंद आहे. त्याचा रंग गडद लाल असतो.	हे जास्वंदा है, क्याचा रंग गडद लालस्तों?
0.89	evs-ukg-india-culture-s03.mp3	खूप ठिकाणी लोक डोक्यावर फेटा बांधतात.	खूप ठिकानी लोक डोक्यावर फेटा बांधता था।
0.89	evs-ukg-safe-touch-s05.mp3	दुसरी, तिथून दूर जा.	दूसरी तितुन दूर्जा
0.89	evs-ukg-states-india-s02.mp3	राजस्थानात वाळवंट आहे. तिथे उंट चालतात.	राजस्थाना त्वालवंटा है तिथे उंट चालता
0.89	gk-lkg-sports-equipment-s10.mp3	हा बास्केटबॉल आहे.	हाँ बास्केक बॉल आहे
0.89	hin-lkg-sabji-rang-s04.mp3	गाजर केशरी असतं.	गाजर केश्रियस्तो
0.89	hin-lkg-sabji-rang-s05.mp3	हे वांगं आहे.	हे वांगा हे
0.89	hin-nur-janvar-boliya-s01.mp3	प्राण्यांचे आवाज ऐका. ज्याच्याकडे बघाल, तो बोलेल.	प्राण्यांचे आवाज आई का जाचा कड़े बघाल तो बोलेल
0.89	hin-nur-vadya-yantra-s03.mp3	ही ढोलकी आहे. ती दोन्ही बाजूंनी वाजवतात.	ही डोल किया है ती दोन ही बाजुनी वाजवतात।
0.89	hin-ukg-vyanjan-s22.mp3	हे द आहे.	हेद्द आहे
0.89	hin-ukg-vyanjan-s29.mp3	हे भ आहे.	हे भव आहे
0.89	hin-ukg-vyanjan-s33.mp3	हे र आहे.	हे अर आहे
0.89	math-lkg-full-empty-s03.mp3	ही वाटी भरलेली आहे.	ही वाटी भरले लिया है
0.89	math-lkg-odd-even-s02.mp3	दोन, सम, प्रत्येकाला जोडी आहे.	दों सम् प्रत्यकाला जोडिया है
0.89	math-nur-big-small-s01.mp3	हा मोठा आहे.	हां, मोठा है
0.89	math-nur-count-21-50-s22.mp3	आता म्हणा, सदतीस.	आता महना सदतीस
0.89	math-nur-count-21-50-s37.mp3	आता म्हणा, पन्नास.	आतामहना पन्नास
0.89	math-nur-count-51-100-s06.mp3	आता म्हणा, चोपन्न.	आता महना चोपन्न
0.89	math-nur-count-51-100-s19.mp3	आता म्हणा, पासष्ट.	आतम्हना पासष्ट
0.89	math-nur-count-check-s03.mp3	त्रेचाळीस कुठे आहे? त्याला स्पर्श करा.	त्रेचा इसकुठेया है त्यालास पर्शकरा
0.89	math-nur-near-far-s04.mp3	आणि हा चेंडू दूर आहे.	आणी हाचेंगडू दूरा है
0.89	math-nur-wide-narrow-s01.mp3	हा रस्ता रुंद आहे. यावरून बस जाऊ शकते.	हा रस्ता रुंदा है यावरुन बर्स जाउशकते
0.89	math-ukg-add-double-s04.mp3	बारा अधिक सहा म्हणजे अठरा.	बारा अधेक सहा, मनजे अठरा.
0.89	math-ukg-odd-one-out-s01.mp3	यांपैकी एक वेगळा आहे, रंग बघा. त्याला स्पर्श करा.	यांपे की एक वेगणा है रंगबघा क्यालास परशकरा
0.89	physics_lab_s2.mp3	दोरीवर लटकणारा तो छोटा चेंडू म्हणजे लंबक. तो इकडे-तिकडे झुलतो.	दोरीवर लटकणारा तो छोटा चेंडू मनजे लंबक, तो इकड़े तिकड़े जुर्तो।
0.90	eng-nur-domestic-animals-s03.mp3	ही म्हैस आहे. म्हैससुद्धा दूध देते.	ही मही साहे मही सुधा दूध देते
0.90	demo-india-flag.mp3	हा आपला राष्ट्रध्वज आहे, तिरंगा.	हाँ आपला राश्ट्र ध्वजा है तिरंगा
0.90	eng-lkg-animal-sound-names-s01.mp3	प्रत्येक प्राण्याच्या आवाजाला एक नाव असतं.	प्रत्येक प्राण्याचा अवाजाला एक नावस्तो
0.90	eng-nur-birds-s05.mp3	हा पोपट आहे. पोपटाची पिसं रंगीबेरंगी असतात.	हाँ पोपटा है, पोपटाची पीसर रंगी बेरंगी अस्तार
0.90	eng-nur-colors-check-s02.mp3	गुलाबी कोणता? त्याला स्पर्श करा.	गुलाबी कोणता, टेलास परशकरा
0.90	eng-nur-elephant-story-s02.mp3	एके दिवशी खूप गरम होत होतं. सूर्य प्रखर तळपत होता. अप्पूला खूप तहान लागली.	एकी दिवशी खूब गरम होत होता, सूरिय प्रखर तरपत होता, अप्पुला खूब कहान लागली
0.90	eng-nur-letters-a-e-s11.mp3	बी, बटरफ़्लाई, म्हणजे फुलपाखरू.	बी बट्रफलाई मनजे फुलपाखरू
0.90	eng-nur-letters-a-e-s18.mp3	सी. मांजर, कावळा, खेकडा.	सी मंजर, कावडा, खेकडा
0.90	eng-nur-letters-p-t-s05.mp3	पी, पुलिस कार, म्हणजे पोलीस गाडी.	पी, पुलीस कार, मनजे पोलीस गाडी.
0.90	eng-nur-letters-p-t-s13.mp3	आर, रॅबिट, म्हणजे ससा.	आर राबेट मंजे ससा
0.90	eng-nur-letters-p-t-s20.mp3	एस, स्टारफ़िश, म्हणजे तारामासा.	एस स्टारफीश मनजे तारा मसा
0.90	eng-nur-wild-animals-s04.mp3	हा हत्ती आहे. हत्ती खूप मोठा असतो.	हा, हत्तिया है, हत्ती खूप मुठास तो
0.90	eng-ukg-phonics-s04.mp3	सी चा आवाज, क. माझ्यासोबत म्हणा.	सीचा आवाज क माचा सोबत महणा
0.90	eng-ukg-phonics-s23.mp3	एस चा आवाज, स. माझ्यासोबत म्हणा.	एस चा आवाज सर माझा सोबत मणा
0.90	evs-lkg-body-parts-s05.mp3	हे कान आहेत. कानांनी आपण ऐकतो.	हे कानाहेत, कानानी आपण इकतो
0.90	evs-lkg-community-helpers-s04.mp3	हे पोलीस आहेत. पोलीस आपलं रक्षण करतात.	हे पोलीस आहेत, पोलीस अपल रक्षण करतार।
0.90	evs-lkg-special-vehicles-s07.mp3	रुग्णवाहिकेचा किंवा आगीच्या बंबाचा सायरन वाजला, की सगळे तिला वाट देतात.	रुगण वाही केचा कि मा आगी चा बंबाचा सायरन वाजला, की सगले तीला वाड देतात।
0.90	evs-ukg-farm-visit-cow.mp3	ही गाय आहे. ती गवत खाते आणि आपल्याला दूध देते. तिच्या पिल्लाला वासरू म्हणतात.	ही गाया हे ती गवत खाते अणी आपलेला दूध देते तीचा पिल्लाला वासरु महनता त।
0.90	evs-ukg-farm-visit-s02.mp3	कोणता प्राणी आपल्याला दूध देतो? त्याला शोधा.	कोण ता प्राणी अपल्याला दूद देतो त्याला शोधा
0.90	evs-ukg-river-crossing-s04.mp3	ही होडी आहे. होडीनेसुद्धा नदी पार करता येते.	ही होडिया है होडिने सुध्धा नदी पार करता येते
0.90	evs-ukg-states-india-s07.mp3	पश्चिम बंगालच्या सुंदरबनात वाघ राहतात.	पश्चिम बंगालचा सुन्दर बनात वाग रहतात
0.90	evs-ukg-village-city-s05.mp3	गावात बैठी, शहरात उंच, आणि दोन्हीकडे माणसं राहतात.	गावात बैठी शहरात उन्स आणी दोन हीकडे मानस रहतात।
0.90	gk-ukg-sink-float-s04.mp3	नारळ तरंगतो, तो पाण्यावर राहतो.	नारल तरंग तो तो पाणया वर्हातो
0.90	hin-ukg-matra-s07.mp3	क ला ई मात्रा लागली, की.	कला यी मात्रा लगली की
0.90	hin-ukg-matra-s09.mp3	क ला उ मात्रा लागली, कु.	क लाउ मत्रलागी, कुछ
0.90	math-lkg-full-empty-s01.mp3	हा ग्लास भरलेला आहे.	हाग गलास भर लिला है
0.90	math-lkg-half-whole-s03.mp3	हे पूर्ण नासपती आहे.	हे पूर्ण नास्पतिया है
0.90	math-lkg-odd-even-s05.mp3	पाच, विषम, एक उरतो.	पाच विशम एक उर्तो
0.90	math-nur-count-51-100-s05.mp3	आता म्हणा, त्रेपन्न.	अताम्हणा त्रेपन्न
0.90	math-nur-count-51-100-s17.mp3	आता म्हणा, त्रेसष्ट.	आता महणा त्रेसश्ट
0.90	math-nur-count-51-100-s20.mp3	सहासष्ट ते सत्तर.	सहा सश्ट ते सत्तर
0.90	math-nur-count-51-100-s21.mp3	आता म्हणा, सहासष्ट.	आता महना सहा सष्टो
0.90	math-nur-count-51-100-s33.mp3	आता म्हणा, शहात्तर.	आता महना शहात्तर
0.90	math-nur-light-heavy-s01.mp3	हा तराजू आहे. कोणती वस्तू जड आहे ते हा सांगतो.	हा तराजवा हे, कोणती वस्तु जड़ा हे, ते हा सांतों
0.90	math-nur-up-down-s01.mp3	लाल चेंडू वर आहे, कपाटाच्या वर.	लाल चेंडू वराहे, कपाटाचा वराहे,
0.90	solar_system_s8.mp3	शनीची कडी बर्फ आणि दगडाची बनलेली आहेत.	शनीची कडी बर्फ और दगडाची बनलेली आहेत।
0.90	eng-nur-insects-s04.mp3	हे फुलपाखरू आहे. फुलपाखराचे पंख रंगीबेरंगी असतात.	ये फूल पाखुरू आहें, फूल पाखराच से पॉंखा रंगी बेरंगी अस्ताथ
0.91	eng-lkg-transport-types-s10.mp3	हे जहाज आहे.	हे जे हाजा हे
0.91	eng-lkg-myself-s01.mp3	नमस्कार! माझं नाव मीना. मी चार वर्षांची आहे. मी मुलगी आहे.	नमस्कार माजन आवमिना मी चार वर्शांची आहे मी मुल्गी आहे
0.91	eng-lkg-transport-sort-s03.mp3	हे विमान आहे. हे कुठे चालतं, रस्त्यावर, पाण्यावर, की आकाशात? योग्य जागेला स्पर्श करा.	हे विमाला हे, हे कुठे चालत रस्त्यावर, पान्यावर की आकाशात योग्य जागेला स्पर्षकरा.
0.91	eng-lkg-transport-types-s02.mp3	ही रस्त्यावर चालतात.	ही रस्त्यावर चालताथ
0.91	eng-lkg-transport-types-s13.mp3	हे विमान आहे.	हे विमाना हे
0.91	eng-nur-colors-s05.mp3	हा हिरवा आहे.	हां, हिरवा है
0.91	eng-nur-domestic-animals-s07.mp3	हा कुत्रा आहे. कुत्रा घराची राखण करतो.	हां कुत्रा है, कुत्रा घराची राखन करतों
0.91	eng-nur-domestic-animals-s08.mp3	हे मांजर आहे.	हे मांजरा हे
0.91	eng-nur-find-shapes-s01.mp3	खोलीत एक वर्तुळ लपलं आहे. तो शोधा आणि त्याला स्पर्श करा.	कोलीत एक वर्तुल अपला है तो शोधा आणि त्याला स्पर्शकरा
0.91	eng-nur-find-shapes-s03.mp3	खोलीत एक त्रिकोण लपला आहे. तो शोधा आणि त्याला स्पर्श करा.	खोलीत एक त्रीकों लपला है तो शोधा आणिकाला स्पर्शकरा
0.91	eng-nur-fruits-s04.mp3	हे संत्रं आहे.	हे संत्रा हे
0.91	eng-nur-insects-s01.mp3	हे कीटक आहेत. कीटक खूप लहान असतात, इथे आम्ही ते मोठे करून दाखवले आहेत. मोजा, प्रत्येक कीटकाला सहा पाय असतात.	हे कीटक आहेत, कीटक खुब लहानस्तात इथे आमीरते मोठे करुन दाखोले आहेत, मोजा प्रत्य कीटकाला सहा पायस्तार
0.91	eng-nur-letters-a-e-s24.mp3	डी. कुत्रा, बदक, डॉल्फिन.	D. कुत्रा, बदक, डॉल्फिन
0.91	eng-nur-letters-p-t-s22.mp3	एस. मेंढी, तारामासा, जहाज.	एसमेंडी तारा मसा जहाज
0.91	eng-nur-letters-u-z-s12.mp3	डब्ल्यू, वॉटरमेलन, म्हणजे कलिंगड.	डबल्यू, वाटरमेलन, मनजे कलींगड,
0.91	eng-nur-shapes-s05.mp3	हा आयत आहे.	हा आयता है
0.91	eng-nur-vegetables-s02.mp3	हे गाजर आहे.	हे गाजरा हे
0.91	evs-lkg-animal-babies-s05.mp3	आणि हे तिचं पिल्लू, कोकरू.	अणि हे तीचा पिल्लू कोकरू
0.91	evs-lkg-animal-babies-s06.mp3	हा कुत्रा आहे.	हा कुत्रा हे
0.91	evs-lkg-animal-babies-s08.mp3	हे मांजर आहे.	हे मांजरा हे
0.91	evs-lkg-animal-habitats-s04.mp3	हा कुत्रा आहे.	हां कुत्रा है
0.91	evs-lkg-market-s03.mp3	इथे सफरचंदं मिळतात.	इत्थे सफर चंद मेतात
0.91	evs-lkg-special-vehicles-s04.mp3	हा आगीचा बंब आहे. तो आग विझवायला जातो.	हां आगी चा बंबा हे तो आग विजवायला जातों
0.91	evs-ukg-balloon-ride-s02.mp3	खाली, नदी, शेतं आणि घरं. इथून ती किती छोटी दिसतात!	खाली, नदी, शेत अणी घर इतुन तिकिती छोटी दिस्तत।
0.91	evs-ukg-dinosaur-park-s04.mp3	हा स्टेगोसॉरस आहे. त्याच्या पाठीवर मोठमोठ्या पट्ट्या होत्या.	हास टेगो सौरसा है, त्याचा पाठी वर मोठ मोठ्या पत्या होत्या
0.91	evs-ukg-dinosaur-park-s06.mp3	हा अपॅटोसॉरस आहे. त्याची मान खूप लांब होती. तो सर्वात मोठ्या डायनासोरांपैकी एक होता.	हाँ अपैटोसोरसा है, त्याची मान खूप लांब होती, तो सरवाट मोठ्या डाइनासोरान पई की एक होता.
0.91	evs-ukg-flowers-s01.mp3	फुलं झाडांवर उमलतात. प्रत्येक फुलाचा स्वतःचा रंग आणि स्वतःचा सुगंध असतो.	फुल जाडान वर उमल्तात, प्रतेक फुलाचा स्वताहाचा रंग आणि स्वताहाचा सुगंधा स्तो.
0.91	evs-ukg-germination-s04.mp3	अंकुरावर दोन छोटी पानं उघडतात. हे रोपटं आहे.	अंकुरा वर दोन छोटी पानों उगरतात। हे रोपट आहे।
0.91	evs-ukg-river-crossing-s02.mp3	नदी खोल असते आणि पाणी वेगाने वाहतं. आपण कधीही एकटे नदीत उतरत नाही.	नदी खोलस्ते आणी पाणी वेगाने वहातों, अपन कधी ही एक्टे नदी उत्रत नहीं।
0.91	evs-ukg-states-india-s01.mp3	भारत खूप मोठा देश आहे. त्यात अठ्ठावीस राज्यं आहेत. प्रत्येक राज्याची काहीतरी खास गोष्ट आहे.	भारत खूप मोठा देशा है त्याट 28 राज्या है प्रत्येक राज्याची काहितरी खास गोश्टा है
0.91	evs-ukg-states-india-s09.mp3	पंजाबच्या शेतांमध्ये खूप गहू पिकतो.	पंजाब चा शेतान मधे खूप गहु पिक्तो।
0.91	evs-ukg-water-cycle-s05.mp3	पावसाने तळं पुन्हा भरतं. आणि मग हे सगळं पुन्हा सुरू होतं.	पावसाने तल पुना भरत आणि मग हें सग्रापुनाहा सुरू होता।
0.91	gk-lkg-sports-equipment-s06.mp3	ही रॅकेट आहे.	ही राकेटा हे
0.91	gk-lkg-sports-equipment-s12.mp3	ही रॅकेट आहे.	ही रैकेटा हे
0.91	gk-ukg-sink-float-s02.mp3	सफरचंद तरंगतं, ते पाण्यावर राहतं.	सफर चंद तरंगत ते पान्यावर हतो
0.91	hin-lkg-sabji-rang-s03.mp3	हे गाजर आहे.	हे गाज़ रहे
0.91	hin-nur-vadya-yantra-s04.mp3	ही पेटी, हार्मोनियम आहे.	की पेटी हर्मोनियम आहे
0.91	math-lkg-opposites-s01.mp3	हे मोठं आहे.	हे मोठर आहे
0.91	math-lkg-opposites-s07.mp3	हे गरम आहे.	हे गरं आहे
0.91	math-lkg-wet-dry-s02.mp3	हे कापड उन्हात वाळलं. ते कोरडं आहे.	हे कापड उन्हात वाल्ड ते कोरडा हे
0.91	math-ukg-divide-single-s02.mp3	यांचे दोन समान गट करा.	यांसे दोन समान गट करा
0.91	math-ukg-divide-single-s03.mp3	यांचे दोन समान गट करा.	यांसे दोन समान गट करा
0.91	math-ukg-divide-single-s06.mp3	यांचे तीन समान गट करा.	यांसे तीन समान गट करा
0.91	math-ukg-divide-single-s07.mp3	यांचे तीन समान गट करा.	यांसे तीन समान गट करा
0.91	math-ukg-divide-single-s08.mp3	यांचे तीन समान गट करा.	यांसे तीन समान गट करा
0.91	our_classroom_s2.mp3	तुमचे मित्र सतरंजीवर बसले आहेत. त्यांच्यासोबत बसा.	तुम्चे मित्र सत्रन जीवर बसले आहेत। कैंचा सोबत बसा।
0.91	physics_lab_s3.mp3	उतार असलेला फळा म्हणजे उतरण. चेंडू त्यावरून आपोआप घरंगळतो.	उतार असलेला फळा मनचे उत्रण चेंडू त्यावरून आपो आप घरंग तो
0.91	school_kitchen_s2.mp3	मोठं टेबल बघा. जेवण त्यावर तयार ठेवलं जातं.	मोठा टेबल बगा, जेवन त्यावर तयार ठेवल जातों.
0.91	school_kitchen_s3.mp3	पाणी माठात ठेवलं आहे. जेवणानंतर आपण तेच पितो.	पाणी माठा ठेवला हे जेवणानंतर अपण तेच पितों
0.92	eng-lkg-animal-products-s09.mp3	मधमाशी फुलांमधून मकरंद गोळा करते.	मधमाशी फुलान मधुन मकरंद गोडा करते
0.92	eng-lkg-hot-cold-s03.mp3	चुलीवरून उतरवलेलं भांडं गरम असतं.	सुलीवरुन उत्रवलेला भंडगरमस्त
0.92	eng-nur-alphabets-s22.mp3	हे मोठं एच आहे.	हे मोठ एचा हे
0.92	eng-nur-alphabets-s37.mp3	हे मोठं एम आहे.	हे मोठ एमा हे
0.92	eng-nur-alphabets-s40.mp3	हे मोठं एन आहे.	हे मोठा ए नहे
0.92	eng-nur-alphabets-s41.mp3	हे छोटं एन आहे.	हे छोटा एना हे
0.92	eng-nur-alphabets-s56.mp3	हे छोटं एस आहे.	हे छोट एसा है
0.92	eng-nur-alphabets-s64.mp3	हे मोठं वी आहे.	हे मोठव वी आहे
0.92	eng-nur-alphabets-s76.mp3	हे मोठं ज़ेड आहे.	हे मोठा जेडा है
0.92	eng-nur-alphabets-s77.mp3	हे छोटं ज़ेड आहे.	हे छोट जेडा है
0.92	eng-nur-fruits-s10.mp3	हे कलिंगड आहे.	हे, कलिंगड़ा हे
0.92	eng-nur-letters-a-e-s12.mp3	बी. केळं, अस्वल, फुलपाखरू.	बी केड़, अस्वल, फुलपाखरू
0.92	eng-nur-letters-k-o-s12.mp3	हे मोठं एम आहे.	हे मोठ एमा है
0.92	eng-nur-letters-p-t-s11.mp3	हे मोठं आर आहे.	हे मोठा आ रहे
0.92	eng-nur-letters-u-z-s24.mp3	हे मोठं ज़ेड आहे.	हे मोठा जेडा है
0.92	eng-nur-shapes-s07.mp3	हा लंबगोल आहे.	हां लंबगोला है
0.92	eng-nur-water-animals-s04.mp3	हा डॉल्फिन आहे. डॉल्फिन खूप हुशार असतो.	हाँ डॉल्फिन आहे डॉल्फिन खूब हुशा रस्तो
0.92	eng-nur-wild-animal-traits-s06.mp3	गेंड्याच्या नाकावर शिंग असतं.	गेंड्याचा नाकावर शींगास्त
0.92	eng-nur-wild-animals-s06.mp3	हे अस्वल आहे.	हे अस्वला हे
0.92	evs-lkg-community-helpers-s03.mp3	या शिक्षिका आहेत. त्या आपल्याला शिकवतात.	या शिक्षी काहेत, त्या अपल्याला शिक्वतात।
0.92	evs-lkg-community-helpers-s05.mp3	हे शेतकरी आहेत. शेतकरी आपल्यासाठी धान्य पिकवतात.	हे शेतकरी आहेत, शेतकरी अपल्या सथी धान्य पिकवतात।
0.92	evs-ukg-germination-s03.mp3	आता एक अंकुर वरच्या दिशेने वाढतो आणि मातीतून बाहेर डोकावतो.	अता एक अंकूर्वर चा दिशेने वाडतो आणि मातीतुन बाहेर डोकावतो
0.92	evs-ukg-places-of-worship-s01.mp3	लोक वेगवेगळ्या ठिकाणी प्रार्थना करतात. चला ती बघूया.	लोक वेगवेगा ठिकाणी प्रार्थना करतात चलाती बगुया
0.92	evs-ukg-river-crossing-s03.mp3	हा पूल आहे. पुलावरून चालत नदी पार करणं सगळ्यात सुरक्षित आहे.	हाँ पूला है, पूला वरुन चालत नदी पार करन सग्यात सुरक्षिता है.
0.92	evs-ukg-river-crossing-s05.mp3	पण नेहमी मोठ्या माणसासोबत, आणि नावाड्याचं ऐकून.	पण नेहिमी मोठ्या मानसा सोबत अणी नावाड्याचा ऐकून.
0.92	evs-ukg-snow-camp-s03.mp3	ही शेकोटी आहे. ती आपल्याला उबदार ठेवते.	ही शेकोटिया है, ती आपलेला उबदार ठेवते
0.92	gk-lkg-sports-equipment-s05.mp3	फुटबॉलमध्ये चेंडूला पायाने मारून गोलमध्ये टाकतात.	फुटबॉल मधे चेंदुला पायाने मारून गोल मधे टकतात।
0.92	gk-lkg-sports-equipment-s07.mp3	बॅडमिंटन रॅकेट आणि शटलकॉकने खेळतात.	बैडमिंटन रैकेट आणी शटकॉक ने खेरतात।
0.92	hin-lkg-khet-upar-niche-s04.mp3	आणि बीटसुद्धा.	आणी बीट सुधा
0.92	hin-ukg-matra-s02.mp3	ही आ मात्रा आहे.	ही आ मत रहे
0.92	hin-ukg-matra-s04.mp3	ही इ मात्रा आहे.	ही इ मत्रा है
0.92	hin-ukg-matra-s08.mp3	ही उ मात्रा आहे.	ही उमत्राहे
0.92	kitchen_about.mp3	हे स्वयंपाकघर आहे. इथे आपलं गरम जेवण शिजतं.	हे स्वयंपाग घर आहे इथे आपला गरम जेवन शिज्त
0.92	math-nur-big-small-s02.mp3	आणि हा छोटा आहे.	आणी हाँ छोटा है
0.92	math-nur-big-small-s04.mp3	आणि हा छोटा आहे.	आणी हाँ छोटा है
0.92	math-nur-count-51-100-s27.mp3	आता म्हणा, एक्काहत्तर.	आता महना 71
0.92	math-ukg-multiply-single-s01.mp3	तीन ची एक रांग.	तींची, एक रांग
0.92	math-ukg-multiply-single-s03.mp3	दोन गुणिले तीन म्हणजे सहा.	दोन गुणीले तीन महन जे सहा
0.92	school_hall_s2.mp3	दोन्ही बाजूला दारं आहेत. प्रत्येक दार वेगळ्या खोलीत जातं.	दोनी बाजुला दार आहेत प्रत्येक दार वेगल्या खोली जातों.
0.92	eng-lkg-animal-products-s10.mp3	मधमाशी आपल्याला मध देते.	मधमाशी अपल्याला मध देते
0.93	eng-lkg-days-week-s02.mp3	सोमवारनंतर मंगळवार येतो.	सोम्वार नंतर मंगलवार्यतो
0.93	eng-lkg-months-year-s09.mp3	मग सप्टेंबर.	मग सप्टेमबर
0.93	eng-lkg-months-year-s11.mp3	मग नोव्हेंबर.	मगनूव हिमबर
0.93	eng-nur-alphabets-s17.mp3	हे छोटं एफ़ आहे.	हे छोटव एफ आहे
0.93	eng-nur-alphabets-s50.mp3	हे छोटं क्यू आहे.	हे छोट तो क्यूआ हे
0.93	eng-nur-alphabets-s70.mp3	हे मोठं एक्स आहे.	हे मोठा एक साहे
0.93	eng-nur-birds-s03.mp3	ही चिमणी आहे. हा छोटासा पक्षी आहे.	ही चिमनी आहे, हाँ छोटा सा पक्षी आहे
0.93	eng-nur-colors-check-s03.mp3	पिवळा कोणता? त्याला स्पर्श करा.	पिवडा कोणता त्यालास परिशकरा
0.93	eng-nur-letters-k-o-s05.mp3	के. कांगारू, पतंग.	के कांगारू पतंग हुँ
0.93	eng-nur-shapes-check-s03.mp3	तारा कोणता? त्याला स्पर्श करा.	तार्या कोणता तैला स्पर्शकरा
0.93	evs-lkg-healthy-food-s03.mp3	यांपैकी पौष्टिक अन्न कोणतं? त्याला स्पर्श करा.	यांपाई की पौश्टीक अन्नकोणतो त्याला स्पर्श करा
0.93	evs-lkg-professions-s04.mp3	या शिक्षिका आहेत.	या शिक्षिकाहेत
0.93	evs-nur-festivals-s07.mp3	आणि एकमेकांना भेटवस्तू देतो.	अणि एक मेका ना भेटवस्तु देतों
0.93	evs-ukg-dinosaur-park-s02.mp3	दूर बघ. तो डोंगर एक ज्वालामुखी आहे, आणि त्याचा उद्रेक होतो आहे. त्याच्या वरून धूर आणि आग बाहेर येते आहे. खूप पूर्वी पृथ्वीवर खूप ज्वालामुखी होते.	दूरबग तो डोंगर एक ज्वाला मुखी आहे आणि त्याचा उद्रेख होतो आहे त्याचा वरुन धूर आणि आग बाहेर येते आहे खूब पुर्वी प्रुथ्वीवर खूब ज्वाला मुखी होते
0.93	evs-ukg-flowers-s02.mp3	हा गुलाब आहे. गुलाबाला काटे असतात. त्याचा सुगंध खूप छान असतो.	हा गुलाबा है, गुलाबाला काटे असतात, त्याचा सुगंधा खुप चानस्तो.
0.93	evs-ukg-flowers-s05.mp3	हे कमळ आहे. कमळ पाण्यात उमलतं. ते आपलं राष्ट्रीय फूल आहे.	हे कमल आहे कमल पाण्यात उमलत ते आपला राष्ट्रिय फूल आहे
0.93	evs-ukg-places-of-worship-s03.mp3	हा गुरुद्वारा आहे. शीख लोक इथे प्रार्थना करतात.	हागुरुद्वारा है, शीख लोक इते प्रार्थना करतात।
0.93	evs-ukg-places-of-worship-s04.mp3	ही मशीद आहे. मुस्लिम लोक इथे प्रार्थना करतात.	ही मशिदा है मुसलिम लोग इथे प्रार्थना करतात।
0.93	evs-ukg-places-of-worship-s05.mp3	हे मंदिर आहे. हिंदू लोक इथे प्रार्थना करतात.	हे मंदीरा हे हिंदू लोक इते प्रार्थन करतात।
0.93	evs-ukg-safe-touch-s01.mp3	ही मीना आहे. मीनाचं शरीर मीनाचं स्वतःचं आहे. तुमचं शरीर तुमचं स्वतःचं आहे.	ही मीना हे, मीनाचा शरीर मीनाचा स्वताहचा हे, तुम्चा शरीर तुम्चा स्वताहचा हे
0.93	evs-ukg-serpentarium-s02.mp3	काच आपल्याला सुरक्षित ठेवते. आपण फक्त बघतो. काचेवर टकटक करत नाही.	काच आपलाला सुरक्षित ठेवते, आपन फक्त बक्तो, काचे वर टक्टक करत नहीं.
0.93	evs-ukg-states-india-s08.mp3	आसाममध्ये एकशिंगी गेंडा राहतो.	आसाम मधे एक शींगी गेंडा रातों।
0.93	hin-lkg-sabji-rang-s10.mp3	कोबी हिरवा असतो.	कोबी हिरवास तो
0.93	math-lkg-odd-even-s04.mp3	चार, सम, प्रत्येकाला जोडी आहे.	चार सम प्रत्यकाला जोडिया है
0.93	math-lkg-odd-even-s06.mp3	सहा, सम, प्रत्येकाला जोडी आहे.	सहा, सम, प्रत्यकला जोडिया है
0.93	math-lkg-odd-even-s10.mp3	दहा, सम, प्रत्येकाला जोडी आहे.	दहा, सम, प्रत्यकाला जोडिया है
0.93	math-nur-count-check-s01.mp3	सात कुठे आहे? त्याला स्पर्श करा.	साथ कुठे आहे त्याला स्पर्शकरा
0.93	math-nur-in-out-s01.mp3	हे सफरचंद भांड्याच्या आत आहे.	हे सफरचंद भांडयाचा आता है
0.93	math-nur-near-far-s03.mp3	हा चेंडू जवळ आहे.	हाचेंडू जवळा है
0.93	math-ukg-multiply-single-s06.mp3	चार च्या तीन रांगा.	चार चा तिन रंगा
0.93	math-ukg-sub-single-s06.mp3	चार मधून तीन काढले, उरला एक.	चार मधून तीन कडले उरला एक।
0.93	math-ukg-sub-single-s09.mp3	पाच मधून एक काढला, उरले चार.	पाच मधून एक काडला उरले चार
0.93	math-nur-count-21-50-s18.mp3	आता म्हणा, चौतीस.	आता मणा चौतीस
0.94	eng-lkg-months-year-s13.mp3	जानेवारी ते डिसेंबर, हे झालं पूर्ण वर्ष.	जानेवारी ते डिसेंबर हे जाल पूर्ण वर्ष।
0.94	eng-lkg-transport-sort-s01.mp3	ही कार आहे. ही कुठे चालते, रस्त्यावर, पाण्यावर, की आकाशात? योग्य जागेला स्पर्श करा.	ही का राहे ही कुठे सालते रस्त्यावर पान्यावर की आकाशात योग्य जागेला स्पर्शकरा
0.94	eng-nur-bird-animal-sounds-duck.mp3	हे बदक आहे. बदक क्वॅक क्वॅक करतं.	हे बदका हे, बदक क्वैक क्वैक करत हूँ
0.94	eng-nur-elephant-story-s01.mp3	हा अप्पू आहे. अप्पू एक हत्ती आहे. तो जंगलात राहतो.	हाँ अप्पु आहे, अप्पु एक हत्या हे, तो जंगलात रहतों.
0.94	eng-nur-find-shapes-s04.mp3	खोलीत एक तारा लपला आहे. तो शोधा आणि त्याला स्पर्श करा.	खोलित एक तारा लपला है तो शोधा अणि त्याला स्परशकरा
0.94	eng-nur-find-shapes-s05.mp3	खोलीत एक आयत लपला आहे. तो शोधा आणि त्याला स्पर्श करा.	खोलित एक आयत लपला हे तो शोधा अणि त्यालास परशकरा
0.94	evs-lkg-animal-babies-s07.mp3	आणि हे त्याचं पिल्लू, कुत्र्याचं पिल्लू.	आणी हेट्याच पिल्लू, कुत्र्याच पिल्लू.
0.94	evs-lkg-animal-footprints-s07.mp3	जमिनीवर हे कोणाच्या पावलांचे ठसे आहेत?	जमीनी वर हे कोणाचा पावलांचे ठसे आहे?
0.94	evs-lkg-animal-habitats-s09.mp3	सिंह गुहेत राहतो.	सीम्ह गुहेत रहातो
0.94	evs-lkg-community-helpers-s06.mp3	हे अग्निशमन दलाचे जवान आहेत. ते आग विझवतात.	हे अगनिशमन दलाचे जवाना हेत, ते आग विजवतात।
0.94	evs-lkg-house-parts-s02.mp3	या भिंती आहेत. त्या घराला आधार देतात.	या भिंती आहेद त्या घराला आधार देतात।
0.94	evs-lkg-market-s06.mp3	हे भाजीचं दुकान आहे.	हे भाजीचा दुकाना हे
0.94	evs-nur-festivals-s04.mp3	मकर संक्रांतीला आपण पतंग उडवतो.	मकर संक्रांतिला आपन पतंग उडवतो.
0.94	evs-nur-festivals-s09.mp3	तुमच्या घरी कोणते सण साजरे करतात?	तुमच्या घरी कोणते सन साजरे करतात।
0.94	evs-ukg-farm-visit-dog.mp3	हा कुत्रा आहे. कुत्रा शेताची राखण करतो.	हाग कुत्रा हे, कुत्रा शेताची राखण करतों
0.94	evs-ukg-serpentarium-s06.mp3	हे कासव आहे. ते आपल्या कवचात लपतं.	हे का सवा हे ते आपल्या कवचात लपताव
0.94	evs-ukg-water-cycle-s01.mp3	सूर्य तळ्यातलं पाणी गरम करतो.	सूरिय तल्यातल पाणी गरम करतों
0.94	hin-lkg-khet-upar-niche-s01.mp3	ही शेताची माती आहे, आणि तिच्या वर जमीन.	ही शेताची मात्पी आहे आणि तीचा वर जमीन।
0.94	math-lkg-open-close-s03.mp3	हा दरवाजा बंद आहे.	हा दर्वाजा बंदा है
0.94	math-nur-count-21-50-s19.mp3	आता म्हणा, पस्तीस.	आतामणा पस्तीस
0.94	math-nur-count-check-s02.mp3	पंधरा कुठे आहे? त्याला स्पर्श करा.	पंध्रा कुठेया है। त्याला स्परिशकरा।
0.94	math-nur-light-heavy-s02.mp3	दगड जड आहे, त्याची बाजू खाली गेली.	दगर जड आहे त्याची बाजू खाली गेली
0.94	school_tour_s2.mp3	आपलं जेवण कुठे शिजतं ते शोधू शकता का?	आपला जेवन कुठे शीजत ते शोधू शकता का?
0.95	eng-lkg-hot-cold-s02.mp3	आईस्क्रीम थंड आहे.	आईस्क्रीम थंडा है
0.95	eng-lkg-months-year-s01.mp3	वर्षात बारा महिने असतात. पहिला जानेवारी.	वरिशात 12 महीने अस्तात पहिला जानेवारी
0.95	eng-lkg-transport-sort-s05.mp3	हे हेलिकॉप्टर आहे. हे कुठे चालतं, रस्त्यावर, पाण्यावर, की आकाशात? योग्य जागेला स्पर्श करा.	हे हेलिकॉप्टर आहे, हे कुठे चालत रस्त्यावर, पान्यवर की आकाशात, योग्य रागेला स्पर्शकरा,
0.95	eng-nur-alphabets-s67.mp3	हे मोठं डब्ल्यू आहे.	हे मोठर डबल्यूआ है
0.95	eng-nur-domestic-animals-s01.mp3	हे पाळीव प्राणी आहेत. ते आपल्यासोबत, आपल्या घरी आणि शेतात राहतात.	हे पायू प्राणी आहेत, ते आपल्या सोबत, आपल्या घरी आणिशेतात रहतात।
0.95	eng-nur-vegetables-s05.mp3	हे मक्याचं कणीस आहे.	हे मक्याचा कणी साहे
0.95	evs-lkg-animal-footprints-s06.mp3	हे कोंबडीने उमटवले!	हे कोमबडीने उम्टवले
0.95	evs-lkg-healthy-food-s02.mp3	यांपैकी पौष्टिक अन्न कोणतं? त्याला स्पर्श करा.	या पैकी पौश्टिक अन्न कोणत त्याला स्पर्श करां।
0.95	evs-ukg-dinosaur-park-s08.mp3	हा पॅकीसेफॅलोसॉरस आहे. त्याचं डोकं जाड आणि गोल होतं, हेल्मेटसारखं.	हां पैकिसल फैलोसारस आहे त्याचा डोका जाड आण गोल होता एलमेट सर्खा
0.95	evs-ukg-farm-visit-hen.mp3	ही कोंबडी आहे. कोंबडी दाणे टिपते आणि अंडी देते.	ही कोंबडी आहे, कोंबडी दाने टिपते आणी अंडी देते
0.95	evs-ukg-safe-touch-s03.mp3	कोणी अशा प्रकारे स्पर्श केला की तुम्हाला वाईट वाटलं, भीती वाटली, किंवा दुखलं, तर तो असुरक्षित स्पर्श आहे. जे भाग कपड्यांनी झाकलेले असतात, त्यांना कोणीही स्पर्श करू शकत नाही.	कोणी अशा प्रकारे स्पर्श केला कि तुम्हाला वाइट वटल, भिती वटली, कि मा दुखला तर्तो असुरक्षिक स्पर्शा है, जे भाग कपड़या नी जाकलेले अस्तात त्याना कोणी ही स्पर्श करू शकत नहीं
0.95	evs-ukg-safe-touch-s06.mp3	तिसरी, विश्वासातल्या मोठ्या माणसाला सांगा.	तिसरी विश्वा सतल्या मोठ्या मानसला सांगा
0.95	evs-ukg-states-india-s06.mp3	ओडिशाच्या समुद्रकिनाऱ्यावर दरवर्षी लाखो कासवं येतात.	ओडिशाचा समुद्र किनार्यावर दर वर्षी लाखो कास्व येतात।
0.95	evs-ukg-water-cycle-s04.mp3	ढग जड आणि करडा होतो, आणि पाऊस पडतो.	ढग जड आणि करडा होतो आणि पाउस पड़तो
0.95	hin-ukg-matra-s03.mp3	क ला आ मात्रा लागली, का.	को ला आमात्रल अगली का
0.95	math-lkg-full-empty-s02.mp3	आणि हा ग्लास रिकामा आहे.	आणी हागलास रिकामा हे
0.95	math-lkg-half-whole-s04.mp3	आणि हे त्याचं अर्धं आहे.	आणी हे त्याच अरधा हे
0.95	math-nur-count-21-50-s11.mp3	आता म्हणा, अठ्ठावीस.	आतामणा 28
0.95	math-nur-count-51-100-s15.mp3	आता म्हणा, एकसष्ट.	आता मणा एक सष्ट
0.95	math-nur-in-out-s02.mp3	हे सफरचंद बाहेर आहे.	हे सफर चंद बाहरा हे
0.96	eng-lkg-in-on-under-s01.mp3	लाल चेंडू टेबलाच्या वर आहे.	लाल चेंडू टेबलाचा वर आहे
0.96	eng-nur-animals-check-s04.mp3	यांपैकी कोण समुद्रात राहतं?	यांपाई की कोण समुद्रत रहतो
0.96	eng-nur-animals-check-s05.mp3	यांपैकी कोण जंगलात राहतं?	यांपाई की कोण जंगलात रहत?
0.96	eng-nur-wild-animal-traits-s01.mp3	प्रत्येक जंगली प्राण्यात काहीतरी खास असतं. चला बघूया.	प्रत्येक जंगली प्राणयात काहितरी खास असत। चला बगुया।
0.96	eng-ukg-behind-front-s05.mp3	पुढे, आणि मागे. हे लक्षात ठेवा.	पूढे आणि मागे है लक्षा ठेवा
0.96	evs-ukg-national-symbols-s01.mp3	आपल्या देशाचं नाव भारत आहे. प्रत्येक देशाची स्वतःची राष्ट्रीय प्रतीकं असतात.	आपल्या देशाचा नाव भारत आहे. प्रत्येक देशाची स्वताहाची राष्ट्रिय प्रतीक अस्ताद.
0.96	hin-lkg-khet-upar-niche-s06.mp3	मकासुद्धा वरच उगवतो.	मकासुधा वरच उगवतो
0.96	math-lkg-opposites-s02.mp3	आणि हे छोटं, मोठ्याच्या उलट.	आणि हे छोट मोठ्याचा उलट।
0.96	math-lkg-opposites-s08.mp3	आणि हे थंड, गरमच्या उलट.	आणि हे थंड गरमचा उलट
0.96	math-lkg-wet-dry-s04.mp3	या टबात पाणी नाही. तो कोरडा आहे.	या टबात पाणी नहीं, तो कोरडा है।
0.96	math-ukg-add-double-s01.mp3	दहा अधिक पाच. विचार करा.	दहा अधिक पाच्छ विचार करा
0.96	math-ukg-compare-numbers-s04.mp3	दोन हा आठ पेक्षा लहान आहे.	दोन हा आठपिक्षा लहन है
0.96	math-ukg-sub-double-s01.mp3	पंधरा वजा पाच. विचार करा.	पंध्रह वजा पाच विचार करा
0.96	math-ukg-sub-double-s03.mp3	अठरा वजा सहा. विचार करा.	अठ्ठरा वज़ा सहा, विचार करा
0.97	demo-india-s01.mp3	हे आपलं प्रांगण आहे. मध्यभागी आपल्या ध्वजावरचं चक्र आहे.	हे आपल प्रांगणा है, मध्य भागी आपल्या ध्वजावर्च चक्रा है
0.97	eng-lkg-transport-sort-s02.mp3	ही होडी आहे. ही कुठे चालते, रस्त्यावर, पाण्यावर, की आकाशात? योग्य जागेला स्पर्श करा.	ही होडी आहे, ही कुठे चालते, रस्त्यावर, पान्यावर की आकाशात, योग्य जागेला स्पर्शकरा.
0.97	eng-nur-elephant-story-s05.mp3	हरणालाही तहान लागली होती. अप्पूने सोंडेत पाणी भरून त्यालाही पाजलं.	भर्णलाही ताहान लगली होती, अप्पुने सोंडेत पाणी भरून त्यालाही पाजल।
0.97	eng-nur-water-animals-s07.mp3	हा खेकडा आहे. खेकडा तिरका चालतो.	हां खेकडा है, खेकडा तिरका चालतो,
0.97	eng-nur-wild-animal-traits-s03.mp3	हत्तीला लांब सोंड असते. सोंडेने तो पाणी पितो.	हत्तीला लांब सोंडस्ते, सोंडेने तो पाणी पितो।
0.97	evs-lkg-animal-footprints-s05.mp3	जमिनीवर हे कोणाच्या पावलांचे ठसे आहेत?	जमीनीवर हे कोणाचा पावलांचे ठसे आहेत।
0.97	evs-lkg-animal-habitats-s05.mp3	कुत्रा त्याच्या घरात, केनेलमध्ये राहतो.	कुत्रात याचा घरात केनेल मध्ये रहतो
0.97	evs-lkg-professions-s10.mp3	हे अग्निशमन दलाचे जवान आहेत.	हे अग्नी शमन दलाचे जवाना हेत।
0.97	evs-ukg-water-cycle-s03.mp3	उंचावर थंडी असते, आणि वाफेचा ढग बनतो.	उन्चा वर थंडी असते आणी वाफेचा ढग बनतों.
0.97	math-nur-light-heavy-s03.mp3	कापूस हलका आहे, त्याची बाजू वर गेली.	कापूस हलका है त्याची बाजू वर गिली
0.98	demo-street-s02.mp3	एक दुकान, एक दवाखाना, एक टपाल कार्यालय आणि एक बँक.	एक दुकान, एक दवा खाना, एक टपाल कार्याले आणी एक बैंक।
0.98	eng-nur-animals-check-s01.mp3	यांपैकी कोण पाण्यात राहतं? त्याला स्पर्श करा.	यापई की कोण पाण्यात रहातों? त्याला स्पर्श करा.
0.98	evs-ukg-plant-parts-s04.mp3	ही पानं आहेत. पानं सूर्यप्रकाशापासून रोपाचं अन्न बनवतात.	ही पाना आहेत, पाना सूर्य प्रकाशा पासुन रोपाच्छ अन्न बनवतात।
0.98	hin-nur-vadya-yantra-s05.mp3	ही बासरी आहे. तिच्यात फुंकर मारून वाजवतात.	ही बासरी आहे तिचात फूंकर मारून वाजवतात।
0.99	eng-lkg-transport-sort-s06.mp3	हे जहाज आहे. हे कुठे चालतं, रस्त्यावर, पाण्यावर, की आकाशात? योग्य जागेला स्पर्श करा.	हे जहाजा हे, हे कुठे चालत, रस्त्यावर, पाण्यावर की आकाशात योग्य जागेला स्पर्शकरा.
1.00	cow.mp3	ही गाय आहे.	ही गाय आहे
1.00	eng-lkg-animal-products-s02.mp3	ही गाय आहे.	ही गाय आहे
1.00	eng-lkg-days-week-s04.mp3	बुधवारनंतर गुरुवार येतो.	बुधवार नंतर, गुरुवार येतो.
1.00	eng-lkg-days-week-s05.mp3	गुरुवारनंतर शुक्रवार येतो.	गुरुवार नंतर शुक्रवार येतो
1.00	eng-lkg-days-week-s06.mp3	शुक्रवारनंतर शनिवार येतो.	शुक्रवार नंतर, शनीवार ये तो.
1.00	eng-lkg-days-week-s07.mp3	शनिवारनंतर रविवार येतो.	शनिवार नंतर रवी वार येतो
1.00	eng-lkg-in-on-under-s04.mp3	वर. खाली. आत.	वर खाली, आत
1.00	eng-lkg-months-year-s02.mp3	मग फेब्रुवारी.	मग फेबरुवारी
1.00	eng-lkg-months-year-s03.mp3	मग मार्च.	मग मार्च
1.00	eng-lkg-months-year-s05.mp3	मग मे.	मग में
1.00	eng-lkg-months-year-s06.mp3	मग जून.	मग, जून
1.00	eng-lkg-months-year-s12.mp3	मग डिसेंबर.	मग डिसेंबर
1.00	eng-lkg-transport-sort-s04.mp3	ही बस आहे. ही कुठे चालते, रस्त्यावर, पाण्यावर, की आकाशात? योग्य जागेला स्पर्श करा.	ही बस आहे, ही कुठे चालते, रस्त्यावर, पाण्यावर की आकाशात, योग्या जागेला स्परशकरा,
1.00	eng-lkg-transport-types-s08.mp3	ही पाण्यावर चालतात.	ही पाणया वर चालतात।
1.00	eng-lkg-transport-types-s09.mp3	ही होडी आहे.	ही होडी आहे
1.00	eng-lkg-transport-types-s14.mp3	हे हेलिकॉप्टर आहे.	हे हेलिकॉप्टर आहे
1.00	eng-nur-alphabets-s01.mp3	हे मोठं ए आहे.	हे मोठ ए आहे
1.00	eng-nur-alphabets-s04.mp3	हे मोठं बी आहे.	ही मूठा बी आहे
1.00	eng-nur-alphabets-s10.mp3	हे मोठं डी आहे.	हे मोठा डी आहे
1.00	eng-nur-alphabets-s20.mp3	हे छोटं जी आहे.	हे छोटजी आहे
1.00	eng-nur-alphabets-s23.mp3	हे छोटं एच आहे.	हे छोट एच आहे
1.00	eng-nur-alphabets-s26.mp3	हे छोटं आई आहे.	हे छोटा आई आहे
1.00	eng-nur-alphabets-s28.mp3	हे मोठं जे आहे.	हे मोठ जे आहे
1.00	eng-nur-alphabets-s29.mp3	हे छोटं जे आहे.	हे छोट जे आहे
1.00	eng-nur-alphabets-s47.mp3	हे छोटं पी आहे.	हे छोटा पी आहे
1.00	eng-nur-alphabets-s49.mp3	हे मोठं क्यू आहे.	हे मोठा क्यू आ हे
1.00	eng-nur-alphabets-s58.mp3	हे मोठं टी आहे.	हे मोठ़ टी आहे
1.00	eng-nur-alphabets-s61.mp3	हे मोठं यू आहे.	हे मोठ यू आ हे
1.00	eng-nur-alphabets-s62.mp3	हे छोटं यू आहे.	हे छोटा यू आहे
1.00	eng-nur-alphabets-s65.mp3	हे छोटं वी आहे.	हे छोटवी आ हे
1.00	eng-nur-alphabets-s74.mp3	हे छोटं वाई आहे.	हे छोटवाई आहे
1.00	eng-nur-animals-check-s02.mp3	यांपैकी जंगली प्राणी कोणता?	या पैकी जंगली प्राणी कोणता
1.00	eng-nur-bird-animal-sounds-parrot.mp3	हा पोपट आहे. पोपट मिठू मिठू करतो.	हाँ पोपट आहे, पोपट मिठू मिठू करतो
1.00	eng-nur-bird-animal-sounds-pigeon.mp3	हे कबूतर आहे. कबूतर गुटर्गू करतं.	हे कबुतर आहे, कबुतर गुटर्गु करता।
1.00	eng-nur-bird-animal-sounds-s03.mp3	आता मांजर शोधा.	आता मांजर शोधा
1.00	eng-nur-bird-animal-sounds-s04.mp3	घू घू कोण करतं? शोधा!	घू घू कोण करतो शोधा
1.00	eng-nur-birds-s04.mp3	हे कबूतर आहे.	हे कबूतर आहे
1.00	eng-nur-colors-s07.mp3	हा केशरी आहे.	हां केश्री आहे
1.00	eng-nur-fruits-s02.mp3	हे सफरचंद आहे.	हे सफरचंद आहे
1.00	eng-nur-fruits-s08.mp3	हे अननस आहे.	हे अननस आहे
1.00	eng-nur-insects-s02.mp3	ही मुंगी आहे. मुंगी खूप मेहनती असते.	ही मुंगी आहे, मुंगी खूप महिनती अस्ते
1.00	eng-nur-insects-s03.mp3	ही मधमाशी आहे. मधमाशी मध बनवते.	ही मधमाशी आहे, मधमाशी मध बनावते
1.00	eng-nur-letters-a-e-s01.mp3	हे मोठं ए आहे.	हे मोठो ए आहे
1.00	eng-nur-letters-a-e-s06.mp3	ए. सफरचंद, मुंगी, रुग्णवाहिका.	ए सफर चंद मुंगी रुगणवाहीका
1.00	eng-nur-letters-f-j-s07.mp3	हे मोठं जी आहे.	हे मोठ जी आहे
1.00	eng-nur-letters-f-j-s25.mp3	हे मोठं जे आहे.	हे मोठ जे आहे
1.00	eng-nur-letters-k-o-s17.mp3	हे मोठं एन आहे.	हे मोठ एन आहे
1.00	eng-nur-letters-k-o-s27.mp3	ओ. संत्रं, घुबड, कांदा.	ओ संत्र घुबड कांदा
1.00	eng-nur-letters-p-t-s01.mp3	हे मोठं पी आहे.	हे मोठ़ पी आहे
1.00	eng-nur-letters-p-t-s07.mp3	हे मोठं क्यू आहे.	हे मोठो क्यू आहे
1.00	eng-nur-letters-p-t-s10.mp3	क्यू. राणी.	क्यो राणी?
1.00	eng-nur-letters-p-t-s16.mp3	आर. ससा, रॉकेट, गेंडा.	आर्ससा, रॉकेट, गेंडा
1.00	eng-nur-letters-p-t-s17.mp3	हे मोठं एस आहे.	हे मोठ़ एस आहे
1.00	eng-nur-letters-p-t-s23.mp3	हे मोठं टी आहे.	हे मोठ़ टी आ हे
1.00	eng-nur-letters-u-z-s01.mp3	हे मोठं यू आहे.	हे मोठ यू आ हे
1.00	eng-nur-letters-u-z-s05.mp3	हे मोठं वी आहे.	हे मोठवी आहे
1.00	eng-nur-letters-u-z-s10.mp3	हे मोठं डब्ल्यू आहे.	हे मोठा डबल्यू आ हे
1.00	eng-nur-shapes-check-s01.mp3	त्रिकोण कोणता? त्याला स्पर्श करा.	त्रिकोण कोणता त्याला स्पर्श करा
1.00	eng-nur-vegetables-s03.mp3	हा टोमॅटो आहे.	हाँ टोमेटो आहे
1.00	eng-nur-vegetables-s08.mp3	हा फ्लॉवर आहे.	हाफ लौवर आहे
1.00	evs-lkg-animal-babies-s03.mp3	आणि हे तिचं पिल्लू, वासरू.	आणी हेतीच पिल्लू वासरू.
1.00	evs-lkg-animal-babies-s09.mp3	आणि हे तिचं पिल्लू, मांजराचं पिल्लू.	आणि हेतीचा पिल्लू, मांजराच पिल्लू
1.00	evs-lkg-animal-food-s02.mp3	ही गाय आहे.	ही गाय आहे
1.00	evs-lkg-animal-food-s09.mp3	मांजर दूध पितं.	मांजर दूध पिता
1.00	evs-lkg-animal-food-s11.mp3	ससा गाजर खातो.	ससा गाजर खतो
1.00	evs-lkg-animal-habitats-s06.mp3	ही मधमाशी आहे.	ही मधमाशी आहे
1.00	evs-lkg-professions-s02.mp3	हे डॉक्टर आहेत.	हे डॉक्टर आहेत
1.00	evs-lkg-professions-s06.mp3	हे पोस्टमन आहेत.	हे पोस्ट मन आहेत
1.00	evs-lkg-professions-s09.mp3	शेतकरी ट्रॅक्टरने शेत नांगरतात.	शेत करी ट्रैक्टर ने शेत नांगरतात।
1.00	evs-lkg-special-vehicles-s01.mp3	काही गाड्या खास काम करतात. चला त्या बघूया.	काही गाड़या खास काम करतात। चला त्या बघुया
1.00	evs-nur-good-habits-s07.mp3	आणि दूध पितो.	आणी दूध पितो
1.00	evs-ukg-flowers-s03.mp3	हे सूर्यफूल आहे. ते सूर्याकडे तोंड करतं.	हे सूर्य फूल आहे, ते सूर्या कडे तोंड करता।
1.00	evs-ukg-india-culture-s04.mp3	खूप स्त्रिया साडी नेसतात.	खूप स्त्रीया साडी निस्तात
1.00	evs-ukg-india-culture-s07.mp3	आणि पणत्या लावतो.	आणि पणत्या लावतो
1.00	evs-ukg-village-city-s04.mp3	चार मजले, पाच मजले, एकावर एक.	चार मजले, पाच मजले, एकावर एक
1.00	hin-lkg-khet-upar-niche-s02.mp3	गाजर जमिनीखाली उगवतं.	गाजर जमिनी खली उगवतों
1.00	hin-ukg-matra-s11.mp3	क ला ए मात्रा लागली, के.	कला ए मत्रा लगली के
1.00	hin-ukg-matra-s13.mp3	क ला ओ मात्रा लागली, को.	कला ओ मत्रा लगली, को
1.00	hin-ukg-vyanjan-s02.mp3	हे क आहे.	हेको आहे
1.00	hin-ukg-vyanjan-s03.mp3	हे ख आहे.	हेखो आहे
1.00	hin-ukg-vyanjan-s04.mp3	हे ग आहे.	हे गो आहे
1.00	hin-ukg-vyanjan-s09.mp3	हे छ आहे.	हे छो आहे
1.00	hin-ukg-vyanjan-s20.mp3	हे त आहे.	हेत आहे
1.00	hin-ukg-vyanjan-s23.mp3	हे ध आहे.	हे धा आहे
1.00	hin-ukg-vyanjan-s24.mp3	हे न आहे.	हे न आहे
1.00	hin-ukg-vyanjan-s32.mp3	हे य आहे.	हे यो आहे
1.00	hin-ukg-vyanjan-s35.mp3	हे व आहे.	हे वा आहे
1.00	hin-ukg-vyanjan-s39.mp3	हे स आहे.	हेस, आहे
1.00	math-lkg-half-whole-s01.mp3	हे पूर्ण सफरचंद आहे.	हे पूर्ण सफरचंद आहे
1.00	math-lkg-opposites-s05.mp3	हे भरलेलं आहे.	हे भरलेला आहे
1.00	math-nur-count-21-50-s02.mp3	एकवीस ते पंचवीस.	21 ते 25
1.00	math-nur-count-21-50-s14.mp3	एकतीस ते पस्तीस.	एक तीस ते पस्तीस
1.00	math-nur-count-51-100-s01.mp3	आता एक्कावन्न ते शंभर मोजूया.	आता एक का वन्न ते शंभर मुजुया
1.00	math-nur-count-51-100-s02.mp3	एक्कावन्न ते पंचावन्न.	एक्का वन्न ते पंचा वन्न
1.00	math-nur-count-check-s05.mp3	शंभर कुठे आहे? त्याला स्पर्श करा.	शंभर कुठे आहे त्याला स्पर्शकरा
1.00	math-nur-long-round-s02.mp3	कोणती वस्तू लांब आहे? तिला स्पर्श करा.	कुणती वस्तू लांब आहे तिला स्पर्शकरा
1.00	math-nur-long-short-s01.mp3	ही काठी लांब आहे.	ही काठी, लांब आहे
1.00	math-ukg-add-double-s03.mp3	बारा अधिक सहा. विचार करा.	बारा अधिक सहा विचार करा
1.00	math-ukg-add-double-s05.mp3	वीस अधिक पंधरा. विचार करा.	20 अधिक 15 विचार करा
1.00	math-ukg-add-single-s04.mp3	आधी हे मोजा, चार.	आधी हे मोजा चार
1.00	math-ukg-add-single-s07.mp3	आधी हे मोजा, तीन.	आधे हे मोजा तीन
1.00	math-ukg-add-single-s08.mp3	आता हे मोजा, चार.	आता हे मोजा चार
1.00	math-ukg-sub-double-s05.mp3	तीस वजा दहा. विचार करा.	तीस वजा दहा विचार करा
1.00	math-ukg-sub-single-s04.mp3	आधी हे मोजा, चार.	आधी हे मोजा चार
