score	clip	text spoken	heard
0.00	eng-lkg-three-letter-words-s09.mp3	देखो, एच, ई, एन.	Deku H E N
0.00	eng-lkg-two-letter-words-s05.mp3	देखो, यू और पी.	Dekker, URB
0.00	eng-nur-alphabets-s15.mp3	ई से एलिफ़ेंट, हाथी.	E.C. Elephant, Hathi
0.00	eng-nur-alphabets-s27.mp3	आई से आइस क्रीम, आइसक्रीम.	Icy ice cream ice cream
0.00	eng-nur-alphabets-s36.mp3	एल से लायन, शेर.	LC-Line, Sheet
0.00	eng-nur-alphabets-s39.mp3	एम से मंकी, बंदर.	MC Monkey Bandit
0.00	eng-nur-alphabets-s54.mp3	आर से रॉकेट, रॉकेट.	RC Rocket Rocket
0.00	eng-nur-alphabets-s63.mp3	यू से अम्ब्रेला, छाता.	UC Umbrella Chata
0.00	eng-nur-alphabets-s69.mp3	डब्ल्यू से वॉटरमेलन, तरबूज़.	W.C. Watermelon, Tarboos
0.00	eng-nur-alphabets-s72.mp3	एक्स से ज़ाइलोफ़ोन, ज़ाइलोफ़ोन.	Xe, Xylophone, Xylophone
0.00	eng-nur-fruits-s01.mp3	ये फल देखो.	jefol.dk
0.00	eng-nur-letters-a-e-s05.mp3	ए से एम्बुलेंस, एम्बुलेंस.	easy ambulance ambulance
0.00	eng-nur-letters-a-e-s15.mp3	सी से कैट, बिल्ली.	CCK at Pili
0.00	eng-nur-letters-a-e-s21.mp3	डी से डॉग, कुत्ता.	DC Dog Kuta
0.00	eng-nur-letters-a-e-s27.mp3	ई से एलिफ़ेंट, हाथी.	EC, elephant, hathi
0.00	eng-nur-letters-a-e-s28.mp3	ई से ईगल, चील.	EC Eagle G
0.00	eng-nur-letters-a-e-s29.mp3	ई से एग, अंडा.	EC EGG & A
0.00	eng-nur-letters-f-j-s03.mp3	एफ़ से फ़ॉक्स, लोमड़ी.	FC Vox Lundhury
0.00	eng-nur-letters-f-j-s04.mp3	एफ़ से फ़िश, मछली.	FC Fish Lachy
0.00	eng-nur-letters-f-j-s16.mp3	एच से हॉर्स, घोड़ा.	H.C. Horz. Ghoda
0.00	eng-nur-letters-f-j-s22.mp3	आई से आइस क्रीम, आइसक्रीम.	Icy ice cream, ice cream
0.00	eng-nur-letters-k-o-s08.mp3	एल से लायन, शेर.	LC-Line, Shade
0.00	eng-nur-letters-k-o-s09.mp3	एल से लोटस, कमल.	LC, Lotus, Kamal
0.00	eng-nur-letters-k-o-s14.mp3	एम से मंकी, बंदर.	MC Monkey Bandar
0.00	eng-nur-letters-k-o-s16.mp3	एम. बंदर, आम.	M-Bandar AAM
0.00	eng-nur-letters-p-t-s13.mp3	आर से रैबिट, खरगोश.	RC Rabbit Khargur
0.00	eng-nur-letters-p-t-s14.mp3	आर से रॉकेट, रॉकेट.	RC, rocket, rocket.
0.00	eng-nur-letters-p-t-s15.mp3	आर से राइनो, गैंडा.	RC, Rhino, Ganda.
0.00	eng-nur-letters-p-t-s25.mp3	टी से टाइगर, बाघ.	TC Tiger Bug
0.00	eng-nur-letters-u-z-s03.mp3	यू से अम्ब्रेला, छाता.	UC Amrila Chata
0.00	eng-nur-letters-u-z-s17.mp3	एक्स से ज़ाइलोफ़ोन, ज़ाइलोफ़ोन.	Xe Xylophone Xylophone
0.00	eng-nur-letters-u-z-s18.mp3	एक्स. ज़ाइलोफ़ोन.	X-Zalophon
0.00	math-nur-count-1-20-s03.mp3	अब बोलो, तीन.	Apollo, Tink
0.00	math-nur-count-21-50-s34.mp3	अब बोलो, सैंतालीस.	Abbulu, St. Alice
0.00	math-nur-count-51-100-s44.mp3	छियासी से नब्बे तक.	Qëja si si në bitëk
0.00	math-nur-count-51-100-s51.mp3	अब बोलो, इक्यानवे.	Abbulu, Iqyanwi
0.20	hin-nur-vadya-yantra-s04.mp3	यह हारमोनियम है.	या harmonium है
0.24	eng-nur-alphabets-s18.mp3	एफ़ से फ़िश, मछली.	F.C. Fish, मचली
0.24	eng-nur-letters-a-e-s11.mp3	बी से बटरफ़्लाई, तितली.	BC butterfly, तित्ली
0.25	eng-nur-letters-k-o-s10.mp3	एल से लेमन, नींबू.	LC11 नीबू
0.25	eng-ukg-phonics-s05.mp3	डी की ध्वनि, ड.	D.K. धनी, doctor
0.29	eng-nur-letters-a-e-s20.mp3	डी की ध्वनि, ड.	D की धनी, डॉक्टर
0.33	eng-nur-letters-k-o-s19.mp3	एन से नेस्ट, घोंसला.	NC Mist घसला
0.33	eng-nur-letters-u-z-s04.mp3	यू. छाता.	युचादा
0.35	eng-nur-letters-p-t-s21.mp3	एस से शिप, जहाज़.	SC SHIP जहाज
0.36	eng-lkg-three-letter-words-s05.mp3	देखो, एस, यू, एन.	बक सुन
0.44	eng-lkg-three-letter-words-s01.mp3	देखो, सी, ए, टी.	देखो, C, T
0.47	eng-nur-letters-u-z-s13.mp3	डब्ल्यू से व्हेल, व्हेल.	W.C. वील, वील
0.53	eng-nur-letters-p-t-s26.mp3	टी से टर्टल, कछुआ.	इसी तर्दल कच्छूर
0.53	eng-lkg-two-letter-words-s11.mp3	देखो, डब्ल्यू और ई.	देखो W और E
0.54	eng-nur-letters-u-z-s12.mp3	डब्ल्यू से वॉटरमेलन, तरबूज़.	W.C. बाटमेलन तर्भूस
0.57	eng-lkg-three-letter-words-s02.mp3	मिलकर बनता है कैट, बिल्ली.	मिलकर बनता है cat bill
0.60	eng-nur-colors-s01.mp3	ये रंग देखो.	ये रंगी कुट
0.60	eng-nur-letters-f-j-s27.mp3	जे से जीप, जीप.	जजी जीप
0.60	hin-ukg-vyanjan-s08.mp3	यह च है.	यह जजए है
0.60	math-lkg-odd-even-s01.mp3	एक, विषम.	एक विश्ट
0.60	math-lkg-odd-even-s07.mp3	सात, विषम.	साथ वेशम
0.61	eng-nur-letters-f-j-s06.mp3	एफ़. लोमड़ी, मछली, दमकल.	F. लुम्ली, मच्च्छी, दंकल
0.62	eng-nur-alphabets-s23.mp3	यह छोटा एच है.	यह चूदा एचे
0.62	eng-nur-alphabets-s35.mp3	यह छोटा एल है.	यच्छो दाल है
0.62	eng-lkg-two-letter-words-s03.mp3	देखो, ओ और एन.	देखो O और N
0.62	eng-nur-alphabets-s17.mp3	यह छोटा एफ़ है.	यह चोटा है थे
0.62	eng-nur-alphabets-s41.mp3	यह छोटा एन है.	ये चूदा एन्हे
0.62	eng-nur-letters-a-e-s16.mp3	सी से क्रो, कौआ.	सीजी करूप कोवा
0.62	eng-nur-letters-k-o-s17.mp3	यह बड़ा एन है.	विहां बड़ा N है
0.94	eng-nur-letters-u-z-s28.mp3	ज़ेड. ज़ेबरा, शून्य.	जड़ जब्र शुनियर
0.62	eng-ukg-phonics-s28.mp3	डब्ल्यू की ध्वनि, व.	W की ध्वनी वह
0.62	eng-ukg-phonics-s32.mp3	ज़ेड की ध्वनि, ज़.	जेट की भनी ज
0.62	hin-ukg-swar-s08.mp3	अब ये स्वर देखो.	बब ये स्वर्बीक।
0.62	hin-ukg-swar-s09.mp3	यह ऋ है. बोलो, ऋ.	यहर रहे, बोलो रूट
0.62	hin-ukg-swar-s13.mp3	यह औ है. बोलो, औ.	या आ है बोलो आ
0.62	hin-ukg-vyanjan-s19.mp3	अब त वर्ग देखो.	अपता वर कदीक
0.62	math-nur-count-51-100-s06.mp3	अब बोलो, चौवन.	अबूलो जोओन
0.63	eng-ukg-phonics-s29.mp3	एक्स की ध्वनि, क्स.	X की धनी, क्रोस.
0.63	hin-ukg-vyanjan-s36.mp3	अब श ष स ह देखो.	अब शशशश सासा हदिको
0.63	math-nur-count-51-100-s31.mp3	अब बोलो, पचहत्तर.	अब बोलू बच्छधर
0.63	math-nur-count-21-50-s14.mp3	इकतीस से पैंतीस तक.	एक पीसी पंटीस्तक
0.64	eng-lkg-in-on-under-s03.mp3	पीली गेंद टब के अंदर है.	टेली गेंज टप के अंधर है
0.64	evs-lkg-animal-babies-s03.mp3	और यह उसका बच्चा, बछड़ा.	पो यह उसका बच्चा बच्चा बच्चा
0.67	eng-nur-letters-k-o-s20.mp3	एन से नर्स, नर्स.	एंसी नस नस
0.67	eng-nur-letters-u-z-s14.mp3	डब्ल्यू. तरबूज़, व्हेल.	W. तर्बूज, वेल
0.67	math-ukg-multiply-single-s01.mp3	एक पंक्ति में तीन.	एक पंग ती निटी
0.67	eng-nur-alphabets-s38.mp3	यह छोटा एम है.	यह चूद आएम है
0.67	eng-nur-alphabets-s51.mp3	क्यू से क्वीन, रानी.	क्यूसे कुई रणी
0.67	eng-nur-alphabets-s55.mp3	यह बड़ा एस है.	या बड़ा ऐसे
0.67	eng-nur-alphabets-s68.mp3	यह छोटा डब्ल्यू है.	यह छोटा W है
0.67	eng-nur-birds-s08.mp3	यह बत्तख है. बत्तख पानी में तैरती है.	यहां बद्दक है, बद्दक पानी में तैरती हैं।
0.67	eng-nur-domestic-animals-s07.mp3	यह कुत्ता है. कुत्ता घर की रखवाली करता है.	या कुट्टा है, कुट्टा घर की रखफाली करता है।
0.67	eng-nur-fruits-s10.mp3	यह तरबूज़ है.	या बूबूज है
0.67	eng-nur-letters-a-e-s02.mp3	ए की ध्वनि, ऐ.	एकी धनी एह
0.67	eng-nur-letters-a-e-s04.mp3	ए से ऐंट, चींटी.	ईसे एंट चिंटी
0.67	eng-nur-letters-a-e-s22.mp3	डी से डक, बत्तख.	डी सिदक, बतक
0.67	eng-nur-letters-f-j-s02.mp3	एफ़ की ध्वनि, फ़.	F की धनी, फ़
0.67	eng-nur-letters-f-j-s14.mp3	एच की ध्वनि, ह.	H की धनी हा.
0.67	eng-nur-letters-f-j-s15.mp3	एच से हेन, मुर्गी.	H. सेहन, मुर्की
0.67	eng-nur-letters-f-j-s21.mp3	आई से इग्लू, इग्लू.	आईसे एगलू
0.67	eng-nur-letters-p-t-s20.mp3	एस से स्टारफ़िश, तारा मछली.	ऐसी स्ताफिश तारा मचली
0.67	eng-nur-letters-p-t-s23.mp3	यह बड़ा टी है.	यह बढ़ाती है
0.67	eng-nur-letters-p-t-s24.mp3	टी की ध्वनि, ट.	ती की धनी, टट
0.67	eng-nur-letters-u-z-s10.mp3	यह बड़ा डब्ल्यू है.	यह बड़ा W है
0.67	eng-ukg-phonics-s03.mp3	बी की ध्वनि, ब.	B की ध्वनी, B
0.67	eng-ukg-phonics-s10.mp3	एच की ध्वनि, ह.	H की धनी, हाँ
0.67	eng-ukg-phonics-s21.mp3	क्यू की ध्वनि, क्व.	क्यूकी धनी, खोल
0.67	eng-ukg-phonics-s26.mp3	यू की ध्वनि, अ.	यू की धनी, आए
0.67	evs-lkg-body-parts-s09.mp3	यह पेट है.	यहापी थे
0.67	hin-ukg-vyanjan-s06.mp3	यह ङ है.	यह हंगी है
0.67	math-lkg-odd-even-s02.mp3	दो, सम.	दो संग
0.67	math-nur-count-1-20-s01.mp3	अब बोलो, एक.	अब बूलू इग
0.67	math-nur-count-1-20-s16.mp3	अब बोलो, सोलह.	अब बो वोला
0.67	math-nur-count-21-50-s22.mp3	अब बोलो, सैंतीस.	अबूलू, साथी
0.67	math-nur-count-21-50-s23.mp3	अब बोलो, अड़तीस.	अबूलू अर्थीस
0.67	math-nur-count-51-100-s12.mp3	अब बोलो, उनसठ.	अब बोलू, 69
0.67	math-nur-count-51-100-s34.mp3	अब बोलो, सतहत्तर.	अबूलू सताध्दर
0.67	math-nur-count-check-s01.mp3	सात कहाँ है? उसे छुओ.	साथ कहां हैं? उसे चूँआ
0.67	math-ukg-multiply-single-s05.mp3	दो पंक्ति में चार.	2.3.4
0.70	eng-nur-letters-a-e-s23.mp3	डी से डॉल्फ़िन, डॉल्फ़िन.	दीसे, डॉर्फिन, डॉर्फिन
0.70	eng-nur-letters-k-o-s27.mp3	ओ. संतरा, उल्लू, प्याज़.	उसंत्रा, उल्यू, प्यास
0.70	eng-nur-shapes-check-s01.mp3	त्रिभुज कौन सा है? उसे छुओ.	त्रिभुच कौन सा है?
0.70	evs-ukg-farm-visit-duck.mp3	यह बत्तख है. बत्तख तालाब में तैरती है.	या बत्तक है, बत्तक तालाब में तैरती हैं.
0.70	evs-ukg-village-city-s02.mp3	छत पर एक ही मंज़िल.	चट बर, एक ही मंजिल
0.71	eng-ukg-phonics-s13.mp3	अब ये अक्षर देखो.	अब यक्षर डिको
0.71	eng-nur-alphabets-s42.mp3	एन से नेस्ट, घोंसला.	इंसीनेस्ट गुसली
0.71	eng-nur-alphabets-s70.mp3	यह बड़ा एक्स है.	यह बड़ा X है
0.71	eng-nur-alphabets-s71.mp3	यह छोटा एक्स है.	यह छोटा X है
0.71	eng-nur-letters-a-e-s03.mp3	ए से ऐपल, सेब.	एसी आफल सीब
0.71	eng-nur-letters-k-o-s21.mp3	एन. घोंसला, नर्स.	एंगोसला नस
0.71	eng-nur-letters-p-t-s18.mp3	एस की ध्वनि, स.	इसकी धनी सब
0.71	eng-nur-letters-u-z-s15.mp3	यह बड़ा एक्स है.	यह बड़ा X है
0.71	hin-ukg-swar-s02.mp3	यह अ है. बोलो, अ.	या आहे बोलो अथे
0.71	hin-ukg-swar-s07.mp3	यह ऊ है. बोलो, ऊ.	यहाँ उ है, बोलो उ
0.71	hin-ukg-swar-s10.mp3	यह ए है. बोलो, ए.	यह यह है, बोलो
0.71	hin-ukg-swar-s11.mp3	यह ऐ है. बोलो, ऐ.	यहाए हे बूलू ए
0.71	hin-ukg-vyanjan-s01.mp3	अब क वर्ग देखो.	अब कव वर्गड़िक.
0.71	math-nur-count-51-100-s08.mp3	छप्पन से साठ तक.	चपन से साथ तक
0.71	math-ukg-multiply-single-s02.mp3	दो पंक्ति में तीन.	दो पंग तीमी, तीम
0.71	math-ukg-sub-single-s01.mp3	पहले गिनो, पाँच.	पर लेगी नूपँट
0.71	eng-ukg-phonics-s24.mp3	टी की ध्वनि, ट.	प्ती की ध्वनी ताट
0.73	eng-lkg-in-on-under-s01.mp3	लाल गेंद मेज़ के ऊपर है.	लाल गींग मीस के उपर है
0.73	eng-lkg-transport-types-s15.mp3	यह रॉकेट है.	यह रोकिते
0.73	eng-nur-alphabets-s13.mp3	यह बड़ा ई है.	या बड़ा ए है
0.73	eng-nur-bird-animal-sounds-crow.mp3	यह कौआ है. कौआ काँव-काँव करता है.	यहाँ कोवा है, कोवा काम काम करता है
0.73	eng-nur-bird-animal-sounds-dog.mp3	यह कुत्ता है. कुत्ता भौं-भौं करता है.	यह कुता है, कुता बहुं-बहुं करता है
0.73	eng-nur-letters-a-e-s07.mp3	यह बड़ा बी है.	या बड़ा भी है
0.73	eng-nur-letters-a-e-s26.mp3	ई की ध्वनि, ए.	एकी धनी ए
0.73	eng-nur-letters-k-o-s23.mp3	ओ की ध्वनि, ऑ.	ओकी धनी ओ
0.73	eng-nur-shapes-s05.mp3	यह आयत है.	यह आये थे
0.73	eng-nur-vegetables-s09.mp3	यह बैंगन है.	या बैंडन है
0.73	eng-nur-wild-animal-traits-s06.mp3	गैंडे की नाक पर सींग है.	ग्यांडे की नाग पर सीन्ड है
0.73	eng-ukg-phonics-s02.mp3	ए की ध्वनि, ऐ.	एकी धनी ए
0.73	eng-ukg-phonics-s06.mp3	ई की ध्वनि, ए.	एकी धनी, ए
0.73	eng-ukg-phonics-s12.mp3	जे की ध्वनि, ज.	जे की धनी चा
0.73	eng-ukg-phonics-s18.mp3	ओ की ध्वनि, ऑ.	ओ की धनी आ
0.73	gk-lkg-sports-equipment-s06.mp3	यह रैकेट है.	यह राकेठे
0.73	gk-lkg-sports-equipment-s12.mp3	यह रैकेट है.	यह राकिते
0.73	hin-ukg-char-akshar-s03.mp3	देखो, ब और र और ग और द.	देखो बार र र अर दर
0.73	hin-ukg-do-akshar-s07.mp3	देखो, ज और ल.	देखो जा अला
0.73	hin-ukg-do-akshar-s11.mp3	देखो, ब और स.	देखो, बाउसा.
0.73	math-nur-count-1-20-s08.mp3	अब बोलो, आठ.	अबुलू आत
0.73	math-nur-count-51-100-s13.mp3	अब बोलो, साठ.	अबूलु साट
0.73	math-nur-count-51-100-s37.mp3	अब बोलो, अस्सी.	अबो असी
0.74	eng-nur-alphabets-s78.mp3	ज़ेड से ज़ेबरा, ज़ेबरा.	जजएटी, जबर जबर
0.74	math-nur-count-51-100-s35.mp3	अब बोलो, अठहत्तर.	अब बूलो अच्छत्र
0.75	eng-lkg-months-year-s04.mp3	अब बोलो, अप्रैल.	आप बोलू अपराल
0.75	eng-lkg-two-letter-words-s06.mp3	मिलकर बनता है अप, ऊपर की ओर.	मिलकर बनता है आप उपर की उड़
0.75	eng-nur-alphabets-s45.mp3	ओ से ऑरेंज, संतरा.	उसी ओरंज संत्रा
0.75	eng-nur-bird-animal-sounds-s02.mp3	कौआ कैसे बोलता है? उसे ढूँढ़ो.	कोवा कैसे बोलता है उसे धूड़ू
0.75	eng-nur-bird-animal-sounds-s03.mp3	अब बिल्ली को ढूँढ़ो.	अब बिल्ली को धूंडो
0.75	eng-nur-letters-a-e-s17.mp3	सी से क्रैब, केकड़ा.	सीजी क्राब कीक्रा
0.75	eng-nur-letters-k-o-s24.mp3	ओ से ऑरेंज, संतरा.	उसे, ओरिंज संत्रा.
0.75	eng-nur-letters-p-t-s06.mp3	पी. तोता, कद्दू, पुलिस की गाड़ी.	ती दोता, कत्वू पुलीस की गाड़ी
0.75	eng-nur-letters-p-t-s08.mp3	क्यू की ध्वनि, क्व.	क्यों की द्वनी, क्यों?
0.75	eng-nur-letters-p-t-s09.mp3	क्यू से क्वीन, रानी.	क्यूसी, क्यून, जानी
0.75	eng-nur-letters-u-z-s07.mp3	वी से वायलिन, वायलिन.	वीसे वालें, वालें
0.75	eng-ukg-behind-front-s03.mp3	अब देखो.	अब देको
0.75	evs-lkg-animal-babies-s04.mp3	यह भेड़ है.	या भीड़े
0.75	evs-lkg-special-vehicles-s07.mp3	जब एम्बुलेंस या दमकल का सायरन बजे, तो सब उसे रास्ता देते हैं.	जब ambulance या दमकल का साइरन बजी तो सब उसे रास्ता देती हैं.
0.75	evs-ukg-farm-visit-dog.mp3	यह कुत्ता है. कुत्ता खेत की रखवाली करता है.	यहां कुट्टा है, कुट्टा खेट की रखवाली करता है
0.75	hin-ukg-char-akshar-s05.mp3	देखो, न और ट और ख और ट.	दीखो, नाह टाहर खो और टाटी।
0.75	hin-ukg-vyanjan-s03.mp3	यह ख है.	यह क? हे?
0.75	hin-ukg-vyanjan-s09.mp3	यह छ है.	यह चहे
0.75	hin-ukg-vyanjan-s11.mp3	यह झ है.	यह जह
0.75	hin-ukg-vyanjan-s12.mp3	यह ञ है.	यह नहे
0.75	hin-ukg-vyanjan-s14.mp3	यह ट है.	यह तेहे
0.75	hin-ukg-vyanjan-s15.mp3	यह ठ है.	यह ठरे
0.75	hin-ukg-vyanjan-s17.mp3	यह ढ है.	यह धहे
0.75	hin-ukg-vyanjan-s18.mp3	यह ण है.	यह नहें
0.75	hin-ukg-vyanjan-s38.mp3	यह ष है.	यह शहे
0.75	math-lkg-odd-even-s04.mp3	चार, सम.	चार सिंग
0.75	math-lkg-odd-even-s08.mp3	आठ, सम.	आट समू
0.75	math-lkg-odd-even-s09.mp3	नौ, विषम.	नौ विशम
0.75	math-nur-count-21-50-s08.mp3	छब्बीस से तीस तक.	चबिसी, तिस्तक
0.75	math-nur-count-21-50-s10.mp3	अब बोलो, सत्ताईस.	अबूलो सताइस
0.75	math-nur-count-51-100-s05.mp3	अब बोलो, तिरपन.	अब बोलू तेश्बन
0.75	math-nur-count-51-100-s11.mp3	अब बोलो, अट्ठावन.	अबूलू, अथावन
0.75	math-nur-count-51-100-s21.mp3	अब बोलो, छियासठ.	अब बुलू छे आसत
0.75	math-nur-count-51-100-s22.mp3	अब बोलो, सड़सठ.	अब बूलू सरसट
0.75	math-nur-count-51-100-s33.mp3	अब बोलो, छिहत्तर.	अब बुलो चितर
0.75	math-nur-count-check-s05.mp3	सौ कहाँ है? उसे छुओ.	सौ कहां है उसे चुप
0.75	math-ukg-multiply-single-s06.mp3	तीन पंक्ति में चार.	तींपं पंग तीमी चार
0.75	math-ukg-sub-single-s02.mp3	दो हटा दो.	दो हता दो
0.76	eng-nur-find-shapes-s04.mp3	कमरे में तारा कहाँ छिपा है? उसे ढूँढ़ो और छुओ.	कम्रेनी तारा कहां चिपा है उसे धूंडो और छोँ
0.77	eng-ukg-phonics-s08.mp3	एफ़ की ध्वनि, फ़.	F की ध्वनी, फा
0.77	eng-lkg-two-letter-words-s09.mp3	देखो, एन और ओ.	देखो एन ओरू
0.77	eng-nur-alphabets-s03.mp3	ए से ऐपल, सेब.	एसे अपल, सी
0.77	eng-nur-alphabets-s12.mp3	डी से डॉग, कुत्ता.	डी से डॉग कुटा
0.77	eng-nur-alphabets-s34.mp3	यह बड़ा एल है.	यह बड़ा L है
0.77	eng-nur-alphabets-s37.mp3	यह बड़ा एम है.	या बड़ा आम है
0.77	eng-nur-alphabets-s40.mp3	यह बड़ा एन है.	यह बड़ा N है
0.77	eng-nur-colors-check-s02.mp3	गुलाबी वाला कौन सा है? उसे छुओ.	गुलापी वाला कौम सा है? उसे छूँग।
0.77	eng-nur-letters-a-e-s14.mp3	सी की ध्वनि, क.	सी की थवनी कको
0.77	eng-nur-letters-f-j-s01.mp3	यह बड़ा एफ़ है.	यह बड़ा F है
0.77	eng-nur-letters-f-j-s05.mp3	एफ़ से फ़ायर इंजन, दमकल.	एपसी फायर एंजिन दम कर
0.77	eng-nur-letters-f-j-s19.mp3	यह बड़ा आई है.	यह बढ़ाई है
0.77	eng-nur-letters-f-j-s20.mp3	आई की ध्वनि, इ.	आई की धनी, ए
0.77	eng-nur-letters-k-o-s06.mp3	यह बड़ा एल है.	यहां बड़ा L है
0.77	eng-nur-letters-k-o-s12.mp3	यह बड़ा एम है.	यह बड़ा M है
0.77	eng-nur-letters-k-o-s13.mp3	एम की ध्वनि, म.	आम की धनी, मा
0.77	eng-nur-letters-p-t-s07.mp3	यह बड़ा क्यू है.	यह बड़ा Q है
0.77	eng-nur-letters-p-t-s17.mp3	यह बड़ा एस है.	यह बड़ा S है
0.77	eng-nur-letters-p-t-s19.mp3	एस से शीप, भेड़.	ऐसे सीप भेड़
0.80	eng-nur-letters-u-z-s27.mp3	ज़ेड से ज़ीरो, शून्य.	जेटी जीरू शुनिया
0.77	eng-ukg-phonics-s17.mp3	एन की ध्वनि, न.	इनकी धनी ना
0.77	hin-nur-vadya-yantra-s09.mp3	यह वायलिन है.	या वाइलन है
0.77	hin-ukg-do-akshar-s03.mp3	देखो, क और ल.	देखो कर ओर्ला
0.77	math-nur-count-1-20-s14.mp3	अब बोलो, चौदह.	अबूलो चबादा
0.77	math-nur-count-21-50-s06.mp3	अब बोलो, चौबीस.	अबूलू जोबीस
0.77	math-nur-count-21-50-s17.mp3	अब बोलो, तैंतीस.	अबूलो, टतीस
0.77	math-nur-count-51-100-s45.mp3	अब बोलो, छियासी.	अबूलो चियासी
0.77	math-nur-taller-shorter-s01.mp3	यह पेड़ लंबा है.	या पीर लंबा है
0.78	eng-nur-letters-f-j-s23.mp3	आई से इन्सेक्ट, कीड़ा.	आई से इंसेट कीरा
0.78	eng-nur-find-shapes-s03.mp3	कमरे में त्रिभुज कहाँ छिपा है? उसे ढूँढ़ो और छुओ.	कमरे में त्रिभूच कहां शिपा है? उसे धूडू और छूँ.
0.78	eng-nur-insects-s04.mp3	यह तितली है. तितली के पंख रंग-बिरंगे हैं.	यहां तिखली हैं, तिखली के पंक रंग भी रंगी हैं.
0.78	eng-nur-letters-p-t-s22.mp3	एस. भेड़, तारा मछली, जहाज़.	S. भेड तारा मचली जहाज
0.78	eng-ukg-phonics-s01.mp3	अब ये अक्षर देखो.	अब ही अक्षर दिकू
0.78	eng-ukg-phonics-s19.mp3	अब ये अक्षर देखो.	अब ये करशव, देखो
0.78	math-lkg-lines-curves-s06.mp3	यह टेढ़ी-मेढ़ी रेखा है.	यह टेड़ी मेरी रिखा है
0.78	math-lkg-open-close-s03.mp3	यह दरवाज़ा बंद है.	यह दिर्वासा बंध है
0.78	math-nur-count-51-100-s02.mp3	इक्यावन से पचपन तक.	एक्यावन से पच्पंतग.
0.78	math-ukg-add-double-s01.mp3	दस जमा पाँच. सोचो.	दश्ट जमा पाच्छ, सुचु
0.79	math-nur-count-51-100-s26.mp3	इकहत्तर से पचहत्तर तक.	71 से 55 तक
0.79	cow_about.mp3	यह गाय है. गाय हमें दूध देती है.	यह गाए है, गाए हमें दूथ देती है
0.79	evs-ukg-germination-s03.mp3	अब एक अंकुर ऊपर की ओर बढ़ता है और मिट्टी से बाहर झाँकता है.	अब एक अंकोर उपर की और भड़ता है और मिटी से बाहर ज़ाता है.
0.80	cow.mp3	यह गाय है.	यह गाए हैं
0.80	eng-lkg-animal-products-s02.mp3	यह गाय है.	यह गाए है
0.80	eng-lkg-animal-products-s08.mp3	यह मधुमक्खी है.	यह मदमकी है
0.80	eng-lkg-transport-types-s07.mp3	यह ऑटो है.	यह अटो है
0.80	eng-lkg-two-letter-words-s01.mp3	देखो, आई और एन.	दिखो, आई औरेंग
0.80	eng-nur-alphabets-s24.mp3	एच से हेन, मुर्गी.	ह से हिन मुर्गी
0.80	eng-nur-alphabets-s57.mp3	एस से सन, सूरज.	एसी सन सुड़ज
0.80	eng-nur-alphabets-s75.mp3	वाई से यार्न, ऊन का गोला.	वाई सी यान, उंका गुला
0.80	eng-nur-animal-sounds-s02.mp3	गाय कैसे बोलती है? उसे ढूँढ़ो.	गाए कैसे बूलती है उसे ढूंड हो।
0.80	eng-nur-bird-animal-sounds-s04.mp3	कौन हू-हू करता है? ढूँढ़ो!	कौन हुँ हुँ करता है धूंधू
0.80	eng-nur-letters-a-e-s06.mp3	ए. सेब, चींटी, एम्बुलेंस.	एसीब चीटी अमुलाइस
0.80	eng-nur-letters-a-e-s19.mp3	यह बड़ा डी है.	यह बड़ा
0.80	eng-nur-letters-f-j-s18.mp3	एच. मुर्गी, घोड़ा, हेलीकॉप्टर.	H. मुर्की घोडा हेलिकॉप्टर
0.80	eng-nur-letters-f-j-s28.mp3	जे. जीप.	जीजी
0.80	eng-nur-letters-k-o-s25.mp3	ओ से आउल, उल्लू.	वो सी आउल, उलू
0.80	eng-nur-letters-u-z-s08.mp3	वी से वैन, वैन.	विसे विन
0.80	eng-nur-letters-u-z-s25.mp3	ज़ेड की ध्वनि, ज़.	जेट की ध्वनी जाह
0.80	eng-nur-shapes-s02.mp3	यह गोला है.	जह गुला है
0.80	eng-nur-vegetables-s05.mp3	यह भुट्टा है.	या भुटा है
0.80	evs-lkg-animal-babies-s02.mp3	यह गाय है.	यह गाए है
0.80	evs-lkg-animal-babies-s05.mp3	और यह उसका बच्चा, मेमना.	और है उसका वच्चा मेनना
0.80	evs-lkg-animal-food-s02.mp3	यह गाय है.	यह गाए है
0.80	evs-lkg-animal-food-s08.mp3	यह बिल्ली है.	या बिली है
0.80	evs-lkg-animal-habitats-s06.mp3	यह मधुमक्खी है.	यहां मदमकी है
0.80	evs-lkg-animal-habitats-s10.mp3	यह गाय है.	यह गाए है
0.80	evs-ukg-farm-visit-donkey.mp3	यह गधा है. गधा बोझ ढोता है.	यहां गधा है गधा बूच्छ उता है
0.80	horse.mp3	यह घोड़ा है.	यह गोडा है
0.80	math-lkg-odd-even-s03.mp3	तीन, विषम.	तीन विशम
0.80	math-lkg-odd-even-s05.mp3	पाँच, विषम.	पंच वेशम
0.80	math-nur-count-1-20-s15.mp3	अब बोलो, पंद्रह.	अब बोलू पन्दा
0.80	math-nur-count-21-50-s12.mp3	अब बोलो, उनतीस.	अब बूलो, उंपिस
0.80	math-nur-count-21-50-s21.mp3	अब बोलो, छत्तीस.	अबूलू चछतीस
0.80	math-nur-count-21-50-s30.mp3	अब बोलो, चवालीस.	अबूलू, जवालिस
0.80	math-nur-count-21-50-s33.mp3	अब बोलो, छियालीस.	अबूलो शियालस
0.80	math-nur-count-51-100-s28.mp3	अब बोलो, बहत्तर.	अबूलू बातर
0.80	math-nur-count-51-100-s32.mp3	छिहत्तर से अस्सी तक.	चेह तर्सी असीतक
0.80	math-nur-count-51-100-s54.mp3	अब बोलो, चौरानवे.	अब बो जो रन्वी
0.80	math-nur-count-51-100-s56.mp3	छियानवे से सौ तक.	च्यान्वी सी सौत
0.80	math-nur-count-check-s04.mp3	छियासी कहाँ है? उसे छुओ.	86 कहां है? उसे चूब
0.80	math-nur-one-many-s01.mp3	यहाँ एक है.	यहां इक है
0.80	math-ukg-add-single-s08.mp3	अब ये गिनो, चार.	अब ये किनो चार्ट
0.80	math-ukg-compare-numbers-s02.mp3	सात, तीन से बड़ा है.	साथ तीं से बड़ा है
0.80	math-ukg-sub-single-s08.mp3	एक हटा दो.	एक खटा दू
0.81	eng-nur-domestic-animals-s02.mp3	यह गाय है. गाय हमें दूध देती है.	यह गाए है, गाएं हमीं दू दीती है
0.81	math-lkg-same-different-s02.mp3	तीन एक जैसे हैं, एक अलग है. अलग वाले को छुओ.	तीन इत जैसे हैं, एक अलग है, अलग वाले को चुवूँ.
0.81	math-nur-up-down-s01.mp3	लाल गेंद ऊपर है, अलमारी के ऊपर.	लाल गीन उपर है, अलमारी के उपर.
0.81	eng-nur-insects-s07.mp3	यह टिड्डा है. टिड्डा ऊँचा कूदता है.	यह टिड़ा है, टिड़ा उंचा कूता है
0.82	chem_lab_s1.mp3	यह रसायन प्रयोगशाला है. यहाँ हम प्रयोग करते हैं.	यह रसाइन प्रयोक्षाला है, यहां हम रयोक करती हैं.
0.82	eng-lkg-months-year-s10.mp3	अब बोलो, अक्टूबर.	अबूलू, अक्तूबर
0.82	eng-nur-letters-a-e-s24.mp3	डी. कुत्ता, बत्तख, डॉल्फ़िन.	डीकुता, बतक, डोल्फन
0.82	eng-nur-letters-u-z-s23.mp3	वाई. ऊन का गोला, याक.	वाई उनका गोला या
0.82	eng-nur-water-animals-s03.mp3	यह कछुआ है. कछुए की पीठ पर कड़ा खोल होता है.	यहाँ कच्छुवा है, कच्छुवे की पीट पर कड़ा खोल होता है।
0.82	eng-ukg-phonics-s07.mp3	अब ये अक्षर देखो.	अभी अक्षर देखो
0.82	eng-ukg-phonics-s31.mp3	अब ये अक्षर देखो.	अबी अक्षर दिकू
0.82	evs-lkg-body-parts-s12.mp3	अब अपनी नाक छुओ! अब अपने कान छुओ!	अब अपनी नाच्छू, अब अपनी काच्छू
0.82	evs-nur-good-habits-s02.mp3	हम रोज़ सुबह और रात को दाँत साफ़ करते हैं.	हम रोज सुभ़ः और रात को डान साफ करती हैं.
0.82	hin-lkg-khet-upar-niche-s06.mp3	भुट्टा भी ऊपर उगता है.	भुट्टा भी उपर उकता है।
0.82	math-nur-count-21-50-s35.mp3	अब बोलो, अड़तालीस.	अब बोलो अरताली
0.82	math-nur-count-51-100-s03.mp3	अब बोलो, इक्यावन.	अबूलो एक्यावन
0.82	math-nur-near-far-s04.mp3	और यह गेंद दूर है.	और यागिन दूर है
0.82	eng-nur-letters-u-z-s16.mp3	एक्स की ध्वनि, क्स.	आक्स की धनी कैस?
0.83	eng-lkg-months-year-s03.mp3	अब बोलो, मार्च.	अबूलू माच
0.83	eng-lkg-months-year-s06.mp3	अब बोलो, जून.	अब बूलू जूम
0.83	eng-lkg-three-letter-words-s04.mp3	मिलकर बनता है डॉग, कुत्ता.	मिलका पनता है डॉग कुता
0.83	eng-nur-alphabets-s01.mp3	यह बड़ा ए है.	यह बड़ा A है
0.83	eng-nur-alphabets-s04.mp3	यह बड़ा बी है.	यह बड़ा भी है
0.83	eng-nur-alphabets-s05.mp3	यह छोटा बी है.	यह छोटा भी है
0.83	eng-nur-alphabets-s10.mp3	यह बड़ा डी है.	यहां बड़ा दी है
0.83	eng-nur-alphabets-s30.mp3	जे से जीप, जीप.	जीजीजीप, जीप
0.83	eng-nur-alphabets-s31.mp3	यह बड़ा के है.	यहां बढ़ा के हैं
0.83	eng-nur-alphabets-s43.mp3	यह बड़ा ओ है.	यह बड़ा हो है
0.83	eng-nur-alphabets-s47.mp3	यह छोटा पी है.	यह छोटा भी है
0.83	eng-nur-alphabets-s61.mp3	यह बड़ा यू है.	यह बड़ा हीू है
0.83	eng-nur-alphabets-s62.mp3	यह छोटा यू है.	निया छोटा यू है
0.83	eng-nur-alphabets-s65.mp3	यह छोटा वी है.	यह छोटा भी है
0.83	eng-nur-bird-animal-sounds-cat.mp3	यह बिल्ली है. बिल्ली म्याऊँ-म्याऊँ करती है.	यह बिली है, बिली मियाओं मियाओं करती है
0.83	eng-nur-birds-s02.mp3	यह कौआ है. कौआ काला होता है.	यहां कोवा है, कोवा काला होता है.
0.83	eng-nur-birds-s04.mp3	यह कबूतर है.	या कबूता है
0.83	eng-nur-colors-check-s03.mp3	पीला वाला कौन सा है? उसे छुओ.	पीला वाला कौन सा है? उसे चुवू.
0.83	eng-nur-letters-a-e-s25.mp3	यह बड़ा ई है.	यह बड़ा ए है
0.83	eng-nur-letters-f-j-s17.mp3	एच से हेलिकॉप्टर, हेलीकॉप्टर.	HC, हलिकोप्टर, हलिकोप्टर
0.83	eng-nur-letters-k-o-s01.mp3	यह बड़ा के है.	यह बढ़ाके हैं
0.83	eng-nur-letters-k-o-s02.mp3	के की ध्वनि, क.	के की धनी कर
0.83	eng-nur-letters-k-o-s22.mp3	यह बड़ा ओ है.	यह बड़ा O है
0.83	eng-nur-letters-u-z-s09.mp3	वी. वायलिन, वैन.	वी वालन वें
0.83	eng-nur-vegetables-s04.mp3	यह प्याज़ है.	यहाँ प्यास है
0.83	eng-ukg-phonics-s04.mp3	सी की ध्वनि, क.	सी की धनी कह
0.83	eng-ukg-phonics-s14.mp3	के की ध्वनि, क.	के की धुनी कर
0.83	eng-ukg-phonics-s20.mp3	पी की ध्वनि, प.	पी की धनी पह
0.83	eng-ukg-phonics-s30.mp3	वाई की ध्वनि, य.	वाई की धनी
0.83	evs-lkg-professions-s06.mp3	यह डाकिया हैं.	यहां दाकिया हैं
0.83	math-nur-count-1-20-s07.mp3	अब बोलो, सात.	अब बुलु साथ
0.83	math-ukg-add-single-s01.mp3	पहले गिनो, दो.	तहले गिनों दो
0.83	evs-lkg-market-s07.mp3	यहाँ टमाटर.	यहाट दमाटू
0.83	math-lkg-lines-curves-s05.mp3	ये रेखाएँ देखो.	ये रेखाई, देखो
0.84	eng-nur-find-shapes-s02.mp3	कमरे में वर्ग कहाँ छिपा है? उसे ढूँढ़ो और छुओ.	कमरे में वर कहां छेपा है उसे ढूंडूं और चूँ
0.84	eng-nur-shapes-check-s02.mp3	गोला कौन सा है? उसे छुओ.	गोला कौन सा है उसे चूँ
0.84	evs-lkg-animal-food-s07.mp3	कुत्ता हड्डी चबाता है.	कुत्ता हड़ी चवाता है
0.84	evs-ukg-farm-visit-cow.mp3	यह गाय है. गाय घास खाती है और हमें दूध देती है. उसके बच्चे को बछड़ा कहते हैं.	यह गाए है, गाए गास खाती है और हमी दो देती है, उसके बच्चे को बर्शा कहती हैं.
0.84	hin-lkg-khet-upar-niche-s05.mp3	टमाटर ज़मीन के ऊपर उगता है.	ट्रमाटर जमीन के उपर उकता है
0.84	math-nur-count-21-50-s02.mp3	इक्कीस से पच्चीस तक.	कि की से पचिस्तक
0.84	math-nur-count-51-100-s14.mp3	इकसठ से पैंसठ तक.	61 से पासर्त
0.84	math-nur-count-51-100-s38.mp3	इक्यासी से पचासी तक.	एक यासी से पचासीत.
0.85	hin-ukg-char-akshar-s07.mp3	देखो, अ और ज और ग और र.	देखू, अ और्जव और का और्रर
0.85	eng-lkg-animal-products-s09.mp3	मधुमक्खी फूलों से रस लेती है.	मदमक ही फूलों से रस लेती है
0.85	eng-lkg-two-letter-words-s04.mp3	मिलकर बनता है ऑन, ऊपर.	मिलकर बनता है ओन उपर
0.85	evs-ukg-national-symbols-s03.mp3	बाघ हमारा राष्ट्रीय पशु है.	बाख हमारा राश्ट्रिय पशू है।
0.85	evs-ukg-national-symbols-s06.mp3	आम हमारा राष्ट्रीय फल है.	आम हमारा राश्ट्री अफल है।
0.85	farm_yard_s2.mp3	क्या तुम वह जानवर ढूँढ सकते हो जो हमें दूध देता है?	क्या तुम वह जानव जोड़ सकती हो जो हमें दूथ देता है।
0.85	hin-ukg-char-akshar-s04.mp3	मिलकर बनता है, बरगद. बरगद का मतलब ऐ बैनियन ट्री.	मिलकर बनता है बर्गत, बर्गत का मतलब आ बैनेंट्री.
0.85	math-ukg-multiply-single-s07.mp3	तीन गुणा चार बराबर बारह.	तिंग उना चार बराबर बारह।
0.86	eng-nur-letters-f-j-s13.mp3	यह बड़ा एच है.	यह बड़ा ऐच है
0.86	eng-nur-vegetables-s06.mp3	ये सब्ज़ियाँ देखो.	ये सब्जी ने देखो
0.86	hin-ukg-vyanjan-s23.mp3	यह ध है.	यह धा
0.86	eng-nur-alphabets-s26.mp3	यह छोटा आई है.	यह छोड़ा आई है
0.86	eng-nur-alphabets-s56.mp3	यह छोटा एस है.	यह छोटा ऐस है
0.86	eng-nur-letters-a-e-s30.mp3	ई. हाथी, चील, अंडा.	इहा थी चील अंडा
0.86	eng-nur-letters-f-j-s09.mp3	जी से गोट, बकरी.	जी से गौत बकरी
0.86	eng-nur-letters-f-j-s11.mp3	जी से ग्रासहॉपर, टिड्डा.	जी से ग्रासोह पर ठिड़ा
0.86	eng-nur-letters-p-t-s03.mp3	पी से पैरट, तोता.	पीसे पारट तोटा
0.86	eng-nur-letters-p-t-s12.mp3	आर की ध्वनि, र.	आर की धनी रह
0.86	eng-nur-letters-p-t-s28.mp3	टी. बाघ, कछुआ, टमाटर.	टीबाग, कच्छुआ, टमाटर
0.86	eng-nur-letters-u-z-s21.mp3	वाई से यार्न, ऊन का गोला.	वाई से यान, उनका गुला
0.86	eng-nur-letters-u-z-s22.mp3	वाई से याक, याक.	वाइसी याक याक
0.86	eng-nur-vegetables-s03.mp3	यह टमाटर है.	यह तमाटर है
0.86	eng-ukg-phonics-s11.mp3	आई की ध्वनि, इ.	आई की धनी इहीं
0.86	eng-ukg-phonics-s15.mp3	एल की ध्वनि, ल.	एल की धनी लग
0.86	eng-ukg-phonics-s22.mp3	आर की ध्वनि, र.	आर की धनी रह
0.86	evs-lkg-animal-food-s03.mp3	गाय घास खाती है.	गाए घास खाती है
0.86	evs-lkg-healthy-food-s01.mp3	इनमें से सेहतमंद खाना कौन सा है? उसे छुओ.	इन में से सेहत मन खाना कौन सा है उसे चूँ।
0.86	evs-lkg-market-s08.mp3	अब बोलो, बैंगन.	अव बूलू बागन
0.86	evs-lkg-professions-s03.mp3	डॉक्टर स्टेथोस्कोप से हमारी धड़कन सुनते हैं.	जॉक्टर स्टेटोस्कोप से हमारी धरकन सुनती हैं।
0.86	evs-nur-good-habits-s07.mp3	और दूध पीते हैं.	और दोद पीते हैं
0.86	evs-ukg-balloon-ride-s05.mp3	और ऊपर सूरज चमक रहा है.	और उपर सूरट चमक रहा है
0.86	hin-lkg-sabji-rang-s09.mp3	यह पत्तागोभी है.	या पतागू भी है
0.86	hin-ukg-matra-s06.mp3	यह ई मात्रा है.	यह इमात्रहे
0.86	hin-ukg-matra-s12.mp3	यह ओ मात्रा है.	यहाँ उमत रहे
0.86	hin-ukg-swar-s03.mp3	यह आ है. बोलो, आ.	यह आहे, बोलो, हाँ
0.86	hin-ukg-vyanjan-s21.mp3	यह थ है.	या था है?
0.86	hin-ukg-vyanjan-s26.mp3	यह प है.	या पहे
0.86	hin-ukg-vyanjan-s28.mp3	यह ब है.	या बहे
0.86	hin-ukg-vyanjan-s29.mp3	यह भ है.	यह भा
0.86	hin-ukg-vyanjan-s39.mp3	यह स है.	या सहे
0.86	hin-ukg-vyanjan-s40.mp3	यह ह है.	यह है
0.86	math-lkg-odd-even-s06.mp3	छह, सम.	छे सम
0.86	math-nur-count-1-20-s17.mp3	अब बोलो, सत्रह.	अबूलु सत्रा
0.86	math-nur-count-1-20-s19.mp3	अब बोलो, उन्नीस.	अबूल उनिस
0.86	math-nur-count-21-50-s03.mp3	अब बोलो, इक्कीस.	अबूलू इकिस
0.86	math-nur-count-21-50-s07.mp3	अब बोलो, पच्चीस.	अबूलू पचीस
0.86	math-nur-count-21-50-s16.mp3	अब बोलो, बत्तीस.	अबूलू बतीस
0.86	math-nur-count-21-50-s19.mp3	अब बोलो, पैंतीस.	अब बुलो पेदीस
0.86	math-nur-count-51-100-s16.mp3	अब बोलो, बासठ.	अब बोलो, बासट
0.86	math-nur-count-51-100-s18.mp3	अब बोलो, चौंसठ.	अब बोलू चोसेट
0.86	math-nur-count-51-100-s46.mp3	अब बोलो, सत्तासी.	अबूलो सतासी
0.86	math-nur-count-check-s02.mp3	पंद्रह कहाँ है? उसे छुओ.	पंद्रह कहां है उसे चूँ
0.86	math-nur-count-check-s03.mp3	तैंतालीस कहाँ है? उसे छुओ.	तेतालीस कहा है? उसे चूँ.
0.86	math-ukg-add-single-s02.mp3	अब ये गिनो, तीन.	अब ये किनू तीन
0.86	math-ukg-add-single-s07.mp3	पहले गिनो, तीन.	तहली गीनू तीन
0.87	demo-sky-s01.mp3	हम गुब्बारे में हैं. नीचे देखो.	हमको बारी में है, नीचे देखो
0.87	eng-lkg-days-week-s01.mp3	हफ़्ते में सात दिन होते हैं. पहला दिन सोमवार.	हफ़ते में साथ दिन होती हैं, पहला दिन सोंबार.
0.87	eng-nur-birds-s07.mp3	यह उल्लू है. उल्लू रात को जागता है.	यह उलू है, उलू रात को जाकता है
0.87	eng-nur-colors-check-s01.mp3	नीला वाला कौन सा है? उसे छुओ.	निलावाला कौन सा है उसे चूँ
0.87	eng-nur-domestic-animals-s06.mp3	यह भेड़ है. भेड़ से हमें ऊन मिलती है.	या भेड है, भेड सी हमें उ मिलती है
0.87	eng-nur-find-shapes-s05.mp3	कमरे में आयत कहाँ छिपा है? उसे ढूँढ़ो और छुओ.	कमरीमी आयत कहां छिपा है उसे धूंडो और छूँ
0.87	eng-nur-water-animals-s07.mp3	यह केकड़ा है. केकड़ा टेढ़ा चलता है.	यह कीकड़ा है, कीकड़ा तेरा चलता है.
0.87	evs-ukg-serpentarium-s05.mp3	यह छिपकली है. इसके चार पैर और एक लंबी पूँछ है.	यह चिप्टली हैं, इसकी चार पैर और एक लंबी पूँच है
0.87	evs-ukg-states-india-s09.mp3	पंजाब के खेतों में ख़ूब गेहूँ उगता है.	पंजाग की खेतों में खुब गीहुं उकता है।
0.87	math-nur-long-round-s02.mp3	लंबी चीज़ कौन सी है? उसे छुओ.	लंबी चीज कौन सी है उसे चूँ
0.87	solar_system_s7.mp3	बृहस्पति सबसे बड़ा है. वे धारियाँ तूफ़ान हैं.	भ्रियस्पती सबसी बड़ा है, विधारियां तुफान है.
0.88	eng-nur-letters-u-z-s11.mp3	डब्ल्यू की ध्वनि, व.	डबलू की धनी वा
0.88	math-ukg-compare-numbers-s01.mp3	सात और तीन देखो.	साट और तीन देखो
0.88	eng-lkg-days-week-s03.mp3	अब बोलो, बुधवार.	अब बोलो बुद्वार
0.88	eng-lkg-in-on-under-s04.mp3	ऊपर, नीचे, अंदर.	उपर, नीचे, अंदर.
0.88	eng-lkg-months-year-s02.mp3	अब बोलो, फ़रवरी.	अब बोलो फर्वडी
0.88	eng-lkg-months-year-s08.mp3	अब बोलो, अगस्त.	अब बूलो अगस्ट
0.88	eng-lkg-months-year-s09.mp3	अब बोलो, सितंबर.	अब बोलु सेपंबर
0.88	eng-nur-alphabets-s60.mp3	टी से टाइगर, बाघ.	टीसे टाइगर बाग
0.88	eng-nur-animal-sounds-s03.mp3	अब मुर्गी को ढूँढ़ो.	अब मुर्गी को ढूंडो
0.88	eng-nur-birds-s05.mp3	यह तोता है. तोते के पंख रंग-बिरंगे हैं.	यहाँ तोता है तोते के पंक रंग विरंगे हैं
0.88	eng-nur-fruits-s09.mp3	यह स्ट्रॉबेरी है.	यह स्टुबे वरी है
0.88	eng-nur-letters-a-e-s12.mp3	बी. केला, भालू, तितली.	विकेला भालो तितली
0.88	eng-nur-water-animals-s02.mp3	यह मछली है. मछली पानी में तैरती है.	यह मचली हैं, मचली पानी में तेरती हैं।
0.88	eng-nur-wild-animals-s03.mp3	यह बाघ है. बाघ के शरीर पर धारियाँ हैं.	यह बाग है, बाग के शरीर परधारिया हैं।
0.88	eng-ukg-behind-front-s01.mp3	यह पत्थर है, और यह मुर्गी.	या पथर है और या मुर्गी
0.88	evs-lkg-animal-food-s09.mp3	बिल्ली दूध पीती है.	बिल्ली दूद पीती है
0.88	evs-lkg-community-helpers-s06.mp3	यह दमकलकर्मी हैं. वे आग बुझाते हैं.	यह तमकल कर्मी हैं, वे आग बुजाते हैं।
0.88	evs-lkg-house-parts-s03.mp3	यह छत है. यह हमें धूप और बारिश से बचाती है.	यह अच्छ थे, यहां हमी धूप और बारिश सी बचाती है।
0.88	evs-lkg-market-s03.mp3	यहाँ सेब मिलते हैं.	यहां सेथ मिलते हैं
0.88	evs-nur-festivals-s08.mp3	ईद पर हम चाँद देखते हैं, और सबको गले लगाकर ईद मुबारक कहते हैं.	इद पर हम चाम देखते हैं और सब को गले लगाकर इद मुबारख कहते हैं.
0.88	gk-lkg-sports-equipment-s03.mp3	क्रिकेट बल्ले और गेंद से खेलते हैं.	ट्रिकेट बल्ली और गीन से खेलते हैं
0.88	hin-lkg-khet-upar-niche-s02.mp3	गाजर ज़मीन के नीचे उगती है.	गाजे जमीन की नीची उकती है
0.88	hin-nur-vadya-yantra-s03.mp3	यह ढोलक है. इसे दोनों तरफ़ से बजाते हैं.	या धोलके इसे दोनों तरफ से बजाती हैं।
0.88	hin-ukg-char-akshar-s01.mp3	देखो, म और क और स और द.	देखो, मा औरक, औरसा औरकस.
0.88	hin-ukg-char-akshar-s02.mp3	मिलकर बनता है, मकसद. मकसद का मतलब ऐ पर्पस.	मिलकर बनता है मकसद मकसद का मतलब आहाँ आपस
0.88	hin-ukg-teen-akshar-s07.mp3	देखो, म और क और र.	देखो, मौर्का और
0.88	math-lkg-wet-dry-s06.mp3	धूप निकली है. धूप में चीज़ें सूख जाती हैं.	धूपनी कली है, धूपनी चीजी सूप जाती है।
0.88	math-nur-count-51-100-s10.mp3	अब बोलो, सत्तावन.	अबूलू सतावन
0.88	math-nur-count-51-100-s17.mp3	अब बोलो, तिरसठ.	अब बोलो तिर सक
0.88	math-nur-count-51-100-s58.mp3	अब बोलो, सत्तानवे.	अबूलो, सतन्वी
0.88	math-nur-weight-check-s02.mp3	अब कौन सा हल्का है? उसे छुओ.	अब कौन सा हलका है? उसे चूँ
0.88	math-ukg-multiply-single-s04.mp3	एक पंक्ति में चार.	एक पंक्री में चार
0.89	elephant.mp3	यह हाथी है.	या हाथी है
0.89	eng-nur-colors-s10.mp3	यह भूरा है.	या भूरा है
0.89	eng-nur-fruits-s02.mp3	यह सेब है.	या सीब है
0.89	eng-lkg-animal-products-s03.mp3	गाय हमें दूध देती है.	गाए हमें दूध देती है
0.89	eng-lkg-animal-products-s06.mp3	यह भेड़ है.	यह भीड़े
0.89	eng-lkg-hot-cold-s02.mp3	आइसक्रीम ठंडी है.	आईसक्रीम ठंडी है
0.89	eng-lkg-transport-types-s09.mp3	यह नाव है.	यह नावे
0.89	eng-nur-alphabets-s66.mp3	वी से वायलिन, वायलिन.	वी सी वालन, वालन,
0.89	eng-nur-alphabets-s67.mp3	यह बड़ा डब्ल्यू है.	यह बड़ा टब्लियू है
0.89	eng-nur-elephant-story-s05.mp3	हिरण भी प्यासा था. अप्पू ने सूँड़ में पानी भरकर उसे भी पिलाया.	हिरन भी प्यासा था, अप्पो ने सूनवी पानी भर कर उसे भी पिलाया।
0.89	eng-nur-letters-a-e-s18.mp3	सी. बिल्ली, कौआ, केकड़ा.	सीबिल्ली, कौवा, केकड़ा
0.89	eng-nur-letters-k-o-s11.mp3	एल. शेर, कमल, नींबू.	ऐलशीर कमल नीबू
0.89	eng-nur-letters-k-o-s26.mp3	ओ से अनियन, प्याज़.	ओसी अनियन प्यास
0.89	eng-nur-letters-p-t-s04.mp3	पी से पम्पकिन, कद्दू.	पीसे पंपकिन कदू
0.89	eng-nur-letters-p-t-s27.mp3	टी से टमैटो, टमाटर.	टीसे तमाटो, टमाटर
0.89	eng-nur-letters-u-z-s26.mp3	ज़ेड से ज़ेबरा, ज़ेबरा.	जेद सी जेबर, जेबर
0.89	eng-nur-wild-animal-traits-s03.mp3	हाथी की लंबी सूँड़ है. सूँड़ से वह पानी पीता है.	हाथे की लंबी सूढ है, सूढ से वहाँ पानी पीता है।
0.89	eng-nur-wild-animals-s08.mp3	यह हिरण है. हिरण बहुत तेज़ भागता है.	यह हिरन है, हिरन बहुत तेज भागता है
0.89	evs-lkg-animal-food-s05.mp3	मुर्गी दाना चुगती है.	मुर्गी दाना चुकती है
0.89	evs-lkg-animal-habitats-s09.mp3	शेर माँद में रहता है.	शीव मांद में रहता है
0.89	evs-lkg-healthy-food-s02.mp3	इनमें से सेहतमंद खाना कौन सा है? उसे छुओ.	इन में से सेहत मंद खाना कौन सा है उसे चूब
0.89	evs-lkg-house-parts-s05.mp3	यह खिड़की है. इससे हवा और रोशनी आती है.	या खिरकी है इसे हवा और रोशनी आती है
0.89	evs-ukg-farm-visit-s02.mp3	कौन-सा जानवर हमें दूध देता है? उसे ढूँढ़ो.	कौन सा जानवर हमें दू देता है, उसे ढून हो।
0.89	evs-ukg-flowers-s07.mp3	यह चमेली है. ये छोटे सफ़ेद फूल बहुत महकते हैं.	यहाँ चमीली है, यह छोटी सा फेप फूल बहुत महगते हैं.
0.89	evs-ukg-flowers-s08.mp3	फूल पौधे पर ही सुंदर लगते हैं. हम उन्हें बेवजह नहीं तोड़ते.	फूल पॉधे पर ही सुन्दर लगते हैं, हम उन्हीं बेवस नहीं रोड़तें।
0.89	evs-ukg-safe-touch-s03.mp3	अगर कोई ऐसे छुए कि तुम्हें बुरा लगे, डर लगे, या दर्द हो, वह असुरक्षित छूना है. जो हिस्से कपड़ों से ढके रहते हैं, उन्हें कोई नहीं छू सकता.	अगर कोई ऐसे चुई कि तुम्हें बुरा लगी, डर लगी या दर्धो वहा असुरक्षित चुना है, जो हिस्सी कपडों से ढके रहते हैं, उन्हीं नहीं कोई नहीं चुश सकता।
0.89	evs-ukg-water-cycle-s02.mp3	गरम पानी भाप बनकर ऊपर उठता है.	गरम पानी भाब बनकर उपर उठता है।
0.89	hin-ukg-matra-s05.mp3	क में इ मात्रा लगी, कि.	कमें ये मात्रा लगी की.
0.89	hin-ukg-matra-s07.mp3	क में ई मात्रा लगी, की.	कमें इमात्रा लगी की
0.89	hin-ukg-vyanjan-s31.mp3	अब य र ल व देखो.	अब यह रह लाव देखू
0.89	hin-ukg-vyanjan-s32.mp3	यह य है.	यह यह है
0.89	hin-ukg-vyanjan-s35.mp3	यह व है.	यह वह है
0.89	math-lkg-half-whole-s05.mp3	यह पूरा नारियल है.	यह पूरा नाटियल है
0.89	math-lkg-open-close-s01.mp3	यह फाटक बंद है. कोई अंदर नहीं जा सकता.	यहाँ फाटक बंध है, कोई अंधर नहीं जा सकता।
0.89	math-lkg-opposites-s05.mp3	यह भरा है.	या भरा है
0.89	math-nur-count-1-20-s02.mp3	अब बोलो, दो.	अबूलो 2
0.89	math-nur-count-1-20-s09.mp3	अब बोलो, नौ.	अब बो, नौ
0.89	math-nur-count-51-100-s07.mp3	अब बोलो, पचपन.	अब बोल्य प्लच्पन
0.89	math-nur-count-51-100-s29.mp3	अब बोलो, तिहत्तर.	अब भूलो 73
0.89	math-nur-count-51-100-s61.mp3	अब बोलो, सौ.	अबूलू, सो
0.89	math-ukg-add-double-s03.mp3	बारह जमा छह. सोचो.	12 जमाच छे, सोचू
0.89	math-ukg-divide-single-s01.mp3	यहाँ छह हैं.	यहां छे हैं
0.90	evs-nur-good-habits-s05.mp3	हम अपने बालों में कंघी करते हैं.	हम अपने बालों में कंग ही करती हैं
0.90	eng-lkg-animal-products-s05.mp3	मुर्गी हमें अंडे देती है.	मुर्की हमें अंडे दीती है
0.90	eng-lkg-animal-products-s07.mp3	भेड़ हमें ऊन देती है. ऊन से स्वेटर बनता है.	भीड हमें उन दीती है, उन से स्वेटर बनता है।
0.90	eng-lkg-hot-cold-s01.mp3	चाय गरम है. ध्यान से!	चाए गरम है धियान से
0.90	eng-nur-bird-animal-sounds-duck.mp3	यह बत्तख है. बत्तख क्वैक-क्वैक करती है.	यहाँ बत्तक है, बत्तक क्वेक क्वेक करती है.
0.90	eng-nur-bird-animal-sounds-pigeon.mp3	यह कबूतर है. कबूतर गुटर-गूँ करता है.	या कबुतर है कबुतर गुटर गुटर गुं करता है
0.90	eng-nur-shapes-check-s03.mp3	तारा कौन सा है? उसे छुओ.	तारा कौन सा है? उसे चुओ.
0.90	eng-nur-wild-animal-traits-s07.mp3	कंगारू अपने बच्चे को पेट की थैली में रखता है.	कंगारू अपने बच्चे को पेज की ठैली में रखता है।
0.90	evs-lkg-animal-food-s11.mp3	खरगोश गाजर खाता है.	खरगोश काजर खाता है
0.90	evs-lkg-animal-habitats-s11.mp3	गाय गौशाला में रहती है.	गाए गौशालमी रहती है
0.90	evs-nur-festivals-s07.mp3	और एक-दूसरे को उपहार देते हैं.	और एक दूसरे को उफार देते हैं.
0.90	evs-ukg-germination-s06.mp3	बीज से पौधा बनने को अंकुरण कहते हैं. तुम भी एक बीज बोकर देखो!	बीच से पोधा बन्नी को अंकुरन कहते हैं। तुम भी एक बीच बोकर देखो।
0.90	evs-ukg-national-symbols-s08.mp3	जब राष्ट्रगान बजता है, हम सीधे खड़े होते हैं. जय हिंद!	जब राश्ट्रगान बचता है, हम सीधी खड़े होते हैं। जै हिंद।
0.90	evs-ukg-states-india-s02.mp3	राजस्थान में रेगिस्तान है. वहाँ ऊँट चलते हैं.	राजस्थान में रेगिस्थान है, वहाँ उंट चलते हैं।
0.90	evs-ukg-states-india-s07.mp3	पश्चिम बंगाल के सुंदरबन में बाघ रहते हैं.	पश्शिम बंगाल की संदर्बन में बाग रहती हैं।
0.90	evs-ukg-village-city-s04.mp3	चार, पाँच मंज़िल, एक के ऊपर एक.	चार, पांच मन्जिल, एक के उपर एक.
0.90	gk-ukg-sink-float-s05.mp3	चम्मच डूब जाता है, नीचे बैठ जाता है.	चमच डूप जाता है, नीचे बैठ जाता है.
0.90	hin-ukg-teen-akshar-s05.mp3	देखो, स और र और ल.	देखो, सा और र और लगुदू
0.90	hin-ukg-teen-akshar-s08.mp3	मिलकर बनता है, मकर. मकर का मतलब ऐ क्रोकोडाइल.	मिलकर बनता है मकर मकर का मतलब आ क्रोकुडाई
0.90	hin-ukg-teen-akshar-s12.mp3	मिलकर बनता है, भवन. भवन का मतलब ऐ बिल्डिंग.	मिलकर बनता है भवन, भवन का मतलब एह बिल्दिंग.
0.90	math-nur-weight-check-s01.mp3	कौन सा भारी है? उसे छुओ.	कौन सा भारी है उसी छोग
0.90	math-ukg-divide-single-s04.mp3	छह भाग दो बराबर तीन.	छे भाग दो बराबरती
0.90	math-ukg-sub-double-s03.mp3	अठारह घटा छह. सोचो.	18 घड़ा 6, सुचू
0.90	playground_s4.mp3	रेत का गड्ढा खोदने के लिए है. अब चलो अंदर वापस चलें.	रेत का गढ़्धा खोबने के लिए अब चलो अंदर वापस चली।
0.91	eng-lkg-months-year-s05.mp3	अब बोलो, मई.	अबूलू मेई
0.91	eng-lkg-three-letter-words-s11.mp3	देखो, बी, यू, एस.	देखो, बुएस
0.91	evs-lkg-animal-food-s06.mp3	यह कुत्ता है.	यहां कुता है
0.91	math-nur-count-1-20-s05.mp3	अब बोलो, पाँच.	अबूलू पंच
0.91	eng-lkg-myself-s02.mp3	यह मेरी माँ हैं.	या मेरी माहे
0.91	eng-lkg-transport-sort-s02.mp3	यह नाव है. यह कहाँ चलती है, सड़क पर, पानी पर, या आसमान में? सही जगह को छुओ.	या नावे, या कहां चलती है, सडक पर, पानी पर, या आसमान मी, सही जुहे को छुवो.
0.91	eng-lkg-transport-sort-s03.mp3	यह हवाई जहाज़ है. यह कहाँ चलती है, सड़क पर, पानी पर, या आसमान में? सही जगह को छुओ.	या हवाई जहास है, या कहां चलती हैं, सडक पर, पानी पर, या आस्मान में, सही जगा को छूँँग।
0.91	eng-lkg-transport-types-s10.mp3	यह जहाज़ है.	या जहाज है
0.91	eng-lkg-two-letter-words-s07.mp3	देखो, जी और ओ.	दीखो, जी औरू
0.91	eng-nur-alphabets-s02.mp3	यह छोटा ए है.	या छोटा ए है
0.91	eng-nur-alphabets-s07.mp3	यह बड़ा सी है.	या बड़ा सी है
0.91	eng-nur-alphabets-s19.mp3	यह बड़ा जी है.	या बड़ा जी है
0.91	eng-nur-alphabets-s28.mp3	यह बड़ा जे है.	या बड़ा जी है
0.91	eng-nur-animals-check-s01.mp3	इनमें से कौन पानी में रहता है? उसे छुओ.	इन में सी कौन पानी में रहता है? उसे चूँ.
0.91	eng-nur-colors-s08.mp3	यह बैंगनी है.	या बैंगनी है
0.91	eng-nur-domestic-animals-s05.mp3	यह बकरी है.	या बकरी है
0.91	eng-nur-domestic-animals-s08.mp3	यह बिल्ली है.	या बिल्ली है?
0.91	eng-nur-letters-a-e-s08.mp3	बी की ध्वनि, ब.	बी की धनी ब
0.91	eng-nur-letters-f-j-s26.mp3	जे की ध्वनि, ज.	जे की धनी ज़
0.91	eng-nur-letters-p-t-s02.mp3	पी की ध्वनि, प.	पी की धनी, पा
0.91	eng-nur-letters-p-t-s16.mp3	आर. खरगोश, रॉकेट, गैंडा.	आर करगोश, रोकेट, गैंडा
0.91	eng-nur-letters-u-z-s02.mp3	यू की ध्वनि, अ.	यू की धनी अ
0.91	eng-nur-letters-u-z-s06.mp3	वी की ध्वनि, व.	वी की धनी व
0.91	eng-nur-shapes-s06.mp3	ये आकार देखो.	या कार देखू।
0.91	eng-nur-water-animals-s08.mp3	यह तारा मछली है. यह तारे जैसी दिखती है.	यह तारा मशी है, यह तारी जैसी दिखती है
0.91	eng-nur-wild-animals-s07.mp3	यह ज़ेबरा है.	या जेब्राहे
0.91	eng-ukg-phonics-s27.mp3	वी की ध्वनि, व.	वी की धनी वा
0.91	evs-lkg-animal-babies-s06.mp3	यह कुत्ता है.	यहां कोता है
0.91	evs-lkg-animal-babies-s08.mp3	यह बिल्ली है.	या बिल्ली है
0.91	evs-lkg-animal-babies-s10.mp3	यह मुर्गी है.	या मुर्गी है
0.91	evs-lkg-animal-habitats-s04.mp3	यह कुत्ता है.	यहां कुता है
0.91	evs-lkg-house-parts-s04.mp3	यह दरवाज़ा है. हम इससे अंदर जाते हैं.	यह दर्वाजा है, हम इसे अंदर चाते हैं.
0.91	evs-ukg-dinosaur-park-s01.mp3	यह डायनासोर पार्क है. ये डायनासोर के पुतले हैं, असली नहीं. डायनासोर बहुत, बहुत पहले रहते थे. आज कोई डायनासोर ज़िंदा नहीं है.	यहाँ डाइनसोर पाक है, यह डाइनसोर के पुतली हैं, असली नहीं, डाइनसोर बहुत बहुत पहली रहती थी, आज कोई डाइनसोर जिन्दा नहीं है.
0.91	evs-ukg-farm-visit-s03.mp3	कौन अंडे देता है? और ऊन किससे मिलती है?	कौन अंडी दिता है और उन किसी मिलती हैं।
0.91	evs-ukg-farm-visit-sheep.mp3	यह भेड़ है. भेड़ के बालों से ऊन बनती है.	या भीड है, भीड के बालों से उन बनती है।
0.91	evs-ukg-places-of-worship-s04.mp3	यह मस्जिद है. मुसलमान यहाँ प्रार्थना करते हैं.	यहां मर्शिद है, मुसल्मान यहां प्रार्थना करती हैं
0.91	evs-ukg-seasons-s01.mp3	साल में तीन मौसम आते हैं, गर्मी, बरसात और सर्दी.	साई में तीन मौसम आते हैं गर्मी, बरसाथ और सरदी
0.91	evs-ukg-serpentarium-s02.mp3	शीशा हमें सुरक्षित रखता है. हम सिर्फ़ देखते हैं, शीशे को थपथपाते नहीं.	शीशा हमें सुरक्षत रखता है। हम सिर्फ देखते हैं शीशे को ठब ठपाते नहीं।
0.91	evs-ukg-village-city-s05.mp3	गाँव में घर नीचे, शहर में ऊपर. दोनों में लोग रहते हैं.	गाउं में घर नीचे, शहर में उपर दोनों में लोग रहती हैं।
0.91	gk-ukg-sink-float-s01.mp3	यह पानी का टब है. देखें क्या तैरता है, क्या डूबता है.	यहाँ पानी का टब है, देखीं क्या तेरता है, क्या ढूपता है
0.91	gk-ukg-sink-float-s02.mp3	सेब तैरता है, पानी के ऊपर रहता है.	सेब त्यारता है, पानी के उपर रहता है.
0.91	gk-ukg-sink-float-s04.mp3	नारियल तैरता है, पानी के ऊपर रहता है.	नारेल तेरता है, पानी की उपर रहता है.
0.91	hin-lkg-khet-upar-niche-s01.mp3	यह खेत की मिट्टी है, और ऊपर ज़मीन.	यहां खेत की मिटी है और उपर जमीन.
0.91	hin-lkg-sabji-rang-s03.mp3	यह गाजर है.	या गाजर है
0.91	hin-lkg-sabji-rang-s07.mp3	यह भुट्टा है.	यह भूटा है
0.91	hin-ukg-do-akshar-s01.mp3	देखो, न और ल.	दिखो, नॉर्ल
0.91	hin-ukg-do-akshar-s04.mp3	मिलकर बनता है, कल. कल का मतलब येस्टरडे.	मिलकर बनता है केल, कल का मतलग येस्टरेइ
0.91	hin-ukg-teen-akshar-s10.mp3	मिलकर बनता है, चमक. चमक का मतलब ऐ शाइन.	मिलकर बनता है चमक चमक का मतलब है शाइंग
0.91	math-nur-big-small-s04.mp3	और यह छोटा.	और या छोटा
0.91	math-nur-count-1-20-s04.mp3	अब बोलो, चार.	अबुलू, चार
0.91	math-nur-count-1-20-s06.mp3	अब बोलो, छह.	अब बोलू छे
0.91	math-nur-count-1-20-s20.mp3	अब बोलो, बीस.	अबूलू, बिस
0.91	math-nur-count-51-100-s20.mp3	छियासठ से सत्तर तक.	66 से 70 तर
0.91	math-nur-wide-narrow-s02.mp3	यह रास्ता पतला है. बस एक आदमी चल सकता है.	यह रास्ता पतला है, बस एक आग्मी चाज सकता है
0.91	math-ukg-sub-single-s06.mp3	चार में से तीन गए, बचे एक.	चार में से तीन गए बचे
0.91	physics_lab_s2.mp3	डोरी पर लटकी वह छोटी गेंद लोलक है. यह इधर-उधर झूलती है.	डोरी पर लटकिवा छोटी गेन लोलक है यहाँ इधर उधर जूलती है।
0.92	math-nur-up-down-s02.mp3	नीली गेंद नीचे है, फ़र्श पर.	नेली गींद नीचे हैं फार्ष पर
0.92	math-nur-up-down-s03.mp3	पंखा ऊपर है. चटाई नीचे है.	पंखा उपर है, चटाई नीचे है.
0.92	demo-sky-s02.mp3	बादल हमारे पास से जा रहे हैं.	बादल हमारे पास ही जा रही है
0.92	eng-lkg-animal-products-s10.mp3	मधुमक्खी हमें शहद देती है.	मधुमक्षी हमें शहद देती है
0.92	eng-lkg-myself-s01.mp3	नमस्ते! मेरा नाम मीना है. मैं चार साल की हूँ. मैं एक लड़की हूँ.	नमस्ती मेरा नाम मीना है मैं चार साल की हूँ मैं इत लड़की हूँ
0.92	eng-lkg-transport-types-s01.mp3	हम एक जगह से दूसरी जगह कैसे जाते हैं? गाड़ियों से! कुछ सड़क पर चलती हैं, कुछ पानी पर, और कुछ आसमान में.	हम एक जगह से दूसरी जगह कैसे जाते हैं? गाडियों से कुछ सड़क पर चलती हैं, कुछ पानी पर और कुछ आस्मा पर चलती हैं.
0.92	eng-nur-alphabets-s50.mp3	यह छोटा क्यू है.	या छोटा क्यूं है?
0.92	eng-nur-alphabets-s53.mp3	यह छोटा आर है.	या छोटा आर है
0.92	eng-nur-domestic-animals-s04.mp3	यह घोड़ा है. घोड़ा तेज़ दौड़ता है.	यह घोड़ा है, घोड़ा तेज दोरता है
0.92	eng-nur-elephant-story-s04.mp3	अप्पू तालाब पर गया. उसने अपनी लंबी सूँड़ से ख़ूब पानी पिया.	अपू ताला पर गया, उसने अपनी लंबी सूर सी खूब पानी पिया
0.92	eng-nur-find-shapes-s01.mp3	कमरे में गोला कहाँ छिपा है? उसे ढूँढ़ो और छुओ.	कमरे में गोला कहां छपा है उसे ढूंडो और छूँँ
0.92	eng-nur-letters-a-e-s10.mp3	बी से बेयर, भालू.	बी से बैर भालू
0.92	eng-nur-letters-f-j-s08.mp3	जी की ध्वनि, ग.	जी की ध्वनी, गत
0.92	eng-nur-letters-f-j-s24.mp3	आई. इग्लू, आइसक्रीम, कीड़ा.	आई इग्लू, आई स्क्रीम, कीडा
0.92	eng-nur-letters-k-o-s07.mp3	एल की ध्वनि, ल.	एल की धनी ला
0.92	eng-nur-letters-k-o-s18.mp3	एन की ध्वनि, न.	एंकी ध्वनी ना
0.92	eng-nur-letters-u-z-s20.mp3	वाई की ध्वनि, य.	वाई की धनी या
0.92	eng-nur-shapes-s04.mp3	यह त्रिभुज है.	यात्रभुज है
0.92	eng-nur-shapes-s07.mp3	यह अंडाकार है.	या अंडाकार है
0.92	eng-ukg-phonics-s09.mp3	जी की ध्वनि, ग.	जी की ध्वनी गर
0.92	eng-ukg-phonics-s16.mp3	एम की ध्वनि, म.	एम की धनी मा
0.92	eng-ukg-phonics-s23.mp3	एस की ध्वनि, स.	एसकी धनी सा
0.92	evs-lkg-animal-habitats-s05.mp3	कुत्ता कुत्ताघर में रहता है.	कुता कुता घर में रहता है
0.92	evs-lkg-animal-habitats-s07.mp3	मधुमक्खी छत्ते में रहती है.	मधुमक्षी छत्ती में रहती है
0.92	evs-lkg-healthy-food-s03.mp3	इनमें से सेहतमंद खाना कौन सा है? उसे छुओ.	इनमे से सेहत मंद खाना कौन सा है? उसे चूँ.
0.92	evs-lkg-professions-s04.mp3	यह शिक्षिका हैं.	या शिक्षिका है
0.92	evs-ukg-dinosaur-park-s06.mp3	यह एपैटोसॉरस है. इसकी गर्दन बहुत लंबी थी. यह सबसे बड़े डायनासोरों में से एक था.	यहाँ अपेतुसौरस है, इसकी गर्दन बहुत लंबी थी, यह सबसे बड़े डाइनासूरों में से एक था.
0.92	evs-ukg-dinosaur-park-s11.mp3	हमें डायनासोर के बारे में उनकी हड्डियों से पता चला, जो ज़मीन के नीचे मिलीं.	हमें डानसोर के बारे में उनकी अध्डियों से पता चला जो जमीन के नीचे मिली।
0.92	evs-ukg-seasons-s05.mp3	सर्दी में ठंड लगती है. कोहरा छाता है, और हम आग तापते हैं.	सरदी में ठंड लगती है, कोहरा चाता है और हम आग दापते हैं.
0.92	evs-ukg-states-india-s04.mp3	महाराष्ट्र के हापुस आम बहुत मशहूर हैं.	महाराश्ट्र के हापुस आम बहुत मशूर है।
0.92	gk-lkg-sports-equipment-s04.mp3	यह फ़ुटबॉल है.	या फुटबॉल है
0.92	gk-lkg-sports-equipment-s07.mp3	बैडमिंटन रैकेट और शटलकॉक से खेलते हैं.	बादमिंटन राकेट और शटकॉक से खेलते हैं
0.92	hin-ukg-do-akshar-s05.mp3	देखो, घ और र.	देखो, घ और रहा
0.92	hin-ukg-do-akshar-s09.mp3	देखो, म और न.	देखो मा और नग।
0.92	hin-ukg-matra-s02.mp3	यह आ मात्रा है.	यहां मात रहे
0.92	hin-ukg-swar-s05.mp3	यह ई है. बोलो, ई.	यही है बोलो ई
0.92	hin-ukg-swar-s06.mp3	यह उ है. बोलो, उ.	यह उ है बोलो
0.92	horse_about.mp3	यह घोड़ा है. घोड़ा तेज़ दौड़ता है.	यह घुड़ा है, घुड़ा तीज दरता है।
0.92	math-lkg-full-empty-s04.mp3	और यह ख़ाली है.	और या खाली है
0.92	math-lkg-opposites-s04.mp3	और यह छोटा, लंबे का उल्टा.	और यह चोटा लंबे का उल्टा
0.92	math-nur-count-1-20-s12.mp3	अब बोलो, बारह.	अब बूलू बारा
0.92	math-nur-count-21-50-s04.mp3	अब बोलो, बाईस.	अब बुलू 20
0.92	math-nur-count-21-50-s05.mp3	अब बोलो, तेईस.	अब बोलो तेस
0.92	math-nur-count-21-50-s25.mp3	अब बोलो, चालीस.	अबूलो, 40
0.92	math-nur-count-21-50-s37.mp3	अब बोलो, पचास.	अबूलो पचास
0.92	math-nur-count-51-100-s04.mp3	अब बोलो, बावन.	अबूलो बावन
0.92	math-nur-count-51-100-s41.mp3	अब बोलो, तिरासी.	अबूलो तरासी
0.92	math-nur-count-51-100-s43.mp3	अब बोलो, पचासी.	अबूलू पचासी
0.92	math-nur-count-51-100-s49.mp3	अब बोलो, नब्बे.	अब बुलू नबी
0.92	math-nur-count-51-100-s50.mp3	इक्यानवे से पंचानवे तक.	एक यान वी सी पंचान वी तक
0.92	math-nur-in-out-s01.mp3	यह सेब बर्तन के अंदर है.	यासी बर्तन के अंदर है
0.92	math-nur-light-heavy-s01.mp3	यह तराज़ू है. इससे पता चलता है क्या भारी है.	यह दराजू है, इसे पता चलता है क्या भारी है
0.92	math-nur-long-round-s01.mp3	गोल चीज़ कौन सी है? उसे छुओ.	गोल चीज कौन सी है उसे चूओ
0.92	math-nur-long-short-s01.mp3	यह छड़ी लंबी है.	या छड़ी लंबी है
0.92	math-nur-near-far-s01.mp3	यह पेड़ पास है.	या पेड़ पास है
0.92	math-ukg-add-single-s09.mp3	तीन और चार मिलकर सात.	तीन और चार मेलकर साथ
0.92	math-ukg-sub-single-s09.mp3	पाँच में से एक गए, बचे चार.	पांच में से एक गई बची चार
0.92	our_classroom_s3.mp3	दीदी बोर्ड के पास खड़ी हैं. आज वे हमें पढ़ाएँगी.	देरी बोड के पास खड़ी हैं, आज वे हमें पढ़ाएंगी।
0.92	solar_system_s9.mp3	अरुण अपनी करवट लेटा है, जैसे कोई गेंद लुढ़क रही हो.	अरुन अपनी करवट लीटा है, जैसे कोई गेन लुढक रही हो।
0.93	chem_lab_s3.mp3	स्टैंड में रखे लंबे गिलास परखनली कहलाते हैं.	स्टैंड पे रखे लंबे गिलास पर अखनली कहलाते हैं
0.93	demo-snow-s01.mp3	यह बर्फ़ है. सब कुछ सफ़ेद है.	यह बर्फ है, सब कुछ सफीध है
0.93	demo-street-s02.mp3	दुकान, दवाखाना, डाकघर और बैंक.	दुकान, दवाखाना, डागघर और बैंक
0.93	eng-lkg-days-week-s06.mp3	अब बोलो, शनिवार.	अबूलू शनिवार
0.93	eng-lkg-months-year-s13.mp3	जनवरी से दिसंबर, पूरा साल.	जनवर इसे, दिसम्बर पुरा साल
0.93	eng-nur-alphabets-s09.mp3	सी से कैट, बिल्ली.	सी से क्याट बिल्ली
0.93	eng-nur-bird-animal-sounds-owl.mp3	यह उल्लू है. उल्लू हू-हू करता है.	यहाँ उलू है, उलू हुँ हुँ करता है
0.93	eng-nur-elephant-story-s02.mp3	एक दिन बहुत गर्मी थी. सूरज तेज़ चमक रहा था. अप्पू को बहुत प्यास लगी.	एक दिन बहुत गर्मी थी, सूरच तीच चमक रहा था, अपू को बहुत प्यास लगी।
0.93	eng-nur-elephant-story-s06.mp3	अप्पू ख़ुश था. दोस्तों की मदद करना अच्छी बात है.	अपो खुश था, दोस्तों की मदद करना अच्छी वात है
0.93	eng-nur-vegetables-s07.mp3	यह पत्तागोभी है.	यहाँ पतागू भी है
0.93	eng-nur-water-animals-s05.mp3	दूर देखो, वह व्हेल है. व्हेल सबसे बड़ा जानवर है.	दू दिखो, वह वेल है, वेल सबसे बड़ा जानवर है
0.93	evs-lkg-body-parts-s06.mp3	यह नाक है. नाक से हम सूँघते हैं.	यह नाक है, नाक से हम सुंकती हैं
0.93	evs-ukg-farm-visit-hen.mp3	यह मुर्गी है. मुर्गी दाना चुगती है और अंडे देती है.	यह मुर्गी है, मुर्गी दानत चुकती है और अंडी दीती है.
0.93	evs-ukg-germination-s01.mp3	यह बीज है. हम इसे मिट्टी में बोते हैं और पानी देते हैं.	यह बीज है, हम इसे मिठी में बोते हैं और पानी देते हैं
0.93	evs-ukg-india-culture-s04.mp3	बहुत-सी महिलाएँ साड़ी पहनती हैं.	बहुत सी महलाईं साड़ी पहनती हैं.
0.93	evs-ukg-national-symbols-s02.mp3	यह हमारा राष्ट्रीय ध्वज है, तिरंगा. इसमें केसरिया, सफ़ेद और हरा रंग है, और बीच में अशोक चक्र.	यहां हमारा राश्ट्रिय धज है, तिरंगा, इसमी कीसरिया, सफीद और हरारंग है, और बीच में अशुक चक्राइब है.
0.93	evs-ukg-national-symbols-s04.mp3	मोर हमारा राष्ट्रीय पक्षी है.	मौर हमारा राश्ट्रिय पक्षी है
0.93	evs-ukg-snow-camp-s05.mp3	और यह हमने बनाया, स्नोमैन!	और यहा हम यबनाया स्नुमन
0.93	evs-ukg-village-city-s03.mp3	अब यह शहर है. इमारतें ऊँची हैं.	अब यह शहर है, इमारती उची हैं.
0.93	gk-lkg-sports-equipment-s09.mp3	हॉकी स्टिक और गेंद से खेलते हैं. हॉकी हमारा राष्ट्रीय खेल है.	हौकी स्टिक और गेन से खेलते हैं हौकी हमारा राश्ट्रिय खेल है
0.93	gk-lkg-sports-equipment-s13.mp3	टेनिस रैकेट और गेंद से खेलते हैं.	टेनिस रैकेट और गीम सी खेलती हैं
0.93	gk-ukg-sink-float-s03.mp3	अंडा डूब जाता है, नीचे बैठ जाता है.	अंधा डूब जाता है, नीचे बैठ जाता है.
0.93	hin-ukg-matra-s08.mp3	यह उ मात्रा है.	यह उम्मत रहे
0.93	hin-ukg-vyanjan-s25.mp3	अब प वर्ग देखो.	अप वर्ग दीखू
0.93	math-lkg-lines-curves-s04.mp3	यह तिरछी रेखा है.	या तिरछी रिखा है
0.93	math-lkg-lines-curves-s07.mp3	यह वक्र रेखा है.	यहां वक रिखा है
0.93	math-nur-count-1-20-s11.mp3	अब बोलो, ग्यारह.	अब बोलो ग्यारा
0.93	math-nur-count-1-20-s18.mp3	अब बोलो, अठारह.	अब बोलो अठारा
0.93	math-nur-count-21-50-s28.mp3	अब बोलो, बयालीस.	अबूलू बयालिस
0.93	math-nur-count-21-50-s31.mp3	अब बोलो, पैंतालीस.	अबूलू 45
0.93	math-nur-count-21-50-s36.mp3	अब बोलो, उनचास.	अबूलू उन चास
0.93	math-nur-count-51-100-s25.mp3	अब बोलो, सत्तर.	अब बूलु सतर
0.93	math-nur-count-51-100-s39.mp3	अब बोलो, इक्यासी.	अबूलू, इक्यास
0.93	math-nur-in-out-s02.mp3	यह सेब बाहर है.	यह से बाहर है
0.93	math-nur-light-heavy-s04.mp3	दोनों गेंदें बराबर हैं, तराज़ू सीधी है.	दोनों गेने बराबर हैं तराजू सीधी है
0.93	our_classroom_s4.mp3	यह ब्लैकबोर्ड है. शिक्षिका इस पर लिखती हैं.	यह ब्लाक बूढ है, शिक्षिका इस पर लिखती हैं.
0.93	our_classroom_s5.mp3	खिड़कियाँ देखो. रोशनी वहीं से आती है.	खिरकियां देखो, रोश्नी वही से आती है।
0.93	physics_lab_s1.mp3	यह भौतिकी प्रयोगशाला है. यहाँ हम सीखते हैं चीज़ें कैसे चलती हैं.	यहां भौत की प्रयोक्षाला है, यहां हम सीखते हैं, चीजी कैसे चलती हैं?
0.93	physics_lab_s3.mp3	ढलान वाला तख़्ता रैंप है. गेंद उस पर अपने आप लुढ़कती है.	धलान वाला तख्ता रैंप है, गेंद उस पर अपने आप लुड़कती है।
0.93	playground_s2.mp3	क्या तुम झूला देख सकते हो? यह आगे-पीछे जाता है.	क्या तुम जूला देख सकते हो या आगे पीछे जाता है।
0.93	playground_s3.mp3	वह पीली वाली फिसलपट्टी है. हम ऊपर चढ़ते हैं और नीचे आते हैं.	वहापीली वाली फिसल पट्टी है, हम उपर चड़ती हैं और नीचे आती हैं.
0.93	solar_system_s5.mp3	यह हमारी पृथ्वी है. नीला पानी है और सफ़ेद बादल.	यह हमारी पृत्वी है, नीला पानी है और सफी बादल.
0.94	demo-india-flag.mp3	यह हमारा राष्ट्रीय ध्वज है, तिरंगा.	यहां हम आरा राष्ट्रिय ध्वर्ज है तिरंगा
0.94	eng-lkg-transport-types-s11.mp3	यह पाल वाली नाव है.	या पाल वाली नाव है
0.94	eng-lkg-transport-types-s13.mp3	यह हवाई जहाज़ है.	या हवाई जहाज है
0.94	eng-nur-birds-s09.mp3	यह चील है. चील बहुत ऊँचा उड़ती है.	यह चील हैं, चील बहुत उचा उड़ती है
0.94	eng-nur-water-animals-s06.mp3	यह ऑक्टोपस है. इसकी आठ भुजाएँ हैं.	यह ओक्टोपस है, इसकी आठ भुजाएं हैं।
0.94	eng-ukg-phonics-s25.mp3	अब ये अक्षर देखो.	अब यक्षर दिखू
0.94	evs-lkg-market-s02.mp3	यह फल की दुकान है.	या फलकी दुकान है
0.94	evs-ukg-national-symbols-s07.mp3	और बरगद हमारा राष्ट्रीय पेड़ है.	और बरगध हमारा राष्ट्रिय पीड है
0.94	evs-ukg-river-crossing-s02.mp3	नदी गहरी होती है और पानी तेज़ बहता है. हम कभी भी नदी में अकेले नहीं उतरते.	नदी गेरी होती है और पानी तेज भैता है। हम कभी भी नदी में अकेले नहीं उतरती।
0.94	evs-ukg-safe-touch-s02.mp3	कुछ छूना अच्छा लगता है, जैसे माँ का गले लगाना, या सड़क पार करते हुए हाथ पकड़ना. इसे सुरक्षित छूना कहते हैं.	कुछ चुना अच्छा लगता है जैसे मा का गले लगाना या सडक पार करती हुए हात पकड़ना इसी सुरक्षित चुना कहती हैं
0.94	evs-ukg-serpentarium-s03.mp3	यह नाग है. यह अपना फन फैलाता है. नाग ज़हरीला होता है.	यह नाग है, यह अपना फन फैलाता है, नाग जहल लिए होता है.
0.94	evs-ukg-serpentarium-s07.mp3	अगर बाहर कहीं साँप दिखे, उसे छूना नहीं, पास नहीं जाना. धीरे से दूर हटो और किसी बड़े को बताओ.	अगर बार कहीं साम दिखे, उसे चूना नहीं, पास नहीं जाना, धीरे से दूर हटो और किसी बड़े को बताओ.
0.94	evs-ukg-village-city-s01.mp3	यह गाँव है. घर छोटे हैं और दूर-दूर हैं.	यह गाउं हैं, घर छोटी हैं और दूर दूर हैं
0.94	evs-ukg-water-cycle-s03.mp3	ऊपर ठंडा होकर भाप बादल बन जाती है.	उपर ठंडा होकर भाप बादल बन जाती है।
0.94	hin-nur-janvar-boliya-s03.mp3	घोड़ा हिनहिनाता है. मुर्गी कुड़कुड़ाती है.	घोड़ा हिन हिनाता है, मुर्गी कुरकुडाती है।
0.94	hin-ukg-char-akshar-s08.mp3	मिलकर बनता है, अजगर. अजगर का मतलब ऐ पाइथन.	मिलकर बनता है अजगर-अजगर का मतलब एप आइथन
0.94	hin-ukg-matra-s09.mp3	क में उ मात्रा लगी, कु.	कमें उमात्रा लगी
0.94	math-lkg-half-whole-s02.mp3	और यह आधा सेब है.	और या आधा सीब है
0.94	math-nur-count-21-50-s24.mp3	अब बोलो, उनतालीस.	अब बो उन तालिस
0.94	math-nur-light-heavy-s03.mp3	रुई हल्की है, उसकी तरफ़ ऊपर है.	रूई हलकी है, उसकी तरफ उपर है.
0.94	math-ukg-odd-one-out-s01.mp3	इनमें से एक अलग है. रंग देखो. उसे छुओ.	इन में से एक अलग है, रंग देखो, उसे चुओ
0.94	school_office_s2.mp3	हर सुबह तुम्हारा नाम उसी रजिस्टर में लिखा जाता है.	हर सुभे तुम्हारा नाम उसी रजिस्टर में लिखा जाता है।
0.94	solar_system_s10.mp3	वरुण सबसे दूर है, और सबसे ठंडा.	वरुन सबसे दूर है और सबसे ठंडा।
0.94	solar_system_s3.mp3	बुध सूरज के सबसे पास है. यह छोटा है और बहुत गरम.	बुद्ध सूरज की सबसे पास है, यह छोटा है और बहुत करम।
0.94	solar_system_s4.mp3	शुक्र मोटे बादलों से ढका है. यह सबसे गरम ग्रह है.	शुक्र मूटी बादलू सी धका है यह सबसी गरंग रहा है
0.95	demo-india-s01.mp3	यह हमारा प्रांगण है. बीच में अशोक चक्र है.	यह हमारा प्रांगण हैं, बीच में अशोक शक्र है।
0.95	demo-peacock-s01.mp3	चार मोर. बना हुआ, ट्रिपो, मेशी, स्केचफ़ैब. आख़िरी तीन चलते हैं.	चार मोर बना हुआ, ट्रिपो, मेशी, स्केच्च वेब, आखरी तीन चलते हैं.
0.95	eng-nur-birds-s01.mp3	ये पक्षी हैं. पक्षियों के पंख होते हैं, और वे उड़ते हैं.	ये पक्षी हैं, पक्षियों के पंक होती हैं और वे उड़ती हैं.
0.95	eng-nur-birds-s06.mp3	यह मोर है. मोर हमारा राष्ट्रीय पक्षी है.	यहां मूर है, मूर हमारा राश्ट्रिय पक्षी है.
0.95	eng-nur-insects-s06.mp3	यह व्याध पतंगा है. यह पानी के पास उड़ता है.	यह व्याद पतंगा है यह पानी के पास उड़ता है
0.95	eng-nur-letters-f-j-s12.mp3	जी. बकरी, जिराफ़, टिड्डा.	जी बकरी जिराफ टिड़ा
0.95	eng-nur-wild-animals-s01.mp3	यह जंगल है. यहाँ जंगली जानवर रहते हैं.	यह जंगल है, यहां जंगली चानवर रहती हैं
0.95	eng-nur-wild-animals-s09.mp3	और यह बंदर है. बंदर पेड़ों पर रहता है.	और यहाँ बंदर है, बंदर पिरूंपर रहता है
0.95	eng-ukg-behind-front-s04.mp3	मुर्गी पत्थर के पीछे है.	मुर्गी पथर के पीछे हैं
0.95	eng-ukg-behind-front-s05.mp3	आगे और पीछे, याद रखो.	आगी और पीछे यादर
0.95	evs-lkg-market-s06.mp3	यह सब्ज़ी की दुकान है.	या सबजी की दुकान हैं
0.95	evs-lkg-market-s09.mp3	और पत्तागोभी मिलती है.	और पतागू भी मिलती है
0.95	evs-lkg-professions-s07.mp3	डाकिया चिट्ठियाँ लाते हैं.	डाकिया चिठियां लाती हैं
0.95	evs-lkg-professions-s10.mp3	यह दमकलकर्मी हैं.	या दमकल करमी है
0.95	evs-nur-good-habits-s04.mp3	हम रोज़ नहाते हैं और तौलिये से बदन पोंछते हैं.	हम रोज नहाते हैं और तौलिय से बदन पोचते हैं
0.95	evs-ukg-dinosaur-park-s08.mp3	यह पैकीसेफेलोसॉरस है. इसका सिर मोटा और गोल था, जैसे हेलमेट.	यह पैकिसाफलिसोरस है, इसका सिर मूटा और गूल था ज्रेसी हिलमिन.
0.95	evs-ukg-dinosaur-park-s10.mp3	ऊपर देखो! वह टेरानोडॉन है. यह उड़ सकता था. यह डायनासोर नहीं है, पर उनके साथ रहता था.	उपर दिखो, वहाँ टेरनुडोन है, यह उड़ सकता था, यह डाइनसौर नहीं है, पर उनकी साथ रहता था.
0.95	evs-ukg-farm-visit-goat.mp3	यह बकरी है. बकरी पत्ते खाती है और दूध देती है.	यह बकरी है, बकरी पते खाती है और दू देती है.
0.95	evs-ukg-farm-visit-horse.mp3	यह घोड़ा है. घोड़ा गाड़ी खींचता है और तेज़ दौड़ता है.	यह घोडा है, घोडा गारी खीचता है और तेज दोड़ता है
0.95	evs-ukg-places-of-worship-s02.mp3	यह गिरजाघर है. ईसाई यहाँ प्रार्थना करते हैं.	यह गिर्जा घर है, इसाई यहां प्रार्थना करती हैं।
0.95	evs-ukg-plant-parts-s04.mp3	ये पत्तियाँ हैं. पत्तियाँ धूप से पौधे का खाना बनाती हैं.	ये पत्या हैं, पत्या धूप से पौधे का खाना बनाती हैं.
0.95	evs-ukg-plant-parts-s07.mp3	पौधे को बढ़ने के लिए पानी, धूप और हवा चाहिए.	पधे को बढ़ने ते लिए पानी, धूप और हावा चाहिए।
0.95	farm_yard_s1.mp3	आँगन में चारों ओर देखो. तुम्हें क्या दिखता है?	आंगन में चारों उर दीखो तुम्ही क्या दिखता है?
0.95	gk-lkg-sports-equipment-s11.mp3	बास्केटबॉल को ऊपर बास्केट में डालते हैं.	बास्केट बॉल को उपर बास्केट में डालती हैं।
0.95	goat_about.mp3	यह बकरी है. बकरी चढ़ना पसंद करती है.	यह बकरी है, बकरी चड़ना पसंद करती है।
0.95	hin-nur-vadya-yantra-s05.mp3	यह बाँसुरी है. इसमें फूँक मारकर बजाते हैं.	यह बासुरी हैं, इसमें फूख मारकर बजाते हैं.
0.95	hin-ukg-do-akshar-s06.mp3	मिलकर बनता है, घर. घर का मतलब हाउस.	मिलकर बनता है घर का मतलब हाउस
0.95	hin-ukg-do-akshar-s12.mp3	मिलकर बनता है, बस. बस का मतलब ऐ बस.	मिलकर बनता है, बस, बस का मतलब है बिस
0.95	hin-ukg-matra-s01.mp3	यह क है. इसे याद रखो.	या कहे इसे याद रखो
0.95	hin-ukg-teen-akshar-s03.mp3	देखो, न और म और क.	देखो न और मा और कर
0.95	hin-ukg-teen-akshar-s06.mp3	मिलकर बनता है, सरल. सरल का मतलब ईज़ी.	मिलकर बनता है सरल, सरल का मतलब इजी
0.95	hin-ukg-teen-akshar-s09.mp3	देखो, च और म और क.	देखो, चा और मा और कर
0.95	math-lkg-lines-curves-s08.mp3	यह लहरदार रेखा है.	या लहरदार रिखा है
0.95	math-lkg-wet-dry-s05.mp3	बारिश हो रही है. बारिश में सब कुछ गीला हो जाता है.	बारिश हो रही है, बारिश में सब कुछ किला हो जाता है।
0.95	math-nur-count-51-100-s24.mp3	अब बोलो, उनहत्तर.	अब बोलो उनहतर
0.95	math-nur-near-far-s02.mp3	वही पेड़, पर यह दूर है, इसलिए छोटा दिखता है.	वही पेड परिहत दूर है, इसलिए छोटा देखता है।
0.95	math-ukg-odd-one-out-s02.mp3	इनमें से एक अलग है. आकार देखो. उसे छुओ.	इन मेंसे एक अलग है, आकार देखो, उसे चुओ,
0.95	math-ukg-sub-double-s01.mp3	पंद्रह घटा पाँच. सोचो.	पंद्रा घटा पांच सोचू
0.95	math-ukg-sub-double-s02.mp3	पंद्रह में से पाँच, दस.	पंद्रमेसी पाँच दस
0.95	math-ukg-sub-double-s04.mp3	अठारह में से छह, बारह.	18 में सी 6 बारा
0.95	school_kitchen_s3.mp3	पानी घड़े में रखा है. खाने के बाद हम वही पीते हैं.	पानी घरे में रखा है, खाने के बाद हम वही पीते हैं।
0.95	school_tour_s1.mp3	चारों ओर देखो. यह हमारा स्कूल है और पास के घर.	चारों और देखो, यहां हमारा स्कूल है और पास के घर.
0.95	school_tour_s2.mp3	क्या तुम ढूँढ सकते हो कि हमारा खाना कहाँ बनता है?	क्या तुम ढूंड सकते हो कि हमारा खाना कहां बनता है?
0.95	solar_system_s11.mp3	अपने चारों ओर देखो. आठ ग्रह हमारे सूरज के चक्कर लगा रहे हैं, और हम उसी के अंदर हैं.	अपने चारों उर दिखो, आठ क्रह हमारे सूरज के चक्कर लगा रही हैं और हम उसी की अंदर हैं.
0.96	chem_lab_s2.mp3	शेल्फ पर काँच की बोतलें देखो. हम उन्हें अकेले कभी नहीं छूते.	शेल्फ पर काच की बुतली देखो, हम उन्हें अकेले कभी नहीं चूते।
0.96	demo-india-s02.mp3	इन चबूतरों पर हमारे राष्ट्रीय चिह्न रखे जाएँगे.	इन चबुत्रों पर हमारी राष्ट्रिय चिन्ह रखे जाएंगी।
0.96	eng-lkg-animal-sound-names-s02.mp3	गाय की आवाज़, मूँ. बकरी की, में में.	गाय की आवाज मुँ बकरी की मे मे मे
0.96	eng-lkg-days-week-s08.mp3	सोमवार से रविवार, पूरा हफ़्ता.	सोंवार से रविवार पूरा हफ़ता
0.96	eng-lkg-three-letter-words-s10.mp3	मिलकर बनता है हेन, मुर्गी.	मेकर बनता है हिन मुर्गी
0.96	eng-lkg-transport-sort-s01.mp3	यह कार है. यह कहाँ चलती है, सड़क पर, पानी पर, या आसमान में? सही जगह को छुओ.	यहां कार है, यहां कहां चलती है, सडक पर, पानी पर, या आसमान में सही जगा को छूँग।
0.96	eng-lkg-transport-sort-s05.mp3	यह हेलीकॉप्टर है. यह कहाँ चलती है, सड़क पर, पानी पर, या आसमान में? सही जगह को छुओ.	यह हेलिकॉप्ट है, यह कहां चलती है, सडक पर, पानी पर या आस्मान में, सही जगह को छूँँग।
0.96	eng-nur-domestic-animals-s03.mp3	यह भैंस है. भैंस भी दूध देती है.	यहां भैस है, भैस भी दूद्ध देती है।
0.96	eng-nur-elephant-story-s03.mp3	अप्पू ने अपने दोस्त बंदर से पूछा, पानी कहाँ है? बंदर बोला, उस तरफ़ तालाब है!	अपूनी अपनी दोस्त बंदर से पूछा, पानी कहा है? बंदर भूला, उस तरफ तालाब है.
0.96	eng-nur-wild-animal-traits-s02.mp3	जिराफ़ की गर्दन बहुत लंबी है. वह ऊँचे पेड़ों के पत्ते खाता है.	जिराफ की गर्दन बहुत लंबी है, वह उची पेड़ों की पत्ते खाता है।
0.96	evs-lkg-animal-babies-s11.mp3	और यह उसका बच्चा, चूज़ा.	और है उसका बच्चा चूजा
0.96	evs-lkg-animal-food-s01.mp3	सबको भूख लगती है, जानवरों को भी. देखो, कौन क्या खाता है.	सबको भूक लगती है, जानवरों को भी, देखो, कौन क्या खाता है?
0.96	evs-lkg-community-helpers-s01.mp3	ये हमारे मददगार हैं. ये सब हमारी मदद करते हैं.	ये हमारे मददकार हैं, ये सब हमारी मदद करती हैं.
0.96	evs-lkg-special-vehicles-s03.mp3	यह एम्बुलेंस है. यह बीमार लोगों को जल्दी अस्पताल ले जाती है.	या एम्बुलिंस है या बीमार लोगों को जल्दी अस्पिताल ले जाती है
0.96	evs-nur-good-habits-s03.mp3	खाने से पहले और शौच के बाद हम साबुन से हाथ धोते हैं.	खाने से पहले और शौच के बाद हम साबून से हाथ दोते हैं।
0.96	evs-ukg-dinosaur-park-s03.mp3	यह ट्राइसेराटॉप्स है. इसके तीन सींग थे. यह पौधे खाता था.	यहाँ ट्राइसरेटॉप्स है, इसकी तीन सींख थी, यहाँ पौधे खाता था.
0.96	evs-ukg-dinosaur-park-s04.mp3	यह स्टेगोसॉरस है. इसकी पीठ पर बड़ी-बड़ी प्लेटें थीं.	यह स्टेगोसॉरस है, इसकी पीट पर बड़ी बड़ी प्लेटें थी,
0.96	evs-ukg-flowers-s02.mp3	यह गुलाब है. गुलाब में काँटे होते हैं. इसकी ख़ुशबू बहुत अच्छी है.	यहाँ गुलाब है, गुलाब में काटे होती हैं, इसकी खुश्पू बहुत अच्छी है.
0.96	evs-ukg-flowers-s03.mp3	यह सूरजमुखी है. यह सूरज की तरफ़ मुँह करता है.	यह सूरज मुखी है, यह सूरज की तरफ मुखु करता है
0.96	evs-ukg-plant-parts-s01.mp3	यह एक पौधा है. यह मिट्टी में उगता है. चलो इसके हिस्से देखें.	यहाँ एक पौधा है, यहाँ मिट्टी में उकता है, चलो इसकी हिस्से दीखें.
0.96	evs-ukg-snow-camp-s06.mp3	यह इग्लू है. यह बर्फ़ के टुकड़ों से बना घर है. बहुत ठंडी जगहों में लोग इसके अंदर गरम रहते हैं.	यहाँ इगलू है, यहाँ बर्फ के टुकडू से बना घर है। बहुत थनी जगहों में लोग इसके अंदर गरम रहते हैं।
0.96	evs-ukg-states-india-s06.mp3	ओडिशा के समुद्र तट पर हर साल लाखों कछुए आते हैं.	ओडिशा के समुद्र तट पर हर साल लाखों कछुई आते हैं।
0.96	hin-ukg-teen-akshar-s02.mp3	मिलकर बनता है, कमल. कमल का मतलब ऐ लोटस.	मिलकर बनता है कमल, कमल का मतलब एं लूटिस.
0.96	math-lkg-opposites-s08.mp3	और यह ठंडा, गरम का उल्टा.	औरिया ठंडा, गरम का उल्टा
0.96	math-ukg-divide-single-s06.mp3	तीन बराबर हिस्सों में बाँटो.	तीन बराबर हिसो मी बाटू
0.96	math-ukg-divide-single-s07.mp3	तीन बराबर हिस्सों में बाँटो.	तीन बराबर हिसोमी बाटू
0.96	solar_system_s1.mp3	हम अंतरिक्ष में तैर रहे हैं. सूरज तुम्हारे सामने है, अब घूमकर चारों ओर देखो.	हम अंतरिक्षमी तैर रही हैं, सूरच तुम्हारे सामनी है, अब घूंकर चारों ओर देखो।
0.97	eng-lkg-transport-sort-s06.mp3	यह जहाज़ है. यह कहाँ चलती है, सड़क पर, पानी पर, या आसमान में? सही जगह को छुओ.	यह जहाज है, यह कहां चलती है, सडक पर, पानी पर या आस्मान में, सही जगह को छूँँँग।
0.97	eng-nur-animals-check-s02.mp3	इनमें से जंगली जानवर कौन सा है?	इन में सी जन्गली जानवर कौन सा है?
0.97	eng-nur-bird-animal-sounds-s01.mp3	हर पक्षी और जानवर की अपनी आवाज़ होती है. किसी को देखो, और सुनो.	हर पक्षी और जानलर की अपनी आवाज होती है किसी को देखो और सुनू
0.97	eng-nur-domestic-animals-s01.mp3	ये पालतू जानवर हैं. ये हमारे साथ, हमारे घर और खेत में रहते हैं.	ये पालतू जानवर हैं, ये हमारे साथ हमारे घर और खेट में रहती हैं.
0.97	eng-nur-insects-s03.mp3	यह मधुमक्खी है. मधुमक्खी शहद बनाती है.	या मधुमक्खी है, मधुमक्खी शहद बनाती है
0.97	eng-nur-insects-s08.mp3	यह मक्खी है. मक्खी गंदगी पर बैठती है, इसलिए खाना ढककर रखो.	यहां मक्खी है, मक्खी गंदगी पर बैठती हैं, इसलिए खाना ढख कर रखो.
0.97	eng-nur-wild-animals-s04.mp3	यह हाथी है. हाथी बहुत बड़ा होता है.	या हाथी है, हाथी बहुत बड़ा होता है।
0.97	evs-lkg-animal-babies-s09.mp3	और यह उसका बच्चा, बिल्ली का बच्चा.	और यहाँ उसका बच्चा बिली का बच्चा
0.97	evs-lkg-body-parts-s07.mp3	यह मुँह है. मुँह से हम खाते और बोलते हैं.	यम हो है, मौह से हम खाते और बोलते हैं.
0.97	evs-lkg-community-helpers-s04.mp3	यह पुलिस हैं. पुलिस हमारी रक्षा करती है.	या पुलिस हैं, पुलिस हमारी रक्षा करती है।
0.97	evs-lkg-community-helpers-s07.mp3	यह डाकिया हैं. डाकिया हमारी चिट्ठियाँ लाते हैं.	यह डाकिया हैं, डाकिया हमारी चिठियां लाती हैं.
0.97	evs-lkg-professions-s01.mp3	हर कोई अपना काम करता है, और हर काम का अपना औज़ार होता है.	हर कोई अपना काम करता है और हर काम का अपना ओजार होता है।
0.97	evs-lkg-professions-s09.mp3	किसान ट्रैक्टर से खेत जोतते हैं.	किसान ट्रेक्टर सी खेत जूती हैं
0.97	evs-nur-festivals-s02.mp3	दिवाली रोशनी का त्योहार है. हम दीये जलाते हैं.	दिवाली रोश्नी का तिहार है, हम दिये जलाते हैं।
0.97	evs-nur-rainbow-s04.mp3	इसमें सात रंग हैं, लाल, नारंगी, पीला, हरा.	इसमें सात रंगें, लाल नारंगी, पीला हरा.
0.97	evs-ukg-balloon-ride-s03.mp3	वह देखो, एक और गुब्बारा उड़ रहा है.	वहाँ देखो एक और गुबारा उड़ रहा है
0.97	evs-ukg-dinosaur-park-s02.mp3	दूर देखो. वह पहाड़ एक ज्वालामुखी है, और वह फट रहा है. उसके ऊपर से धुआँ और आग निकल रही है. बहुत पहले धरती पर बहुत से ज्वालामुखी थे.	दूर देखो वहाँ पहाड एक ज्वाला मुखी है और वहाँ फच रहा है उसके उपर से धुआ और आग निकल रही है बहुत पहले धर्ती पर बहुत से ज्वाला मुखी थे
0.97	evs-ukg-dinosaur-park-s05.mp3	इस डायनासोर के सिर पर एक लंबी कलगी थी.	इस डानसोर की सिर पर एक लंबी कलगी थी।
0.97	evs-ukg-dinosaur-park-s07.mp3	यह टी-रेक्स है. इसके दाँत बहुत बड़े थे. यह दूसरे जानवरों को खाता था.	यहाँ टी-रेक्स है, इसकी गांत बहुत बड़े थे, यह दूसरी जानवरों को खाता था.
0.97	evs-ukg-dinosaur-park-s09.mp3	यह वेलोसिरैप्टर है. यह छोटा और बहुत तेज़ था, और इसके पंख थे.	यह विलुस राप्टर है, यह छोटा और बहुत तेज था और इसकी पंक थी.
0.97	evs-ukg-flowers-s05.mp3	यह कमल है. कमल पानी में खिलता है. यह हमारा राष्ट्रीय फूल है.	यहां कमल है, कमल पानी में खिलता है, यहां हमारा राश्ट्रिय फूल है.
0.97	evs-ukg-flowers-s06.mp3	यह गुड़हल है. इसका रंग गहरा लाल है.	यहां गुड़ल है, इसका रंग गहरा लाल है
0.97	evs-ukg-germination-s02.mp3	बीज पानी पीकर फूलता है. उसमें से एक छोटी जड़ नीचे की ओर निकलती है.	बीच पानी पीकर फूलता है, उसमें से एक छोटी जड़ नीचे की ओर निकलती है।
0.97	evs-ukg-plant-parts-s03.mp3	यह तना है. तना पौधे को सीधा खड़ा रखता है और पानी ऊपर पहुँचाता है.	यहां तना है, तना पॉधी को सीधा खड़ा रखता है और पानी उपर पहुंचाता है.
0.97	evs-ukg-safe-touch-s01.mp3	यह मीना है. मीना का शरीर मीना का अपना है. तुम्हारा शरीर तुम्हारा अपना है.	क्या मीना है? मीना का शरीर मीना का अपना है. तुम्हारा शरीर तुम्हारा अपना है.
0.97	evs-ukg-serpentarium-s01.mp3	यह सर्प-घर है. यहाँ साँप और दूसरे रेंगने वाले जानवर शीशे के पीछे रहते हैं.	यहां सर्ब घर है, यहां सांप और दूसरी रिंगने वाली जानवर शीशे के पीछे रहते हैं.
0.97	evs-ukg-serpentarium-s06.mp3	यह कछुआ है. यह अपने खोल में छिप जाता है.	यह कच्छुआ है यह अपनी खोल में छिप जाता है।
0.97	evs-ukg-states-india-s01.mp3	भारत बहुत बड़ा देश है. इसमें अट्ठाईस राज्य हैं. हर राज्य की अपनी ख़ास बात है.	भारत बहुत बढ़ा देश है, इसमें 28 राज्य है, हर राज्य की अपनी खास बात है।
0.97	evs-ukg-states-india-s05.mp3	केरल में नारियल के बहुत पेड़ हैं.	केरल में नारिल की बहुत पीड हैं।
0.97	evs-ukg-states-india-s08.mp3	असम में एक सींग वाला गैंडा रहता है.	असम में एक सींग वाला ग्यांडा रहता है।
0.97	hin-nur-vadya-yantra-s02.mp3	यह तबला है. इसे हाथों से बजाते हैं.	यह अतबला है, इसे हाथों से बजाती हैं.
0.97	math-nur-light-heavy-s02.mp3	पत्थर भारी है, उसकी तरफ़ नीचे चली गई.	पथर भारी है, उसकी तरफ नीची चली गई.
0.97	math-nur-thick-thin-s02.mp3	और यह पतली है. दोनों की लंबाई बराबर है.	और यहापती है दोनों की लंबाई बराबर है
0.97	math-ukg-odd-one-out-s03.mp3	इनमें से एक अलग है. आकार देखो. उसे छुओ.	इन में से एक अलग है आकार दिखू, उसे छूँ.
0.97	school_office_s3.mp3	अलमारी बंद रहती है. हमारी किताबें और खिलौने उसमें सुरक्षित रहते हैं.	अलमारी बन रहती है, हमारी किताबी और खिलोनी उसमें सुरक्षित रहती हैं
0.97	solar_system_s8.mp3	शनि के छल्ले बर्फ़ और पत्थर के बने हैं.	शनी के छली बर्फ और पत्थर के बनी हैं
0.98	demo-snow-s03.mp3	यह इग्लू है. यह बर्फ़ के टुकड़ों से बना घर है. बहुत ठंडी जगहों में लोग इसके अंदर गरम रहते हैं.	यहाँ इगलू है, यहाँ बर्फ के तुकडों से बना घर है, बहुत ठंडी जगहों में लोग इसके अंदर गरम रहते हैं.
0.98	eng-nur-insects-s01.mp3	ये कीड़े हैं. कीड़े बहुत छोटे होते हैं, यहाँ हमने इन्हें बड़ा करके दिखाया है. गिनो, हर कीड़े के छह पैर हैं.	ये कीवी हैं. कीड़े बहुत छोटे होती हैं, यहां हमने इन्हें बड़ा करके दिखाया है. गिनों हर कीड़े के 6 पैर हैं.
0.98	evs-lkg-animal-habitats-s01.mp3	हम घर में रहते हैं. जानवरों के भी घर होते हैं. देखो, कौन कहाँ रहता है.	हम घर में रहती हैं, जानवरों की भी घर होती हैं, दीखो को कहां रहता है।
0.98	evs-lkg-community-helpers-s05.mp3	यह किसान हैं. किसान हमारे लिए अनाज उगाते हैं.	यह किसान हैं, किसान हमारे लिए अना जुगाते हैं।
0.98	evs-nur-school-visit-s01.mp3	यह हमारा स्कूल है. चारों तरफ़ देखो. तुम्हें क्या-क्या दिखता है?	यहां हमारा स्कूल है, चारुन तरफ दीखो, तुम ही क्या-क्या दिखता है।
0.98	evs-ukg-balloon-ride-s01.mp3	हम गरम हवा के गुब्बारे में हैं. टोकरी के किनारे से नीचे देखो.	हम गरम हवा की गुबारे में हैं, टोकरी की किनारी से नीचे दीखो।
0.98	evs-ukg-germination-s04.mp3	अंकुर में दो नन्ही पत्तियाँ खुलती हैं. यह नन्हा पौधा है.	अंकुर में दो नन्ही पतियां खुलती हैं. यहां नन्हा पौधा है.
0.98	evs-ukg-india-culture-s08.mp3	हम अलग-अलग हैं, फिर भी हम सब एक हैं. हम सब भारतीय हैं.	हम अलग-अलग हैं, फिर भी हम सब एक हैं, हम सब भारती हैं.
0.98	evs-ukg-river-crossing-s01.mp3	यह नदी है. नदी में पानी बहता है. हमें नदी के उस पार जाना है.	या नदी है, नदी में पानी बहता है, हमें नदी के उस पार जाना है.
0.98	evs-ukg-river-crossing-s06.mp3	नाव में हम बैठे रहते हैं और हाथ पानी में नहीं डालते.	नाव में हम बैठे रहते हैं और हाथ पानी में नहीं डालते हैं.
0.98	evs-ukg-seasons-s04.mp3	बारिश में हम छाता लेते हैं. ज़मीन पर पानी भर जाता है.	बारिश में हम च्छाता लेती हैं, जमीन पर पानी भर जाता है।
0.98	hin-nur-vadya-yantra-s01.mp3	ये संगीत के वाद्य यंत्र हैं. इनसे मधुर संगीत निकलता है.	ये संगीत के वादे यंत्रहें, इनसे मधुर संगीत निकलता है।
0.98	math-lkg-same-different-s01.mp3	तीन एक जैसे हैं, एक अलग है. अलग वाले को छुओ.	तीन एक जैसे हैं, एक अलग है, अलग वाले को छूँँ.
0.98	school_kitchen_s1.mp3	यह रसोई है. यहाँ हमारा गरम खाना बनता है.	यहारस होई है, यहां हमारा गरम खाना बनता है।
0.98	school_kitchen_s2.mp3	बड़ी मेज़ देखो. खाना उस पर तैयार रखा जाता है.	बड़ी मीजब दिखो, खाना उस पर तयार रखा जाता है।
0.98	solar_system_s2.mp3	अब पास आओ. यह सूरज है. यही हमें रोशनी और गर्मी देता है.	अब पासाओ, यह सूरज है, यही हमीं रोश्नी और गर्मी देता है।
0.98	solar_system_s6.mp3	मंगल लाल है क्योंकि उसकी धूल जंग जैसी है. वहाँ पीने का पानी नहीं है.	मंगलाल है क्योंकि उसकी धूल जंग जैसी है वहाँ पीने का पानी नहीं है
0.99	evs-lkg-special-vehicles-s06.mp3	और यह बुलडोज़र है. यह मिट्टी हटाता है और सड़क बनाने में मदद करता है.	और यहां बुल्डोजर है यह मिटी हटाता है और सड़क बनाने में मदद करता है।
1.00	demo-home-s01.mp3	यह घर है. यहाँ हम रहते हैं.	यह घर है, यहां हम रहते हैं
1.00	demo-home-s02.mp3	चूल्हा, अलमारी, चटाई, सब यहीं है.	चूलह, अलमारी, चटाई सब यहीं हैं
1.00	demo-snow-s02.mp3	यहाँ हमारा तंबू है, और यहाँ आग.	यहां हमारा तंबू है और यहां आग
1.00	demo-street-s01.mp3	यह सड़क है. दोनों तरफ़ दुकानें हैं.	यह सड़क है दोनों तरफ दुकानी हैं
1.00	demo-water-s01.mp3	यह तालाब है. पानी हिल रहा है.	यह तालाब है, पानी हिल रहा है।
1.00	demo-water-s02.mp3	किनारे पर घास उगी है.	किनारी पर घास उगी है
1.00	elephant_about.mp3	यह हाथी है. हाथी बहुत बड़ा है.	यहां हाथी है, हाथी बहुत बड़ा है
1.00	eng-lkg-animal-products-s01.mp3	जानवर हमें बहुत कुछ देते हैं. देखो, कौन क्या देता है.	जानवर हमें बहुत कुछ देती हैं, देखो कौन क्या देता है?
1.00	eng-lkg-animal-products-s04.mp3	यह मुर्गी है.	यह मुर्गी है
1.00	eng-lkg-animal-sound-names-s01.mp3	हर आवाज़ का एक नाम होता है.	हर आवाज का एक नाम होता है
1.00	eng-lkg-animal-sound-names-s03.mp3	घोड़े की, हिन हिन. मुर्गी की, कुड़ कुड़.	घोडे की हिन हिन मुर्गी की कुड़ कुड़।
1.00	eng-lkg-days-week-s02.mp3	अब बोलो, मंगलवार.	अब बूलू मंगलवर
1.00	eng-lkg-days-week-s04.mp3	अब बोलो, गुरुवार.	अब बोलो गुरुवार
1.00	eng-lkg-days-week-s05.mp3	अब बोलो, शुक्रवार.	अब बूलू शुक्रवार
1.00	eng-lkg-days-week-s07.mp3	अब बोलो, रविवार.	अब बोलो रविवार
1.00	eng-lkg-hot-cold-s03.mp3	चूल्हे से उतरा बर्तन गरम है.	चूलहे से उत्रा बर्तन गरम है
1.00	eng-lkg-hot-cold-s04.mp3	बर्फ़ की कुल्फ़ी ठंडी है.	बर्फ की कुल्फी ठंडी है
1.00	eng-lkg-in-on-under-s02.mp3	नीली गेंद मेज़ के नीचे है.	ने लिगिंद मेज के निचे है
1.00	eng-lkg-months-year-s01.mp3	साल में बारह महीने होते हैं. पहला महीना जनवरी.	साल में 12 महीने होते हैं, पहला महीना जन्वरी
1.00	eng-lkg-months-year-s07.mp3	अब बोलो, जुलाई.	अब बूलू जुलाई
1.00	eng-lkg-months-year-s11.mp3	अब बोलो, नवंबर.	अब बूलू नवंबर
1.00	eng-lkg-months-year-s12.mp3	अब बोलो, दिसंबर.	अब बूलू, दिसंबर
1.00	eng-lkg-myself-s03.mp3	यह मेरे पिता हैं.	यह मेरी पिता है
1.00	eng-lkg-myself-s04.mp3	यह मेरा भाई राजू है.	यह मेरा भाई राजु है
1.00	eng-lkg-myself-s05.mp3	यह मेरा घर है. मैं अपने परिवार के साथ यहाँ रहती हूँ.	यहां मेरा घर है, मैं अपनी परिवार के साथ यहां रहती हूँ.
1.00	eng-lkg-myself-s06.mp3	अब तुम बताओ, तुम्हारा नाम क्या है? तुम कितने साल के हो?	अब तुम बताओ, तुम्हारा नाम क्या है? तुम कितनी साल की हो?
1.00	eng-lkg-three-letter-words-s03.mp3	देखो, डी, ओ, जी.	देखो, डी ओ, जी.
1.00	eng-lkg-three-letter-words-s06.mp3	मिलकर बनता है सन, सूरज.	मिलकर बनता है सन, सूरज
1.00	eng-lkg-three-letter-words-s07.mp3	देखो, सी, यू, पी.	देखो, सी यूपी.
1.00	eng-lkg-three-letter-words-s08.mp3	मिलकर बनता है कप, प्याला.	मिलकर बनता है कप प्याला
1.00	eng-lkg-three-letter-words-s12.mp3	मिलकर बनता है बस, बस.	मिलकर बनता है बस बस
1.00	eng-lkg-transport-sort-s04.mp3	यह बस है. यह कहाँ चलती है, सड़क पर, पानी पर, या आसमान में? सही जगह को छुओ.	यह बस है, यह कहां चलती है, सडक पर, पानी पर या आस्मान में, सही जगह को छूओ.
1.00	eng-lkg-transport-types-s02.mp3	ये सड़क पर चलती हैं.	ये सड़क पर चलती हैं
1.00	eng-lkg-transport-types-s03.mp3	यह कार है.	यह कार है
1.00	eng-lkg-transport-types-s04.mp3	यह बस है.	यह बस है
1.00	eng-lkg-transport-types-s05.mp3	यह साइकिल है.	यह साइकल है
1.00	eng-lkg-transport-types-s06.mp3	यह रेलगाड़ी है.	यहां रेल गाड़ी है
1.00	eng-lkg-transport-types-s08.mp3	ये पानी पर चलती हैं.	ये पानी पर चलती हैं
1.00	eng-lkg-transport-types-s12.mp3	ये आसमान में उड़ते हैं.	ये आस्मान में उड़ती हैं
1.00	eng-lkg-transport-types-s14.mp3	यह हेलीकॉप्टर है.	यह हेलिकॉप्टर है?
1.00	eng-lkg-two-letter-words-s02.mp3	मिलकर बनता है इन, अंदर.	मिलकर बनता है इन अंदर
1.00	eng-lkg-two-letter-words-s08.mp3	मिलकर बनता है गो, जाओ.	मिलकर बनता है, गू जाओ
1.00	eng-lkg-two-letter-words-s10.mp3	मिलकर बनता है नो, नहीं.	मिलकर बनता है, नो नहीं
1.00	eng-lkg-two-letter-words-s12.mp3	मिलकर बनता है वी, हम.	मिलकर बनता है, वी हम
1.00	eng-nur-alphabets-s06.mp3	बी से बनाना, केला.	बिसी बनाना केला
1.00	eng-nur-alphabets-s08.mp3	यह छोटा सी है.	यह छोटा सी है
1.00	eng-nur-alphabets-s11.mp3	यह छोटा डी है.	यह छोटा डी है
1.00	eng-nur-alphabets-s14.mp3	यह छोटा ई है.	यह छोटा ई है
1.00	eng-nur-alphabets-s16.mp3	यह बड़ा एफ़ है.	यह बड़ा एफ है
1.00	eng-nur-alphabets-s20.mp3	यह छोटा जी है.	यह छोटा जी है
1.00	eng-nur-alphabets-s21.mp3	जी से गोट, बकरी.	जी से गोट बकरी
1.00	eng-nur-alphabets-s22.mp3	यह बड़ा एच है.	यह बड़ा एच है
1.00	eng-nur-alphabets-s25.mp3	यह बड़ा आई है.	यह बड़ा आई है
1.00	eng-nur-alphabets-s29.mp3	यह छोटा जे है.	यह छोटा जे है
1.00	eng-nur-alphabets-s32.mp3	यह छोटा के है.	यह छोटा की है
1.00	eng-nur-alphabets-s33.mp3	के से काइट, पतंग.	किसी काइट पतंग
1.00	eng-nur-alphabets-s44.mp3	यह छोटा ओ है.	यह छोटा ओ है
1.00	eng-nur-alphabets-s46.mp3	यह बड़ा पी है.	यह बड़ापी है
1.00	eng-nur-alphabets-s48.mp3	पी से पैरट, तोता.	पीसे पारट तोता
1.00	eng-nur-alphabets-s49.mp3	यह बड़ा क्यू है.	यह बड़ा क्यू है?
1.00	eng-nur-alphabets-s52.mp3	यह बड़ा आर है.	यह बड़ा आर है
1.00	eng-nur-alphabets-s58.mp3	यह बड़ा टी है.	यह बड़ाटी है
1.00	eng-nur-alphabets-s59.mp3	यह छोटा टी है.	यह छोटा टी है
1.00	eng-nur-alphabets-s64.mp3	यह बड़ा वी है.	यह बड़ावी है
1.00	eng-nur-alphabets-s73.mp3	यह बड़ा वाई है.	यहां बड़ा वाई है
1.00	eng-nur-alphabets-s74.mp3	यह छोटा वाई है.	यह छोटा वाई है
1.00	eng-nur-alphabets-s76.mp3	यह बड़ा ज़ेड है.	यह बड़ा जीड है
1.00	eng-nur-alphabets-s77.mp3	यह छोटा ज़ेड है.	यह छोटा जीड है
1.00	eng-nur-animal-sounds-s01.mp3	हर जानवर की अपनी आवाज़ होती है. किसी को देखो और सुनो.	हर जानवर की अपनी आवाज होती है, किसी को देखो और सुनू.
1.00	eng-nur-animals-check-s03.mp3	इनमें से पालतू जानवर कौन सा है? वह हमारे साथ रहता है.	इन में सी पालतू जानवर कौन सा है? वहां हमारी साथ रहता है.
1.00	eng-nur-animals-check-s04.mp3	इनमें से कौन समुद्र में रहता है?	इन में सी कौन समुद्र में रहता है?
1.00	eng-nur-animals-check-s05.mp3	इनमें से कौन जंगल में रहता है?	इनमी से कौन जंगल में रहता है।
1.00	eng-nur-bird-animal-sounds-parrot.mp3	यह तोता है. तोता टें-टें करता है.	यह तोता है, तोता टिंटी करता है.
1.00	eng-nur-bird-animal-sounds-sparrow.mp3	यह गौरैया है. गौरैया चीं-चीं करती है.	यह गुरिया है। गुरिया चीची करती है।
1.00	eng-nur-birds-s03.mp3	यह गौरैया है. यह छोटी चिड़िया है.	यह गोरिया है यह छोटी चड़िया है
1.00	eng-nur-colors-s02.mp3	यह लाल है.	यहलाल है
1.00	eng-nur-colors-s03.mp3	यह नीला है.	यहनी लहे
1.00	eng-nur-colors-s04.mp3	यह पीला है.	यह पीला है
1.00	eng-nur-colors-s05.mp3	यह हरा है.	यहां हरा है
1.00	eng-nur-colors-s06.mp3	ये रंग देखो.	ये रंग दीखो
1.00	eng-nur-colors-s07.mp3	यह नारंगी है.	यह नारंगी है
1.00	eng-nur-colors-s09.mp3	यह गुलाबी है.	यह गुलाबी है
1.00	eng-nur-domestic-animals-s09.mp3	और यह मुर्गी है. मुर्गी अंडे देती है.	और यह मुर्गी है, मुर्गी अंडी दीती है
1.00	eng-nur-elephant-story-s01.mp3	यह अप्पू है. अप्पू एक हाथी है. वह जंगल में रहता है.	यह अप्पू है, अप्पू एक हाथी है, वहाँ जंगल में रहता है.
1.00	eng-nur-fruits-s03.mp3	यह केला है.	यहाँ केला है
1.00	eng-nur-fruits-s04.mp3	यह संतरा है.	यह संत्रा है
1.00	eng-nur-fruits-s05.mp3	यह अंगूर है.	यह अंगूर है
1.00	eng-nur-fruits-s06.mp3	ये फल देखो.	ये फ़ल देखो
1.00	eng-nur-fruits-s07.mp3	यह नाशपाती है.	यहाँ नाश पाती है
1.00	eng-nur-fruits-s08.mp3	यह अनानास है.	यह अनानास है
1.00	eng-nur-insects-s02.mp3	यह चींटी है. चींटी बहुत मेहनती होती है.	यह चींटी है, चींटी बहुत महिनती होती है
1.00	eng-nur-insects-s05.mp3	यह लेडीबग है. इसकी लाल पीठ पर काले धब्बे हैं.	यह लीडी बग है, इसकी लाल पीठ पर काले धब्बे हैं।
1.00	eng-nur-letters-a-e-s01.mp3	यह बड़ा ए है.	यह बड़ा ए है
1.00	eng-nur-letters-a-e-s09.mp3	बी से बनाना, केला.	बीसे बनाने केला
1.00	eng-nur-letters-a-e-s13.mp3	यह बड़ा सी है.	यह बड़ा सी है
1.00	eng-nur-letters-f-j-s07.mp3	यह बड़ा जी है.	यहां बड़ा जी है
1.00	eng-nur-letters-f-j-s10.mp3	जी से जिराफ़, जिराफ़.	जी से जिराफ, जिराफ
1.00	eng-nur-letters-f-j-s25.mp3	यह बड़ा जे है.	यह बड़ा जी है
1.00	eng-nur-letters-k-o-s03.mp3	के से कंगारू, कंगारू.	कीसे कंगारू कंगारू
1.00	eng-nur-letters-k-o-s04.mp3	के से काइट, पतंग.	कीसी काइट पतंग
1.00	eng-nur-letters-k-o-s05.mp3	के. कंगारू, पतंग.	के कंगारू पतंग
1.00	eng-nur-letters-k-o-s15.mp3	एम से मैंगो, आम.	एमसे मागो, आम
1.00	eng-nur-letters-p-t-s01.mp3	यह बड़ा पी है.	यहां बड़ा पी है
1.00	eng-nur-letters-p-t-s05.mp3	पी से पुलिस कार, पुलिस की गाड़ी.	पीसे पुलिस कार, पुलिस की गाड़ी
1.00	eng-nur-letters-p-t-s10.mp3	क्यू. रानी.	क्यू रानी?
1.00	eng-nur-letters-p-t-s11.mp3	यह बड़ा आर है.	यह बड़ा आर है
1.00	eng-nur-letters-u-z-s01.mp3	यह बड़ा यू है.	यह बड़ा यू है
1.00	eng-nur-letters-u-z-s05.mp3	यह बड़ा वी है.	यह बड़ावी है
1.00	eng-nur-letters-u-z-s19.mp3	यह बड़ा वाई है.	यह बड़ा वाई है
1.00	eng-nur-letters-u-z-s24.mp3	यह बड़ा ज़ेड है.	यह बड़ा जेड है
1.00	eng-nur-shapes-s01.mp3	ये आकार देखो.	ये आकार देखो
1.00	eng-nur-shapes-s03.mp3	यह वर्ग है.	यह वर्ग है
1.00	eng-nur-shapes-s08.mp3	यह तारा है.	यह तारा है
1.00	eng-nur-shapes-s09.mp3	यह हीरा है.	यह ही रहे
1.00	eng-nur-vegetables-s01.mp3	ये सब्ज़ियाँ देखो.	ये सबजियां देखो
1.00	eng-nur-vegetables-s02.mp3	यह गाजर है.	यह गाजर है
1.00	eng-nur-vegetables-s08.mp3	यह फूलगोभी है.	यहां फूल्गों भी है
1.00	eng-nur-vegetables-s10.mp3	यह कद्दू है.	यह कद्दू है
1.00	eng-nur-water-animals-s01.mp3	हम समुद्र के अंदर हैं. यहाँ पानी में बहुत सारे जानवर रहते हैं.	हम समुद्र के अंदर हैं, यहां पानी में बहुत सारे जानवर रहते हैं.
1.00	eng-nur-water-animals-s04.mp3	यह डॉल्फ़िन है. डॉल्फ़िन बहुत समझदार होती है.	यह डॉल्फिन है, डॉल्फिन बहुत समझदार होती है
1.00	eng-nur-water-animals-s09.mp3	और यह समुद्री घोड़ा है.	और यहां समुद्री घोडा है
1.00	eng-nur-wild-animal-traits-s01.mp3	हर जंगली जानवर में कुछ ख़ास होता है. चलो देखें.	हर जंगली जानवर में कुछ खास होता है, चलो देखी.
1.00	eng-nur-wild-animal-traits-s04.mp3	ज़ेबरा के शरीर पर काली-सफ़ेद धारियाँ हैं.	जेबरा के शरीर पर काली सफीद धारियां हैं।
1.00	eng-nur-wild-animal-traits-s05.mp3	शेर की गर्दन पर घने बाल हैं. इसे अयाल कहते हैं.	शेर की गर्दन पर घनी बाल हैं इसे अयाल कहती हैं
1.00	eng-nur-wild-animals-s02.mp3	यह शेर है. शेर जंगल का राजा है.	यह शीर है, शीर जंगल का राजा है.
1.00	eng-nur-wild-animals-s05.mp3	यह जिराफ़ है. जिराफ़ बहुत लंबा होता है.	यह जिराफ है, जिराफ बहुत लंबा होता है
1.00	eng-nur-wild-animals-s06.mp3	यह भालू है.	यह भालू है
1.00	eng-ukg-behind-front-s02.mp3	मुर्गी पत्थर के आगे है.	मुर्गी पत्थर के आगे हैं
1.00	evs-lkg-animal-babies-s01.mp3	हर जानवर का एक बच्चा होता है. चलो देखें किसका बच्चा कौन है.	हर जानवर का एक बच्चा होता है, चलू देखें किसका बच्चा कौन है?
1.00	evs-lkg-animal-babies-s07.mp3	और यह उसका बच्चा, पिल्ला.	और यहां उसका बच्चा पिल्ला
1.00	evs-lkg-animal-food-s04.mp3	यह मुर्गी है.	यह मुर्गी है
1.00	evs-lkg-animal-food-s10.mp3	यह खरगोश है.	यह खरगोश है
1.00	evs-lkg-animal-footprints-s01.mp3	ज़मीन पर ये निशान किसके पैरों के हैं?	जमीन पर ये निशान किसके पैरों की हैं?
1.00	evs-lkg-animal-footprints-s02.mp3	ये गाय के पैरों के निशान हैं!	ये गाय के पैरों के निशान हैं
1.00	evs-lkg-animal-footprints-s03.mp3	ज़मीन पर ये निशान किसके पैरों के हैं?	जमीन पर ये निशान किसकी? पैरों की हैं.
1.00	evs-lkg-animal-footprints-s04.mp3	ये घोड़ा के पैरों के निशान हैं!	ये घोडा की पैरों की निशान है
1.00	evs-lkg-animal-footprints-s05.mp3	ज़मीन पर ये निशान किसके पैरों के हैं?	जमीन पर ये निशान किसके पैरों की हैं।
1.00	evs-lkg-animal-footprints-s06.mp3	ये मुर्गी के पैरों के निशान हैं!	ये मुर्गी के पैरों की निशान है
1.00	evs-lkg-animal-footprints-s07.mp3	ज़मीन पर ये निशान किसके पैरों के हैं?	जमीन पर ये निशान किसके पैरों की हैं?
1.00	evs-lkg-animal-footprints-s08.mp3	ये हाथी के पैरों के निशान हैं!	ये हाथी के पैरों की निशान है
1.00	evs-lkg-animal-habitats-s02.mp3	यह गौरैया है.	यह गरया है
1.00	evs-lkg-animal-habitats-s03.mp3	गौरैया घोंसले में रहती है.	गोरेय घोसले में रहती है
1.00	evs-lkg-animal-habitats-s08.mp3	यह शेर है.	यह शीर है
1.00	evs-lkg-body-parts-s01.mp3	यह हमारा शरीर है. चलो इसके हिस्सों के नाम सीखें.	यहां हमारा शरीर है, चलो इसके हिस्सों के नाम सीखें।
1.00	evs-lkg-body-parts-s02.mp3	यह सिर है.	यह सिर है
1.00	evs-lkg-body-parts-s03.mp3	ये बाल हैं.	ये बाल है
1.00	evs-lkg-body-parts-s04.mp3	ये आँखें हैं. आँखों से हम देखते हैं.	ये आखे हैं, आखोसे हम देखते हैं.
1.00	evs-lkg-body-parts-s05.mp3	ये कान हैं. कानों से हम सुनते हैं.	ये कान हैं, कानों से हम सुनती हैं
1.00	evs-lkg-body-parts-s08.mp3	ये हाथ हैं. हाथों से हम काम करते हैं.	ये हाथ है, हाथों से हम काम करती हैं
1.00	evs-lkg-body-parts-s10.mp3	ये पैर हैं. पैरों से हम चलते हैं.	ये पैर हैं, पैर से हम चलती हैं.
1.00	evs-lkg-body-parts-s11.mp3	ये पंजे हैं.	ये पंजे हैं
1.00	evs-lkg-community-helpers-s02.mp3	यह डॉक्टर हैं. जब हम बीमार होते हैं, डॉक्टर हमें ठीक करते हैं.	यह डॉक्टर हैं, जब हम बीमार होती हैं, डॉक्टर हमें ठीक करती हैं.
1.00	evs-lkg-community-helpers-s03.mp3	यह शिक्षिका हैं. वे हमें पढ़ाती हैं.	यह शिक्षिका हैं, वे हमें पढ़ाती हैं.
1.00	evs-lkg-community-helpers-s08.mp3	जब ये हमारी मदद करें, तो हम कहते हैं, धन्यवाद!	जब ये हमारी मदद करी तो हम कहती हैं धन्यवाद
1.00	evs-lkg-house-parts-s01.mp3	यह एक घर है. घर के कई हिस्से होते हैं.	यहाँ एक घर है, घर के कई हिस्से होती हैं.
1.00	evs-lkg-house-parts-s02.mp3	ये दीवारें हैं. ये घर को खड़ा रखती हैं.	ये दिवारे हैं, ये घर को खड़ा रखती हैं।
1.00	evs-lkg-house-parts-s06.mp3	और ये सीढ़ियाँ हैं.	और ये सिढ़िया हैं
1.00	evs-lkg-market-s01.mp3	यह बाज़ार है. यहाँ हम चीज़ें ख़रीदते हैं.	यहां बाजार है, यहां हम चीजीं खरीदते हैं.
1.00	evs-lkg-market-s04.mp3	अब बोलो, केले.	अब बोलो केली
1.00	evs-lkg-market-s05.mp3	और संतरे.	और संतरी
1.00	evs-lkg-professions-s02.mp3	यह डॉक्टर हैं.	यह डॉक्टर है
1.00	evs-lkg-professions-s05.mp3	शिक्षिका किताब से पढ़ाती हैं.	शिक्षे का किताब से पढ़ाती हैं
1.00	evs-lkg-professions-s08.mp3	यह किसान हैं.	यह किसान है
1.00	evs-lkg-professions-s11.mp3	दमकलकर्मी दमकल की गाड़ी से आग बुझाने जाते हैं.	दमकल कर्मी दमकल की गाड़ी से आग बुझाने जाते हैं।
1.00	evs-lkg-special-vehicles-s01.mp3	कुछ गाड़ियाँ ख़ास काम करती हैं. चलो उन्हें देखें.	कुछ गाड़ियां खास काम करती हैं चलो उन्हीं देखें
1.00	evs-lkg-special-vehicles-s02.mp3	यह पुलिस की गाड़ी है. पुलिस इसमें हमारी मदद के लिए आती है.	यहाँ पुलिस की गाड़ी है, पुलिस इसमें हमारी मदद के लिए आती है
1.00	evs-lkg-special-vehicles-s04.mp3	यह दमकल है. यह आग बुझाने जाती है.	यह दमकल है यह आग बुझाने जाती है
1.00	evs-lkg-special-vehicles-s05.mp3	यह स्कूल बस है. यह बच्चों को स्कूल ले जाती है.	यहाँ स्कूल बस है, यहाँ बच्चों को स्कूल ले जाती है.
1.00	evs-nur-festivals-s01.mp3	त्योहार ख़ुशी के दिन होते हैं. हम सब मिलकर त्योहार मनाते हैं.	त्योहार खुशी की दिन होती हैं, हम सब मिलकर त्योहार मनाती हैं.
1.00	evs-nur-festivals-s03.mp3	और आँगन में रंगोली बनाते हैं.	और आंगन मी रंगूली बनाते हैं
1.00	evs-nur-festivals-s04.mp3	मकर संक्रांति पर हम पतंग उड़ाते हैं.	मकर संक्रांती पर हम पतंग उड़ाते हैं।
1.00	evs-nur-festivals-s05.mp3	होली रंगों का त्योहार है. हम एक-दूसरे को गुलाल लगाते हैं.	होली रंगों का तियोहार है, हम एक दूसरी को गुलाल लगाते हैं.
1.00	evs-nur-festivals-s06.mp3	क्रिसमस पर हम क्रिसमस ट्री सजाते हैं.	क्रिस्मस पर हम क्रिस्मस ट्री सजाती हैं
1.00	evs-nur-festivals-s09.mp3	तुम्हारे घर में कौन-सा त्योहार मनाते हैं?	तुम्हारे घर में कौन सा त्योहार मनाते हैं।
1.00	evs-nur-good-habits-s01.mp3	अच्छी आदतें हमें स्वस्थ और ख़ुश रखती हैं.	अच्छी आदती हमें स्वस्थ और खुश रखती हैं.
1.00	evs-nur-good-habits-s06.mp3	हम फल और सब्ज़ियाँ खाते हैं.	हमफल और सबजियां खाती हैं
1.00	evs-nur-good-habits-s08.mp3	हम बड़ों को नमस्ते कहते हैं, और कहते हैं, कृपया, और धन्यवाद.	हम बड़ों को नमस्ते कहते हैं और कहते हैं कृपया और धन्यवाद।
1.00	evs-nur-rainbow-s01.mp3	पहले बारिश हुई.	पहले बारिश हुई
1.00	evs-nur-rainbow-s02.mp3	फिर सूरज निकला.	फिर सूरज निकला
1.00	evs-nur-rainbow-s03.mp3	और देखो, इंद्रधनुष!	और देखो, इंद्रिधनुष,
1.00	evs-nur-rainbow-s05.mp3	नीला, जामुनी और बैंगनी.	निला, जामुनी और बंगनी
1.00	evs-nur-school-visit-s02.mp3	स्कूल की बड़ी इमारत को देखो. हम यहाँ पढ़ने और खेलने आते हैं.	स्कूल की बड़ी इमारत को देखो, हम यहाँ पढ़ने और खिलने आते हैं।
1.00	evs-ukg-balloon-ride-s02.mp3	नीचे नदी, खेत और घर कितने छोटे दिख रहे हैं!	नीचे नदी, खेत और घर कितने छोटे दिख रही हैं।
1.00	evs-ukg-balloon-ride-s04.mp3	बादल हमारे बिल्कुल पास हैं.	बादल हमारे बिलकुल पास है
1.00	evs-ukg-farm-visit-s01.mp3	हम खेत पर आए हैं. चारों तरफ़ देखो. किसी जानवर को देखो, और वह अपने बारे में बताएगा.	हम खेत पर आएं हैं, चारों तरफ देखो, किसी जानवर को देखो और वहाँ अपने बारे में बताएगा.
1.00	evs-ukg-flowers-s01.mp3	फूल पौधों पर खिलते हैं. हर फूल का अपना रंग और अपनी ख़ुशबू होती है.	फूल पॉधों पर खिलती हैं, हर फूल का अपना रंग और अपनी खुश्बू होती है।
1.00	evs-ukg-flowers-s04.mp3	यह गेंदा है. गेंदे की माला बनती है.	यह गेंदा है, गेंदे की माला बनती है.
1.00	evs-ukg-germination-s05.mp3	धूप और पानी पाकर यह बड़ा पौधा बन जाता है.	धूप और पानी पाकर यहां बड़ा पौधा बन जाता है।
1.00	evs-ukg-india-culture-s01.mp3	भारत में बहुत तरह के लोग रहते हैं. सबकी अपनी भाषा, अपना पहनावा और अपने त्योहार हैं.	भारत में बहुत तरह की लोग रहती हैं. सब की अपनी भाषा, अपना पहनावा और अपने त्योहार है.
1.00	evs-ukg-india-culture-s02.mp3	हम हाथ जोड़कर नमस्ते करते हैं.	हम हाथ जूड़ कर नमस्ते करती हैं
1.00	evs-ukg-india-culture-s03.mp3	कई जगह लोग सिर पर पगड़ी पहनते हैं.	कई जगह लोग सिर पर पगड़ी पहनते हैं
1.00	evs-ukg-india-culture-s05.mp3	हमारा संगीत बहुत पुराना है. यह तबला है.	हमारा संगीत बहुत पुराना है यह तबला है।
1.00	evs-ukg-india-culture-s06.mp3	त्योहारों पर हम आँगन में रंगोली बनाते हैं.	त्योहारों पर हम आंगन में रंगोली बनाते हैं।
1.00	evs-ukg-india-culture-s07.mp3	और दीये जलाते हैं.	और दिये जलाते हैं
1.00	evs-ukg-national-symbols-s01.mp3	हमारे देश का नाम भारत है. हर देश के अपने राष्ट्रीय प्रतीक होते हैं.	हमारी दीश का नाम भारत है, हर दीश के अपनी राष्ट्रिय प्रतीक होती हैं।
1.00	evs-ukg-national-symbols-s05.mp3	कमल हमारा राष्ट्रीय फूल है.	कमल हमारा राष्ट्रिय फूल है
1.00	evs-ukg-places-of-worship-s01.mp3	लोग अलग-अलग जगहों पर प्रार्थना करते हैं. चलो उन्हें देखें.	लोग अलग-अलग जगहों पर प्रार्थना करती हैं. चलो उन्हीं देखी.
1.00	evs-ukg-places-of-worship-s03.mp3	यह गुरुद्वारा है. सिख यहाँ प्रार्थना करते हैं.	यहाँ गुरुद्वारा है, सिख यहाँ प्रार्थना करती हैं।
1.00	evs-ukg-places-of-worship-s05.mp3	यह मंदिर है. हिंदू यहाँ प्रार्थना करते हैं.	यहां मंदिर है, हिंदु यहां प्रार्थना करती हैं
1.00	evs-ukg-places-of-worship-s06.mp3	सबकी प्रार्थना की जगह अलग है, पर हम सबका आदर करते हैं.	सबकी प्रार्थना की जगह अलग है, पर हम सबका आदर करती हैं।
1.00	evs-ukg-plant-parts-s02.mp3	ये जड़ें हैं. जड़ें मिट्टी के नीचे होती हैं. वे पानी पीती हैं और पौधे को पकड़े रखती हैं.	ये जड़े हैं, जड़े मिट्टी के नीचे होती हैं, वे पानी पीती हैं और पौधे को पकड़े रखती हैं.
1.00	evs-ukg-plant-parts-s05.mp3	यह फूल है. फूल से फल बनता है.	यहां फूल है, फूल से फल बनता है
1.00	evs-ukg-plant-parts-s06.mp3	यह फल है. फल के अंदर बीज होते हैं.	यहाँ फल है, फल के अंदर बीज होते हैं.
1.00	evs-ukg-river-crossing-s03.mp3	यह पुल है. पुल पर चलकर नदी पार करना सबसे सुरक्षित है.	यहाँ पुल है, पुल पर चल कर, नदी पार करना सबसे सुरक्षित है.
1.00	evs-ukg-river-crossing-s04.mp3	यह नाव है. नाव से भी नदी पार कर सकते हैं.	यह नाव है, नाव से भी नदी पार कर सकती हैं।
1.00	evs-ukg-river-crossing-s05.mp3	पर हमेशा किसी बड़े के साथ, और नाविक की बात मानकर.	पर हमेशा किसी बड़ी के साथ और नाविक की बात मान करें।
1.00	evs-ukg-safe-touch-s04.mp3	तब तीन काम करो. पहला, ज़ोर से बोलो, नहीं!	तब तीन काम करो, पहला जोर से बूलो नहीं
1.00	evs-ukg-safe-touch-s05.mp3	दूसरा, वहाँ से दूर चले जाओ.	दूसरा, वहां से दूर चले जाओ।
1.00	evs-ukg-safe-touch-s06.mp3	तीसरा, किसी भरोसे वाले बड़े को बताओ.	तीसरा, किसी भरोसे वाले बड़े को बताओ।
1.00	evs-ukg-safe-touch-s07.mp3	भरोसे वाले बड़े कौन हैं? माँ, पिता, या तुम्हारी दीदी.	भरोसे वाले बड़े कौन है? मा, पिता या तुम्हारी दीदी?
1.00	evs-ukg-safe-touch-s08.mp3	यह कभी तुम्हारी ग़लती नहीं होती. और अगर कोई न सुने, तो किसी और को बताओ, जब तक कोई मदद न करे.	यह कभी तुम्हारी गलती नहीं होती और अगर कोई ना सुने तो किसी और को बताओ जब तक कोई मदद ना करे।
1.00	evs-ukg-seasons-s02.mp3	गर्मी में सूरज तेज़ चमकता है. बहुत गरमी लगती है.	गर्मी में सूरज तीज चमकता है, बहुत गर्मी लगती है।
1.00	evs-ukg-seasons-s03.mp3	बरसात में बादल आते हैं और बारिश होती है.	बरसात में बादल आते हैं और बारिश होती है।
1.00	evs-ukg-serpentarium-s04.mp3	यह हरा साँप है. यह पेड़ों पर रहता है.	यहां हरा सांप है, यहां पीडों पर रहता है।
1.00	evs-ukg-snow-camp-s01.mp3	हम बर्फ़ीले पहाड़ों में हैं. चारों तरफ़ बर्फ़ है.	हम बर्फीली पहाडों में हैं, चारों तरफ बर्फ है।
1.00	evs-ukg-snow-camp-s02.mp3	यह हमारा तंबू है. हम इसमें सोते हैं.	यहां हमारा तंबू है, हम इसमें सोती हैं.
1.00	evs-ukg-snow-camp-s03.mp3	यह आग है. यह हमें गरम रखती है.	यहाँ आग है, यहाँ हमें गरम रखती है
1.00	evs-ukg-snow-camp-s04.mp3	यह देवदार का पेड़ है. इस पर बर्फ़ जमी है.	यह देवदार का पेड़ है, इस पर बर्फ जमी है।
1.00	evs-ukg-states-india-s03.mp3	गुजरात के गिर जंगल में शेर रहते हैं.	गुजरात के गिर जंगल में शेर रहते हैं।
1.00	evs-ukg-states-india-s10.mp3	तुम किस राज्य में रहते हो? अपनी दीदी से पूछो.	तुम किस राज्य में रहते हो अपनी देदी से पूछो।
1.00	evs-ukg-water-cycle-s01.mp3	सूरज तालाब के पानी को गरम करता है.	सूरज तालाब के पानी को गरम करता है।
1.00	evs-ukg-water-cycle-s04.mp3	बादल भारी होता है, और बारिश होती है.	बादल भारी होता है और बारिश होती है।
1.00	evs-ukg-water-cycle-s05.mp3	बारिश तालाब को फिर भर देती है. और यह फिर से शुरू होता है.	बारिश तलाब को फिर भर देती है और यह फिर से शुरू होता है।
1.00	gk-lkg-sports-equipment-s01.mp3	खेलना सेहत के लिए अच्छा है. हर खेल का अपना सामान होता है.	खेलना सिहत के लिए अच्छा है, हर खेल का अपना समान होता है.
1.00	gk-lkg-sports-equipment-s02.mp3	यह बल्ला है.	यह बल्ला है
1.00	gk-lkg-sports-equipment-s05.mp3	फ़ुटबॉल को पैर से मारकर गोल में डालते हैं.	फुटबॉल को पैर से मार कर गोल में डालते हैं
1.00	gk-lkg-sports-equipment-s08.mp3	यह हॉकी स्टिक है.	यह हौकी स्टिक है
1.00	gk-lkg-sports-equipment-s10.mp3	यह बास्केटबॉल है.	यहां बास्केट बॉल है
1.00	hen_about.mp3	यह मुर्गी है. मुर्गी अंडे देती है.	यहां मुर्गी है, मुर्गी अंडी देती है
1.00	hin-lkg-khet-upar-niche-s03.mp3	मूली भी नीचे उगती है.	मूली भी नीचे उगती है
1.00	hin-lkg-khet-upar-niche-s04.mp3	और चुकंदर भी.	और चुकंदर भी
1.00	hin-lkg-khet-upar-niche-s07.mp3	और बैंगन भी.	और बैंगन भी
1.00	hin-lkg-sabji-rang-s01.mp3	यह टमाटर है.	यह टमाटर है
1.00	hin-lkg-sabji-rang-s02.mp3	टमाटर का रंग लाल है.	टमाटर का रंग लाल है
1.00	hin-lkg-sabji-rang-s04.mp3	गाजर का रंग नारंगी है.	गाजर का रंग नारंगी है
1.00	hin-lkg-sabji-rang-s05.mp3	यह बैंगन है.	यह बांगन है
1.00	hin-lkg-sabji-rang-s06.mp3	बैंगन का रंग बैंगनी है.	बैंगन का रंग बैंग नी है
1.00	hin-lkg-sabji-rang-s08.mp3	भुट्टा का रंग पीला है.	भुट्टा का रंग पीला है
1.00	hin-lkg-sabji-rang-s10.mp3	पत्तागोभी का रंग हरा है.	पत्ता गुभी का रंगहरा है
1.00	hin-nur-janvar-boliya-s01.mp3	जानवरों की बोलियाँ सुनो. जिसे देखोगे, वह बोलेगा.	जानवरों की बूलियां सुनो जिसे दिखोगे वहाँ बूलेगा।
1.00	hin-nur-janvar-boliya-s02.mp3	गाय रँभाती है. बकरी मिमियाती है.	गाय रंभाती है, बकरी मिमियाती है
1.00	hin-nur-vadya-yantra-s06.mp3	यह गिटार है. इसके तार छेड़कर बजाते हैं.	यह गिटार है, इसके तार छेड़ कर बजाते हैं.
1.00	hin-nur-vadya-yantra-s07.mp3	यह ढोल है. इसे डंडियों से बजाते हैं.	यह ढूल है, इसे डंडियों से बजाते हैं।
1.00	hin-nur-vadya-yantra-s08.mp3	यह तुरही है.	यह तुर ही है
1.00	hin-ukg-char-akshar-s06.mp3	मिलकर बनता है, नटखट. नटखट का मतलब प्लेफ़ुल.	मिलकर बनता है नटखट, नटखट का मतलब प्लाफूल
1.00	hin-ukg-do-akshar-s02.mp3	मिलकर बनता है, नल. नल का मतलब टैप.	मिलकर बनता है नल, नल का मतलब टाप
1.00	hin-ukg-do-akshar-s08.mp3	मिलकर बनता है, जल. जल का मतलब वॉटर.	मेलकर बनता है जल, जल का मतलब वाटर.
1.00	hin-ukg-do-akshar-s10.mp3	मिलकर बनता है, मन. मन का मतलब द माइंड.	मिलकर बनता है मन मन का मतलब दा माइंड
1.00	hin-ukg-matra-s03.mp3	क में आ मात्रा लगी, का.	कमी आ मात्रा लगी का
1.00	hin-ukg-matra-s04.mp3	यह इ मात्रा है.	यह इमात्रा है
1.00	hin-ukg-matra-s10.mp3	यह ए मात्रा है.	यह ए मात्रहे
1.00	hin-ukg-matra-s11.mp3	क में ए मात्रा लगी, के.	कमी एमात्रालगी की
1.00	hin-ukg-matra-s13.mp3	क में ओ मात्रा लगी, को.	कमी ओ मात्रा लगी को?
1.00	hin-ukg-swar-s01.mp3	अब ये स्वर देखो.	अब यस्वर देखो
1.00	hin-ukg-swar-s04.mp3	यह इ है. बोलो, इ.	यह इह, बोलो इ.
1.00	hin-ukg-swar-s12.mp3	यह ओ है. बोलो, ओ.	यह ओ है बोलो ओ
1.00	hin-ukg-teen-akshar-s01.mp3	देखो, क और म और ल.	देखो का और्मा औरला
1.00	hin-ukg-teen-akshar-s04.mp3	मिलकर बनता है, नमक. नमक का मतलब सॉल्ट.	मिलकर बनता है नमक, नमक का मतलब सोल्ट
1.00	hin-ukg-teen-akshar-s11.mp3	देखो, भ और व और न.	देखो भ और्व और्ना
1.00	hin-ukg-vyanjan-s02.mp3	यह क है.	यह कहे
1.00	hin-ukg-vyanjan-s04.mp3	यह ग है.	यह गहे
1.00	hin-ukg-vyanjan-s05.mp3	यह घ है.	यह घहे
1.00	hin-ukg-vyanjan-s07.mp3	अब च वर्ग देखो.	अब चे वर्ग देखू.
1.00	hin-ukg-vyanjan-s10.mp3	यह ज है.	यह जहे
1.00	hin-ukg-vyanjan-s13.mp3	अब ट वर्ग देखो.	अब टवर्ग देखो
1.00	hin-ukg-vyanjan-s16.mp3	यह ड है.	यह डहे
1.00	hin-ukg-vyanjan-s20.mp3	यह त है.	यह तहे
1.00	hin-ukg-vyanjan-s22.mp3	यह द है.	यह दहे
1.00	hin-ukg-vyanjan-s24.mp3	यह न है.	यह नहें
1.00	hin-ukg-vyanjan-s27.mp3	यह फ है.	यहां फ़हे
1.00	hin-ukg-vyanjan-s30.mp3	यह म है.	यह महे
1.00	hin-ukg-vyanjan-s33.mp3	यह र है.	यह रहे
1.00	hin-ukg-vyanjan-s34.mp3	यह ल है.	यह लाहे
1.00	hin-ukg-vyanjan-s37.mp3	यह श है.	यह शाहे
1.00	kitchen_about.mp3	यह रसोई है. यहाँ हमारा गरम खाना बनता है.	यहां रसोई है, यहां हमारा गरम खाना बनता है।
1.00	lobby-s01.mp3	किसी जगह को देखो, और वह तुम्हें वहाँ ले जाएगी.	किसी जगह को देखू और वहाँ तुम्ही वहाँ ले जाएगी।
1.00	math-lkg-full-empty-s01.mp3	यह गिलास भरा है.	यह गिलास भरा है
1.00	math-lkg-full-empty-s02.mp3	और यह गिलास ख़ाली है.	और यहां गिलास खाली है
1.00	math-lkg-full-empty-s03.mp3	यह कटोरा भरा है.	यहां कटूरा भरा है
1.00	math-lkg-half-whole-s01.mp3	यह पूरा सेब है.	यह पूरा सीब है
1.00	math-lkg-half-whole-s03.mp3	यह पूरा नाशपाती है.	यहाँ पूरा नाशपाती है
1.00	math-lkg-half-whole-s04.mp3	और यह आधा नाशपाती है.	और यह आधा नाश पाती हैं
1.00	math-lkg-half-whole-s06.mp3	और यह आधा नारियल है.	और यहाँ आधा नारियल है
1.00	math-lkg-lines-curves-s01.mp3	ये रेखाएँ देखो.	ये रिखाएं दिखो
1.00	math-lkg-lines-curves-s02.mp3	यह खड़ी रेखा है.	यहां खडी रिखा है
1.00	math-lkg-lines-curves-s03.mp3	यह लेटी रेखा है.	यह लीटी रिखा है
1.00	math-lkg-more-less-same-s01.mp3	यहाँ चार हैं और यहाँ दो.	यहां चार हैं और यहां दो
1.00	math-lkg-more-less-same-s02.mp3	लाल, नीले से ज़्यादा हैं.	लाल नीली से ज्यादा है
1.00	math-lkg-more-less-same-s03.mp3	यहाँ दो हैं और यहाँ पाँच.	यहां दो हैं और यहां पांच
1.00	math-lkg-more-less-same-s04.mp3	लाल, नीले से कम हैं.	लाल नीली से कम है
1.00	math-lkg-more-less-same-s05.mp3	यहाँ तीन हैं और यहाँ तीन.	यहां तीन हैं और यहां तीन
1.00	math-lkg-more-less-same-s06.mp3	लाल, नीले से बराबर हैं.	लाल नीली से बराबर है
1.00	math-lkg-odd-even-s10.mp3	दस, सम.	दस सम
1.00	math-lkg-open-close-s02.mp3	यह फाटक खुला है. अब रास्ता साफ़ है.	यहाँ फाटक खुला है, अब रास्ता साफ है.
1.00	math-lkg-open-close-s04.mp3	और यह दरवाज़ा खुला है.	और यह दर्वाजा खुला है
1.00	math-lkg-opposites-s01.mp3	यह बड़ा है.	यह बड़ा है।
1.00	math-lkg-opposites-s02.mp3	और यह छोटा, बड़े का उल्टा.	और यह छोटा बड़े का उल्टा
1.00	math-lkg-opposites-s03.mp3	यह लंबा है.	यहां लंबा है
1.00	math-lkg-opposites-s06.mp3	और यह ख़ाली, भरे का उल्टा.	और यह खाली भरे का उल्टा
1.00	math-lkg-opposites-s07.mp3	यह गरम है.	यह गरम है
1.00	math-lkg-same-different-s03.mp3	तीन एक जैसे हैं, एक अलग है. अलग वाले को छुओ.	तीन एक जैसे हैं, एक अलग है, अलग वाले को छूओ.
1.00	math-lkg-wet-dry-s01.mp3	यह कपड़ा अभी धुला है. इससे पानी टपक रहा है. यह गीला है.	यहाँ कपड़ा अभी धुला है, इससे पानी टपक रहा है, यहाँ गीला है,
1.00	math-lkg-wet-dry-s02.mp3	यह कपड़ा धूप में सूख गया. यह सूखा है.	यहां कपड़ा धूप में सुख गया यह सुखा है।
1.00	math-lkg-wet-dry-s03.mp3	इस टब में पानी है. यह अंदर से गीला है.	इस टब में पानी है यह अंदर से गीला है
1.00	math-lkg-wet-dry-s04.mp3	इस टब में पानी नहीं है. यह सूखा है.	इस टब में पानी नहीं है, यह सुखा है।
1.00	math-nur-big-small-s01.mp3	यह बड़ा है.	यह बड़ा है
1.00	math-nur-big-small-s02.mp3	और यह छोटा है.	और यह छोटा है
1.00	math-nur-big-small-s03.mp3	यह भी बड़ा है.	यह भी बड़ा है
1.00	math-nur-count-1-20-s10.mp3	अब बोलो, दस.	अब बुलु दस
1.00	math-nur-count-1-20-s13.mp3	अब बोलो, तेरह.	अब बोलो तेरह
1.00	math-nur-count-21-50-s01.mp3	अब इक्कीस से पचास तक गिनें.	अब 21 से 50 तक गिनी.
1.00	math-nur-count-21-50-s09.mp3	अब बोलो, छब्बीस.	अब बोलू 26
1.00	math-nur-count-21-50-s11.mp3	अब बोलो, अट्ठाईस.	अब बोलो 28
1.00	math-nur-count-21-50-s13.mp3	अब बोलो, तीस.	अब बुलो तीस
1.00	math-nur-count-21-50-s15.mp3	अब बोलो, इकतीस.	अब बुलो 31.
1.00	math-nur-count-21-50-s18.mp3	अब बोलो, चौंतीस.	अब बो लो चौतिस
1.00	math-nur-count-21-50-s20.mp3	छत्तीस से चालीस तक.	36 से 40 तक
1.00	math-nur-count-21-50-s26.mp3	इकतालीस से पैंतालीस तक.	41 से 45 तक
1.00	math-nur-count-21-50-s27.mp3	अब बोलो, इकतालीस.	अब बूलू 41
1.00	math-nur-count-21-50-s29.mp3	अब बोलो, तैंतालीस.	अब बूलो 43
1.00	math-nur-count-21-50-s32.mp3	छियालीस से पचास तक.	46 से 50 तक
1.00	math-nur-count-51-100-s01.mp3	अब इक्यावन से सौ तक गिनें.	अब 51 से 100 तक गिनी.
1.00	math-nur-count-51-100-s09.mp3	अब बोलो, छप्पन.	अब बूलो 56
1.00	math-nur-count-51-100-s15.mp3	अब बोलो, इकसठ.	अब बोलो 61
1.00	math-nur-count-51-100-s19.mp3	अब बोलो, पैंसठ.	अब बोलू, 65
1.00	math-nur-count-51-100-s23.mp3	अब बोलो, अड़सठ.	अब बोलो 68
1.00	math-nur-count-51-100-s27.mp3	अब बोलो, इकहत्तर.	अब बोलो 71
1.00	math-nur-count-51-100-s30.mp3	अब बोलो, चौहत्तर.	अब बोलो 74
1.00	math-nur-count-51-100-s36.mp3	अब बोलो, उन्यासी.	अब बुलू उन्यासी
1.00	math-nur-count-51-100-s40.mp3	अब बोलो, बयासी.	अब बूलो 82
1.00	math-nur-count-51-100-s42.mp3	अब बोलो, चौरासी.	अब बोलू, चरासी
1.00	math-nur-count-51-100-s47.mp3	अब बोलो, अट्ठासी.	अब बूलू 88
1.00	math-nur-count-51-100-s48.mp3	अब बोलो, नवासी.	अब बोलो नवासी
1.00	math-nur-count-51-100-s52.mp3	अब बोलो, बानवे.	अब बूलू बन्वी
1.00	math-nur-count-51-100-s53.mp3	अब बोलो, तिरानवे.	अब बूलो, तिरान वी
1.00	math-nur-count-51-100-s55.mp3	अब बोलो, पंचानवे.	अब बोलू 95.
1.00	math-nur-count-51-100-s57.mp3	अब बोलो, छियानवे.	अब बूलू 96
1.00	math-nur-count-51-100-s59.mp3	अब बोलो, अट्ठानवे.	अब बोलो 98
1.00	math-nur-count-51-100-s60.mp3	अब बोलो, निन्यानवे.	अब बोलो 99
1.00	math-nur-long-short-s02.mp3	और यह छोटी है.	और यह छोटी है
1.00	math-nur-long-short-s03.mp3	इन दोनों में हरी वाली लंबी है.	इन दोनों में हरी वाली लंबी है
1.00	math-nur-near-far-s03.mp3	यह गेंद पास है.	यह गेंद पास है
1.00	math-nur-one-many-s02.mp3	और यहाँ बहुत सारे हैं.	और यहां बहुत सारे हैं
1.00	math-nur-one-many-s03.mp3	एक, और बहुत सारे.	एक और बहुत सारे
1.00	math-nur-taller-shorter-s02.mp3	और यह पेड़ छोटा है.	और यहाँ पीड छोटा है।
1.00	math-nur-taller-shorter-s03.mp3	अब ये देखो. कौन सा लंबा है?	अब ये देखू कौन सा लंबा है
1.00	math-nur-taller-shorter-s04.mp3	यह वाला लंबा है, यह छोटा.	यह वाला लंबा है यह छोटा
1.00	math-nur-thick-thin-s01.mp3	यह मोटी है.	यह मूटी है
1.00	math-nur-wide-narrow-s01.mp3	यह रास्ता चौड़ा है. बस भी निकल जाए.	यह रास्ता चोड़ा है बस भी निकल जाए
1.00	math-ukg-add-double-s02.mp3	दस और पाँच, पंद्रह.	10 और पांच 15
1.00	math-ukg-add-double-s04.mp3	बारह और छह, अठारह.	बारह और छेह अठारह
1.00	math-ukg-add-double-s05.mp3	बीस जमा पंद्रह. सोचो.	20 जमापंद्रह, सोचू
1.00	math-ukg-add-double-s06.mp3	बीस और पंद्रह, पैंतीस.	20 और 15, 35
1.00	math-ukg-add-single-s03.mp3	दो और तीन मिलकर पाँच.	2 और 3 मिलकर 5
1.00	math-ukg-add-single-s04.mp3	पहले गिनो, चार.	पहले गनो चार
1.00	math-ukg-add-single-s05.mp3	अब ये गिनो, एक.	अब ये गिनो एक
1.00	math-ukg-add-single-s06.mp3	चार और एक मिलकर पाँच.	चार और एक मिलकर पांच
1.00	math-ukg-compare-numbers-s03.mp3	दो और आठ देखो.	दो और आठ देखू
1.00	math-ukg-compare-numbers-s04.mp3	दो, आठ से छोटा है.	दो, आठ से छोटा है।
1.00	math-ukg-compare-numbers-s05.mp3	पाँच और पाँच देखो.	पांच और पांच दीखो
1.00	math-ukg-compare-numbers-s06.mp3	पाँच, पाँच से बराबर है.	पांच पांच से बराबर है
1.00	math-ukg-divide-single-s02.mp3	दो बराबर हिस्सों में बाँटो.	दो बराबर हिस्सों में बाटो
1.00	math-ukg-divide-single-s03.mp3	दो बराबर हिस्सों में बाँटो.	दो बराबर हिस्सों में बाटो
1.00	math-ukg-divide-single-s05.mp3	यहाँ बारह हैं.	यहां 12 हैं
1.00	math-ukg-divide-single-s08.mp3	तीन बराबर हिस्सों में बाँटो.	तीन बराबर हिस्सों में बाटू
1.00	math-ukg-divide-single-s09.mp3	बारह भाग तीन बराबर चार.	बारह भाग तीन बराबर चार
1.00	math-ukg-multiply-single-s03.mp3	दो गुणा तीन बराबर छह.	दो गुणा तीन बराबर छेह
1.00	math-ukg-sub-double-s05.mp3	तीस घटा दस. सोचो.	तीस घटा, दस सुचू
1.00	math-ukg-sub-double-s06.mp3	तीस में से दस, बीस.	तीस में से दस बीस
1.00	math-ukg-sub-single-s03.mp3	पाँच में से दो गए, बचे तीन.	पांच में से दो गए, बचे तीन.
1.00	math-ukg-sub-single-s04.mp3	पहले गिनो, चार.	पहले गिनो चार
1.00	math-ukg-sub-single-s05.mp3	तीन हटा दो.	3. हटा दू
1.00	math-ukg-sub-single-s07.mp3	पहले गिनो, पाँच.	पहली गिनू पाँच
1.00	our_classroom_s1.mp3	अब हम अंदर हैं. यह हमारी कक्षा है.	अब हम अंदर हैं, यहां हमारी कक्षा है.
1.00	our_classroom_s2.mp3	तुम्हारे दोस्त दरी पर बैठे हैं. उनके साथ बैठ जाओ.	तुम्हारे दोस्त दरी पर बैठे हैं, उनकी साथ बैठ जाओ.
1.00	playground_s1.mp3	अब हम स्कूल के पीछे हैं. यह हमारा खेल का मैदान है.	अब हम स्कूल के पीछे हैं, यह हमारा खेल का मैदान है.
1.00	school_about.mp3	यह हमारा स्कूल है. हम यहाँ सीखने और खेलने आते हैं.	यहां हमारा स्कूल है, हम यहां सीखने और खेलने आते हैं.
1.00	school_hall_s1.mp3	अब हम स्कूल के अंदर हैं. यह गलियारा है.	अब हम स्कूल की अंदर हैं यहां गलियारा है।
1.00	school_hall_s2.mp3	दोनों तरफ दरवाज़े हैं. हर दरवाज़ा अलग कमरे में जाता है.	दोनों तरफ दर्वाजे हैं, हर दर्वाजा अलग कम्री में जाता है।
1.00	school_hall_s3.mp3	किसी दरवाज़े तक चलो, उस कमरे में जाने के लिए.	किसी दर्वाजे तक चलो उस कमरे में जाने के लिए।
1.00	school_office_s1.mp3	यह दफ़्तर है. दीदी यहाँ रजिस्टर रखती हैं.	यहाँ दफ्तर है, दीदी यहां रजिस्टर रखती हैं.
