score	clip	text spoken	heard
0.00	eng-lkg-in-on-under-s04.mp3	On. Under. In.	I know, I know, I know, I know, I know, I know, I know, I know, I know, I know, I know, I know, I know, I know, I know, I know, I know, I know, I know, I know, I know, I know, I know, I know, I know, I know, I know, I know, I know, I know, I know, I know, I know, I know, I know, I know, I know, I know, I know, I know, I know, I know, I know, I know, I know, I know, I know, I know, I know, I know, I know, I know, I know, I know, I know, I know, I know, I know, I know, I know, I know, I know, I know, I know, I know, I know, I know, I know, I know, I know, I know, I know, I know, I know, I
0.06	hin-ukg-char-akshar-s03.mp3	Look, ba, ra, ga, da.	you g the the the the the the the the the the the the the the the the
0.20	hin-ukg-teen-akshar-s01.mp3	Look, ka, ma, la.	look I this I I I I I I I I I I I I I I I I I I I I I I
0.21	eng-lkg-three-letter-words-s07.mp3	Look, see, you, pee.	6. C. U.B.
0.27	hin-ukg-vyanjan-s09.mp3	This is chha.	this, pifo, the s, a, a, a, a, a, a, a, a, a, a, a, a, a, a, a, a, a, a, a, a, a, a, a, a, a, a, a, a, a,
0.33	math-nur-count-51-100-s16.mp3	sixty two.	Let's see you.
0.36	math-nur-count-check-s03.mp3	Where is forty three? Touch it.	v.42, w. th. t- t- I have a more and a more.
0.43	math-nur-count-51-100-s17.mp3	sixty three.	we have a c-3
0.43	math-nur-count-51-100-s23.mp3	sixty eight.	Thanks to see it.
0.46	math-nur-count-51-100-s21.mp3	sixty six.	XC6
0.50	eng-lkg-three-letter-words-s11.mp3	Look, bee, you, ess.	Luke B. U.S.
0.50	math-nur-count-1-20-s01.mp3	Now say, one.	Mao C. 1
0.50	math-nur-count-1-20-s06.mp3	Now say, six.	Mao C. Six
0.52	hin-ukg-do-akshar-s05.mp3	Look, gha, ra.	Look, there, right
0.52	math-nur-count-51-100-s18.mp3	sixty four.	Fix the speed for
0.53	hin-ukg-teen-akshar-s05.mp3	Look, sa, ra, la.	Luxa Rabia
0.55	hin-ukg-teen-akshar-s03.mp3	Look, na, ma, ka.	Look, now, my God.
0.56	eng-nur-alphabets-s21.mp3	jee for Goat.	G for gold
0.56	eng-nur-alphabets-s23.mp3	This is small aitch.	This s mod h
0.56	evs-lkg-market-s09.mp3	and cabbages.	and cronopadgis
0.56	hin-ukg-char-akshar-s05.mp3	Look, na, ta, kha, ta.	Look not a girl.
0.56	math-nur-count-51-100-s57.mp3	ninety six.	986
0.57	math-nur-count-51-100-s15.mp3	sixty one.	TXC 1
0.59	math-nur-count-1-20-s10.mp3	Now say, ten.	Nau si, ten.
0.59	eng-lkg-two-letter-words-s11.mp3	Look, double-you and ee.	Look, W and E.
0.60	eng-lkg-three-letter-words-s01.mp3	Look, see, ayy, tee.	Look C.A.T.
0.60	hin-ukg-teen-akshar-s11.mp3	Look, bha, va, na.	Lugba wana
0.60	math-nur-count-1-20-s08.mp3	Now say, eight.	Now see, eat.
0.62	math-nur-count-51-100-s19.mp3	sixty five.	T-X-D-5
0.62	math-nur-count-51-100-s24.mp3	sixty nine.	TXC9
0.63	eng-lkg-three-letter-words-s03.mp3	Look, dee, oh, jee.	Look d-o-g.
0.63	eng-nur-alphabets-s36.mp3	ell for Lion.	A4 line
0.63	hin-ukg-vyanjan-s08.mp3	This is cha.	This is your
0.63	eng-ukg-phonics-s21.mp3	cue says kwuh. Say it with me.	To a sesgo, say it with me.
0.64	hin-ukg-teen-akshar-s09.mp3	Look, cha, ma, ka.	Look, Jack, Ma, C.
0.67	eng-nur-shapes-s08.mp3	This is a star.	This is our stop.
0.67	hin-ukg-do-akshar-s01.mp3	Look, na, la.	Look now.
0.67	hin-ukg-matra-s13.mp3	ka with the o matra makes ko.	Up with the ometramix go.
0.67	hin-ukg-vyanjan-s34.mp3	This is la.	This is here.
0.67	math-nur-count-51-100-s06.mp3	fifty four.	5th FP4
0.69	eng-nur-alphabets-s68.mp3	This is small double-you.	This is small w.
0.69	eng-nur-alphabets-s72.mp3	ex for xylophone.	Export the lock phone
0.69	eng-nur-fruits-s08.mp3	This is a pineapple.	This is a penny pool.
0.69	eng-lkg-hot-cold-s01.mp3	Tea is hot. Careful!	T is hot. K full.
0.69	gk-lkg-sports-equipment-s06.mp3	This is a racket.	This is all wrap.
0.69	gk-lkg-sports-equipment-s12.mp3	This is a racket.	This is all wrap.
0.70	eng-ukg-phonics-s14.mp3	kay says kuh. Say it with me.	I say it's good. Say it with me.
0.70	eng-ukg-phonics-s32.mp3	zedd says zuh. Say it with me.	That says go. Say it with me.
0.70	eng-lkg-three-letter-words-s09.mp3	Look, aitch, ee, en.	Look H.E.N.
0.70	eng-nur-alphabets-s42.mp3	en for Nest.	and Fortness
0.70	eng-nur-alphabets-s48.mp3	pee for Parrot.	B for part.
0.70	eng-ukg-phonics-s09.mp3	jee says guh. Say it with me.	This is go. Say it with me.
0.70	math-nur-count-21-50-s23.mp3	thirty eight.	The D8
0.71	hin-ukg-vyanjan-s12.mp3	This is nya.	This is me.
0.71	math-nur-count-51-100-s44.mp3	eighty six to ninety.	86 to 980
0.71	eng-ukg-phonics-s28.mp3	double-you says wuh. Say it with me.	W says wo. Say it with me.
0.72	eng-lkg-two-letter-words-s07.mp3	Look, jee and oh.	Look, gee, and all.
0.72	horse.mp3	This is a horse.	This is our host
0.72	eng-nur-alphabets-s67.mp3	This is capital double-you.	This is capital W.
0.72	eng-nur-alphabets-s69.mp3	double-you for Watermelon.	W for watermelon.
0.73	eng-nur-alphabets-s51.mp3	cue for Queen.	2 for Queen
0.73	math-nur-count-1-20-s07.mp3	Now say, seven.	Ngao se, 7
0.74	eng-lkg-three-letter-words-s05.mp3	Look, ess, you, en.	Look, S, U, N
0.74	eng-ukg-phonics-s20.mp3	pee says puh. Say it with me.	Be safe. Say it with me.
0.74	evs-lkg-animal-habitats-s02.mp3	This is a sparrow.	This is a spiral.
0.74	math-ukg-sub-single-s05.mp3	Take three away.	8 3 away
0.75	eng-nur-alphabets-s09.mp3	see for Cat.	C for Cat
0.75	eng-nur-alphabets-s60.mp3	tee for Tiger.	Thief for Tyger
0.75	eng-nur-colors-s02.mp3	This is red.	This is Z.
0.75	evs-lkg-animal-habitats-s08.mp3	This is a lion.	This is our line
0.75	math-nur-count-51-100-s48.mp3	eighty nine.	E-T-9
0.75	math-nur-count-51-100-s50.mp3	ninety one to ninety five.	981 to 95
0.76	evs-lkg-animal-food-s05.mp3	The hen pecks at grain.	The hen picks add green
0.76	hin-ukg-matra-s08.mp3	This is the u matra.	This is the Ometa.
0.76	eng-nur-colors-s08.mp3	This is purple.	This is pop.
0.76	eng-ukg-phonics-s16.mp3	em says muh. Say it with me.	And say small. Say it with me.
0.77	eng-lkg-months-year-s05.mp3	Then May.	Then me.
0.77	eng-ukg-phonics-s29.mp3	ex says ks. Say it with me.	Exercises. Say it with me.
0.78	eng-nur-alphabets-s24.mp3	aitch for Hen.	H for hen
0.78	eng-ukg-phonics-s02.mp3	ayy says a. Say it with me.	Yes, yes. Say it with me.
0.78	hin-ukg-vyanjan-s03.mp3	This is kha.	This is the
0.78	hin-ukg-vyanjan-s27.mp3	This is pha.	This is far.
0.78	eng-lkg-two-letter-words-s03.mp3	Look, oh and en.	Look, off and in.
0.78	hin-lkg-sabji-rang-s07.mp3	This is a corn.	This is our con.
0.79	evs-lkg-market-s08.mp3	Now say, brinjals.	Now say, brinches.
0.79	eng-nur-water-animals-s09.mp3	And this is a seahorse.	And this is a C host
0.79	math-nur-count-check-s01.mp3	Where is seven? Touch it.	Where is seven? Dodge it.
0.79	hin-ukg-swar-s03.mp3	This is aa, said aa. Say it with me.	This is a set up. Say it with me.
0.80	eng-lkg-months-year-s07.mp3	Then July.	Then Jui
0.80	eng-nur-vegetables-s03.mp3	This is a tomato.	This is atomic
0.80	eng-nur-vegetables-s05.mp3	This is corn.	This is gone.
0.80	eng-ukg-phonics-s03.mp3	bee says buh. Say it with me.	V says boo. Say it with me.
0.80	eng-ukg-phonics-s05.mp3	dee says duh. Say it with me.	Please say is do. Say it with me.
0.80	eng-ukg-phonics-s24.mp3	tee says tuh. Say it with me.	Please say stop. Say it with me.
0.80	hin-lkg-sabji-rang-s01.mp3	This is a tomato.	This is atomic
0.80	hin-ukg-swar-s11.mp3	This is ai, said ai. Say it with me.	This is X Z I. Say it with me.
0.80	hin-ukg-vyanjan-s10.mp3	This is ja.	This is G.
0.80	math-lkg-half-whole-s01.mp3	This is a whole apple.	This is a whole uphill.
0.80	math-ukg-multiply-single-s05.mp3	two row of four.	Your row of 4
0.81	eng-ukg-phonics-s10.mp3	aitch says huh. Say it with me.	It says so. Say it with me.
0.81	eng-nur-alphabets-s49.mp3	This is capital cue.	This is capital 2.
0.81	eng-nur-wild-animals-s05.mp3	This is a giraffe. The giraffe is very tall.	This is a graph. The graph is very tall.
0.81	math-ukg-multiply-single-s02.mp3	two row of three.	4 row of 3
0.82	cow.mp3	This is a cow.	This is our cow.
0.82	eng-lkg-animal-products-s02.mp3	This is a cow.	This is our cow.
0.82	eng-lkg-animal-sound-names-s03.mp3	A horse neighs. A hen clucks.	A horse knees A hand clucks
0.82	eng-lkg-two-letter-words-s05.mp3	Look, you and pee.	Look U and P.
0.82	eng-lkg-two-letter-words-s09.mp3	Look, en and oh.	Look in and on
0.82	evs-lkg-animal-babies-s02.mp3	This is a cow.	This is our cow.
0.82	evs-lkg-animal-food-s02.mp3	This is a cow.	This is our cow.
0.82	evs-lkg-animal-habitats-s10.mp3	This is a cow.	This is our cow.
0.82	eng-ukg-phonics-s27.mp3	vee says vuh. Say it with me.	We say so. Say it with me.
0.82	evs-ukg-places-of-worship-s03.mp3	This is a gurdwara. Sikhs pray here.	This is Agarbara. Seghas pray here.
0.82	eng-lkg-animal-products-s03.mp3	The cow gives us milk.	The cow gives a smith.
0.82	hin-ukg-vyanjan-s05.mp3	This is gha.	This is Ya.
0.82	hin-ukg-vyanjan-s14.mp3	This is ta.	This is top
0.82	hin-ukg-vyanjan-s16.mp3	This is da.	This is Duh.
0.82	hin-ukg-vyanjan-s18.mp3	This is na.	This is new.
0.82	hin-ukg-vyanjan-s20.mp3	This is ta.	This is top
0.82	hin-ukg-vyanjan-s22.mp3	This is da.	This is Duh.
0.82	hin-ukg-vyanjan-s24.mp3	This is na.	This is new.
0.82	hin-ukg-vyanjan-s35.mp3	This is va.	This is war.
0.82	hin-ukg-vyanjan-s40.mp3	This is ha.	This is her.
0.82	math-nur-count-1-20-s02.mp3	Now say, two.	Now say, do.
0.83	hin-ukg-matra-s05.mp3	ka with the i matra makes ki.	A with the eye matra makes key.
0.83	eng-nur-wild-animal-traits-s06.mp3	The rhinoceros has a horn on its nose.	The renazost has a horn on its nose.
0.83	evs-ukg-india-culture-s07.mp3	and we light diyas.	And we light this.
0.83	evs-ukg-places-of-worship-s04.mp3	This is a mosque. Muslims pray here.	This is our Moscow. Muslims pray here.
0.83	math-ukg-divide-single-s05.mp3	Here are twelve.	Here is part 12.
0.83	eng-lkg-transport-types-s10.mp3	This is a ship.	This is our ship.
0.83	hin-ukg-matra-s03.mp3	ka with the aa matra makes kaa.	A with the arm at Reha makes ga.
0.84	hin-ukg-matra-s01.mp3	This is ka. Keep it in mind.	This is stuff. Keep it in mind.
0.84	math-nur-count-check-s02.mp3	Where is fifteen? Touch it.	Where is 15? Search it.
0.84	math-nur-count-51-100-s20.mp3	sixty six to seventy.	XC 6 to 70
0.84	eng-nur-alphabets-s18.mp3	eff for Fish.	If for fish
0.84	eng-ukg-phonics-s11.mp3	eye says ih. Say it with me.	A says it. Say it with me.
0.85	eng-lkg-animal-products-s06.mp3	This is a sheep.	This is our sheep.
0.85	eng-lkg-transport-types-s06.mp3	This is a train.	This is our train.
0.85	eng-nur-alphabets-s08.mp3	This is small see.	This is small c.
0.85	eng-nur-alphabets-s20.mp3	This is small jee.	This is small g.
0.85	eng-nur-alphabets-s26.mp3	This is small eye.	This is small i.
0.85	eng-nur-alphabets-s27.mp3	eye for Ice cream.	A for ice cream
0.85	eng-nur-alphabets-s50.mp3	This is small cue.	This is small q.
0.85	evs-lkg-animal-babies-s04.mp3	This is a sheep.	This is our sheep.
0.85	evs-lkg-market-s04.mp3	Now say, bananas.	Now see, bananas.
0.85	hin-nur-janvar-boliya-s03.mp3	The horse neighs. The hen clucks.	The horse knees. The hand clucks.
0.85	math-nur-count-1-20-s15.mp3	Now say, fifteen.	Now see, 15.
0.85	evs-lkg-animal-food-s07.mp3	The dog chews a bone.	The dog choose a bone.
0.85	eng-ukg-phonics-s04.mp3	see says kuh. Say it with me.	See Sesko. Say it with me.
0.85	eng-ukg-phonics-s08.mp3	eff says fuh. Say it with me.	F says foe. Say it with me.
0.85	eng-ukg-phonics-s17.mp3	en says nuh. Say it with me.	And says no. Say it with me.
0.85	hin-ukg-matra-s09.mp3	ka with the u matra makes ku.	With the omatra makes
0.85	eng-nur-colors-check-s03.mp3	Which one is yellow? Touch it.	Which one is yellow? Search it.
0.85	hin-ukg-matra-s07.mp3	ka with the ee matra makes kee.	Up with the E matra makes key.
0.85	hin-ukg-teen-akshar-s04.mp3	Together they make namak, salt.	Together they make naamik .
0.86	eng-lkg-transport-types-s05.mp3	This is a bicycle.	This is a biticle.
0.86	eng-nur-shapes-s02.mp3	This is a circle.	This is our circle.
0.86	eng-ukg-phonics-s12.mp3	jay says juh. Say it with me.	Ray says Joe. Say it with me.
0.86	hin-ukg-do-akshar-s03.mp3	Look, ka, la.	Look, K, L
0.86	hin-ukg-vyanjan-s02.mp3	This is ka.	This is...
0.86	hin-ukg-vyanjan-s26.mp3	This is pa.	This is...
0.86	hin-ukg-vyanjan-s39.mp3	This is sa.	This is
0.86	math-nur-count-21-50-s37.mp3	Now say, fifty.	Now say, Fifi.
0.86	math-nur-count-check-s05.mp3	Where is one hundred? Touch it.	Where is 100? Search it.
0.86	math-nur-in-out-s02.mp3	This apple is out.	This Akpul is out.
0.86	eng-ukg-phonics-s15.mp3	ell says luh. Say it with me.	Elle says look. Say it with me.
0.87	eng-nur-alphabets-s07.mp3	This is capital see.	This is capital C
0.87	eng-nur-alphabets-s19.mp3	This is capital jee.	This is capital G.
0.87	eng-nur-alphabets-s25.mp3	This is capital eye.	This is capital I.
0.87	eng-nur-alphabets-s28.mp3	This is capital jay.	This is capital G.
0.87	eng-nur-shapes-s09.mp3	This is a diamond.	This is our diamond.
0.87	evs-lkg-animal-footprints-s06.mp3	The hen made them!	They handmade them.
0.87	evs-lkg-professions-s04.mp3	This is a teacher.	This is our teacher.
0.87	hin-ukg-matra-s04.mp3	This is the i matra.	This is the i-meter.
0.87	hin-ukg-matra-s10.mp3	This is the e matra.	This is the matter.
0.87	hin-ukg-matra-s12.mp3	This is the o matra.	This is the O-meter.
0.87	eng-nur-alphabets-s78.mp3	zedd for Zebra.	Red for zebra
0.87	eng-nur-wild-animals-s07.mp3	This is a zebra.	This is a Ziba
0.87	eng-ukg-phonics-s22.mp3	ar says ruh. Say it with me.	A says Roo. Say it with me.
0.87	math-nur-weight-check-s02.mp3	Now, which one is lighter? Touch it.	Now, which one is lighter? Search it!
0.87	evs-ukg-states-india-s02.mp3	Rajasthan has a desert. Camels walk there.	Rajasthan has a dessert. Chemists walk there.
0.88	eng-nur-alphabets-s12.mp3	dee for Dog.	D for dog
0.88	eng-nur-alphabets-s22.mp3	This is capital aitch.	This is capital H.
0.88	eng-nur-alphabets-s57.mp3	ess for Sun.	S for sun
0.88	eng-nur-shapes-s04.mp3	This is a triangle.	This is our triangle
0.88	evs-lkg-healthy-food-s01.mp3	Which of these is healthy food? Touch it.	Which of these is healthy food? Judge it.
0.88	evs-lkg-healthy-food-s02.mp3	Which of these is healthy food? Touch it.	Which of these is healthy food? Judge it.
0.88	evs-lkg-healthy-food-s03.mp3	Which of these is healthy food? Touch it.	Which of these is healthy food? Judge it.
0.88	hin-ukg-do-akshar-s07.mp3	Look, ja, la.	Look, Ja, Le.
0.88	hin-ukg-do-akshar-s09.mp3	Look, ma, na.	Look, Ma, No.
0.88	hin-ukg-matra-s02.mp3	This is the aa matra.	This is the A matter.
0.88	hin-ukg-matra-s06.mp3	This is the ee matra.	This is the e-matter.
0.88	hin-ukg-swar-s06.mp3	This is u, said u. Say it with me.	This is how, said O. Say it with me.
0.88	hin-ukg-swar-s13.mp3	This is au, said au. Say it with me.	This is O, said O. Say it with me.
0.88	hin-ukg-vyanjan-s06.mp3	This is nga.	This is a
0.88	hin-ukg-vyanjan-s30.mp3	This is ma.	This is my
0.88	hin-ukg-vyanjan-s32.mp3	This is ya.	This is Ye.
0.88	eng-lkg-three-letter-words-s10.mp3	Together they spell hen, a hen.	Together they spell hand, a hand.
0.88	eng-nur-alphabets-s56.mp3	This is small ess.	This s small s.
0.88	hin-ukg-char-akshar-s01.mp3	Look, ma, ka, sa, da.	Look, ma, ka, sa, dek.
0.88	math-ukg-odd-one-out-s02.mp3	One of these is different, look at the shape. Touch it.	One of these is different, look at the ship. Search it.
0.88	math-ukg-odd-one-out-s03.mp3	One of these is different, look at the shape. Touch it.	One of these is different, look at the ship. Search it.
0.88	hin-nur-vadya-yantra-s04.mp3	This is the harmonium.	This is the harmony.
0.88	hin-ukg-do-akshar-s08.mp3	Together they make jal, water.	Together they make Jal
0.88	math-ukg-sub-double-s04.mp3	eighteen minus six is twelve.	18-6 is 12
0.88	hin-ukg-swar-s09.mp3	This is ri, said ri. Say it with me.	This is Zvi, said Roy. Say it with me.
0.89	eng-lkg-animal-products-s08.mp3	This is a bee.	This is a B.
0.89	eng-nur-alphabets-s30.mp3	jay for Jeep.	J for Jeep
0.89	eng-nur-alphabets-s75.mp3	why for Yarn.	Y for yarn
0.89	eng-nur-alphabets-s77.mp3	This is small zedd.	This is small z.
0.89	eng-nur-animals-check-s01.mp3	Which of these lives in water? Touch it.	Which of these lives in water? Search it.
0.89	eng-nur-bird-animal-sounds-crow.mp3	This is a crow. The crow says caw, caw.	This is a crow. The crow says co, co.
0.89	eng-nur-bird-animal-sounds-s03.mp3	Now find the cat.	Now find the cack.
0.89	evs-lkg-animal-habitats-s06.mp3	This is a bee.	This is a B.
0.89	evs-lkg-market-s03.mp3	Here there are apples.	Here there are a pulse.
0.89	evs-ukg-safe-touch-s05.mp3	Two, go away from there.	Boo, go away from there.
0.89	hin-lkg-khet-upar-niche-s07.mp3	And so does a brinjal.	And so does the brinjal.
0.89	hin-ukg-do-akshar-s11.mp3	Look, ba, sa.	Look, Baa, Saa
0.89	hin-ukg-vyanjan-s04.mp3	This is ga.	This is game.
0.89	hin-ukg-vyanjan-s11.mp3	This is jha.	This is Jaa.
0.89	hin-ukg-vyanjan-s15.mp3	This is tha.	This is the
0.89	hin-ukg-vyanjan-s17.mp3	This is dha.	This is DAH
0.89	hin-ukg-vyanjan-s21.mp3	This is tha.	This is the
0.89	hin-ukg-vyanjan-s23.mp3	This is dha.	This is DAH
0.89	evs-ukg-snow-camp-s03.mp3	This is the fire. It keeps us warm.	This this the fire. It keeps this warm.
0.89	math-nur-weight-check-s01.mp3	Which one is heavier? Touch it.	Which one is savior? Touch it
0.89	math-ukg-sub-double-s01.mp3	fifteen minus five. Have a think.	15-5. Have a think.
0.89	math-ukg-sub-double-s03.mp3	eighteen minus six. Have a think.	18-6. Have a think.
0.89	eng-nur-vegetables-s08.mp3	This is a cauliflower.	This is our cauliflower.
0.89	eng-ukg-phonics-s06.mp3	ee says eh. Say it with me.	He says he. Say it with me.
0.89	eng-ukg-phonics-s23.mp3	ess says sss. Say it with me.	Essays. Say it with me.
0.89	evs-ukg-india-culture-s04.mp3	Many women wear a saree.	Many women wear a shari.
0.89	evs-ukg-water-cycle-s03.mp3	High up it is cold, and the vapour becomes a cloud.	I hope it is cold and the vapor becomes a cloud.
0.90	hin-ukg-do-akshar-s06.mp3	Together they make ghar, house.	Together they make God house.
0.90	hin-ukg-char-akshar-s04.mp3	Together they make baragad, a banyan tree.	Together they make Bhargat, a bang and tree.
0.90	eng-lkg-months-year-s03.mp3	Then March.	Then, marched.
0.90	eng-nur-alphabets-s03.mp3	ayy for Apple.	A for Apple
0.90	eng-nur-alphabets-s33.mp3	kay for Kite.	Pay for kite
0.90	eng-nur-bird-animal-sounds-s04.mp3	Who says hoo, hoo? Find out!	Who says who who? Find out.
0.90	evs-nur-festivals-s08.mp3	At Eid we look for the moon, and we wish everyone Eid Mubarak.	At 8 we look for the moon and we wish everyone 8 Mabarak.
0.90	gk-lkg-sports-equipment-s02.mp3	This is a bat.	This is a bet.
0.90	hin-ukg-teen-akshar-s07.mp3	Look, ma, ka, ra.	Look, Ma, Ga, Ra
0.90	hin-ukg-vyanjan-s01.mp3	Now look at the ka group.	Now look at the care group.
0.90	eng-nur-alphabets-s76.mp3	This is capital zedd.	This is capital Z
0.90	math-ukg-add-single-s05.mp3	Now count these, one.	Now count this one.
0.90	evs-lkg-animal-food-s11.mp3	The monkey eats a banana.	The monkey eats the banana.
0.90	hin-ukg-matra-s11.mp3	ka with the e matra makes ke.	A with the Imatra makes E.
0.91	gk-lkg-sports-equipment-s03.mp3	Cricket is played with a bat and a ball.	Trickette is played with a bit and a ball.
0.91	math-ukg-odd-one-out-s01.mp3	One of these is different, look at the colour. Touch it.	One of these is different, look at the color. Search it.
0.91	eng-lkg-animal-sound-names-s02.mp3	A cow says moo. A goat bleats.	A cow says moo, a goat bleeds.
0.91	eng-nur-alphabets-s06.mp3	bee for Banana.	B for banana
0.91	eng-nur-alphabets-s66.mp3	vee for Violin.	V for violin
0.91	eng-nur-fruits-s07.mp3	This is a pear.	This is a pier.
0.91	eng-nur-shapes-s01.mp3	Look at these shapes.	Look at these ships.
0.91	eng-nur-shapes-s06.mp3	Look at these shapes.	Look at these ships.
0.91	eng-nur-wild-animals-s06.mp3	This is a bear.	This is a beer.
0.91	evs-nur-festivals-s02.mp3	Diwali is the festival of lights. We light diyas.	Duwale is the festival of lights. We light dyes.
0.91	hin-ukg-teen-akshar-s02.mp3	Together they make kamal, a lotus.	Together they make Kamal, or Lotuses.
0.91	hin-nur-janvar-boliya-s02.mp3	The cow lows. The goat bleats.	The cow lows. The goat bleeds.
0.91	hin-ukg-swar-s10.mp3	This is e, said e. Say it with me.	This is it said. Say it with me.
0.91	evs-ukg-germination-s01.mp3	This is a seed. We sow it in the soil and give it water.	This as a sea, he sow it in the soil and give it water.
0.91	eng-lkg-animal-products-s05.mp3	The hen gives us eggs.	The hand gives us eggs.
0.91	hin-ukg-vyanjan-s31.mp3	Now look at ya ra la va.	Now look at a rare lava.
0.92	eng-lkg-two-letter-words-s01.mp3	Look, eye and en.	Look, eye and in.
0.92	eng-nur-alphabets-s54.mp3	ar for Rocket.	AARP for rocket
0.92	math-lkg-odd-even-s06.mp3	six, even, every one has a pair.	Fixed even everyone has a pair
0.92	math-lkg-odd-even-s01.mp3	one, odd, one is left over.	One or one is left over.
0.92	math-lkg-odd-even-s09.mp3	nine, odd, one is left over.	9.1 is left over.
0.92	eng-nur-alphabets-s02.mp3	This is small ayy.	This is small a.
0.92	eng-nur-alphabets-s05.mp3	This is small bee.	This is small b.
0.92	eng-nur-alphabets-s11.mp3	This is small dee.	This is small d.
0.92	eng-nur-alphabets-s17.mp3	This is small eff.	This is small f.
0.92	eng-nur-alphabets-s29.mp3	This is small jay.	This is small j.
0.92	eng-nur-alphabets-s32.mp3	This is small kay.	This is small k.
0.92	eng-nur-alphabets-s35.mp3	This is small ell.	This is small l.
0.92	eng-nur-alphabets-s47.mp3	This is small pee.	This is small p.
0.92	eng-nur-alphabets-s59.mp3	This is small tee.	This is small t.
0.92	eng-nur-alphabets-s62.mp3	This is small you.	This is small u.
0.92	eng-nur-alphabets-s65.mp3	This is small vee.	This is small v.
0.92	eng-nur-alphabets-s74.mp3	This is small why.	This is small y.
0.92	eng-nur-fruits-s05.mp3	This is a bunch of grapes.	This is a bunch of grabs.
0.92	eng-ukg-phonics-s26.mp3	you says uh. Say it with me.	You say so? Say it with me.
0.93	evs-nur-school-visit-s01.mp3	This is our school. Look all around. What can you see?	This as our soul. Look all around. What can you see?
0.93	eng-nur-bird-animal-sounds-owl.mp3	This is an owl. The owl says hoo, hoo.	This is an owl. The owl says who, who.
0.93	evs-lkg-community-helpers-s03.mp3	This is a teacher. She teaches us.	This is our teacher. She teaches us.
0.93	evs-nur-festivals-s03.mp3	And we make a rangoli on the floor.	And we make a wrangle on the floor.
0.93	evs-ukg-dinosaur-park-s07.mp3	We know about dinosaurs from their bones, which were found under the ground.	We know about denozoos from their bones, which were found under the ground.
0.93	hin-ukg-vyanjan-s36.mp3	Now look at sha sha sa ha.	Now look at Shah Shah Sahar.
0.93	math-lkg-odd-even-s05.mp3	five, odd, one is left over.	I've odd one this left over.
0.93	cow_about.mp3	This is a cow. The cow gives us milk.	This is our cow. The cow gives us milk.
0.93	eng-nur-domestic-animals-s02.mp3	This is a cow. The cow gives us milk.	This is our cow. The cow gives us milk.
0.93	evs-lkg-animal-food-s03.mp3	The cow eats grass.	The cow eats gas.
0.93	evs-ukg-farm-visit-s02.mp3	Which animal gives us milk? Find it.	Which animal gives us milk? Ain't it?
0.93	evs-ukg-places-of-worship-s05.mp3	This is a temple. Hindus pray here.	This is our temple. Hindus pray here.
0.93	evs-ukg-seasons-s04.mp3	In the rain we carry an umbrella. Puddles fill up on the ground.	In the rain, we carry an umbrella. Paddas fell up on the ground.
0.93	hin-nur-vadya-yantra-s03.mp3	This is the dholak. It is played on both sides.	This is the Dalek. It is played on both sides.
0.93	evs-lkg-animal-babies-s05.mp3	And this is her baby, a lamb.	And this is her baby or lamb.
0.93	demo-home-s01.mp3	This is a home. This is where we live.	This is our home. This is where we live.
0.93	eng-nur-domestic-animals-s04.mp3	This is a horse. The horse runs fast.	This is our horse. The horse runs fast.
0.93	evs-ukg-national-symbols-s07.mp3	And the banyan is our national tree.	And the bangin is our national tree.
0.93	eng-nur-alphabets-s01.mp3	This is capital ayy.	This is capital A.
0.93	eng-nur-alphabets-s04.mp3	This is capital bee.	This is capital B.
0.93	eng-nur-alphabets-s10.mp3	This is capital dee.	This is capital D.
0.93	eng-nur-alphabets-s16.mp3	This is capital eff.	This is capital F.
0.93	eng-nur-alphabets-s31.mp3	This is capital kay.	This is capital K.
0.93	eng-nur-alphabets-s34.mp3	This is capital ell.	This is capital L.
0.93	eng-nur-alphabets-s46.mp3	This is capital pee.	This is capital P.
0.93	eng-nur-alphabets-s55.mp3	This is capital ess.	This is capital S.
0.93	eng-nur-alphabets-s58.mp3	This is capital tee.	This is capital T
0.93	eng-nur-alphabets-s61.mp3	This is capital you.	This is capital U.
0.93	eng-nur-alphabets-s64.mp3	This is capital vee.	This is capital V.
0.93	eng-nur-alphabets-s73.mp3	This is capital why.	This is capital Y.
0.93	eng-nur-animal-sounds-s02.mp3	What does the cow say? Find her and see.	What does the cow say? Iron her and see.
0.93	eng-nur-domestic-animals-s07.mp3	This is a dog. The dog guards our home.	This is our dog. The dog guards our home.
0.93	evs-ukg-india-culture-s05.mp3	Our music is very old. This is the tabla.	Our music is very old. This is the tub.
0.93	hin-ukg-do-akshar-s02.mp3	Together they make nal, tap.	Together they make null tap.
0.93	hin-ukg-vyanjan-s28.mp3	This is ba.	This is B.
0.93	math-lkg-odd-even-s02.mp3	two, even, every one has a pair.	Oh, even everyone has a pair.
0.93	our_classroom_s3.mp3	Didi is standing near the board. She will teach us today.	Lady is standing near the board. She will teach us today.
0.93	school_office_s3.mp3	The almirah is locked. Our books and toys are kept safe in it.	The arm is locked. Our books and toys are kept safe in it.
0.94	demo-india-flag.mp3	This is our national flag, the Tiranga.	This is our national flat, the Tiringa.
0.94	eng-lkg-myself-s01.mp3	Hello! My name is Meena. I am four years old. I am a girl.	Hello. My name is Mina. I'm four years old. I'm a girl.
0.94	eng-nur-bird-animal-sounds-pigeon.mp3	This is a pigeon. The pigeon says coo, coo.	This is a pigeon. The pigeon says, Koo, Koo.
0.94	eng-nur-domestic-animals-s06.mp3	This is a sheep. The sheep gives us wool.	This is our sheep. The sheep gives us wool.
0.94	evs-ukg-places-of-worship-s02.mp3	This is a church. Christians pray here.	This is our church. Christians, pray here.
0.94	hin-nur-vadya-yantra-s06.mp3	This is the guitar. We pluck its strings.	This is the gutter. We pluck its strings.
0.94	math-nur-near-far-s04.mp3	And this ball is far.	And this ball is fur.
0.94	demo-india-s02.mp3	Our national symbols will stand on these plinths.	Our national symbols will stand on these planes.
0.94	solar_system_s9.mp3	Uranus lies on its side, like a ball rolling along.	Larenus lies on its side like a ball rolling along.
0.94	hin-ukg-swar-s12.mp3	This is o, said o. Say it with me.	This is O said home. Say it with me.
0.94	hin-ukg-teen-akshar-s06.mp3	Together they make saral, easy.	Together they make saru easy.
0.94	eng-nur-wild-animal-traits-s07.mp3	The kangaroo carries its baby in a pouch.	The kangaroo carries its bibi in a pouch.
0.94	evs-ukg-dinosaur-park-s04.mp3	This dinosaur had a long crest on its head.	This denosa had a long crest on its head.
0.94	hin-ukg-vyanjan-s29.mp3	This is bha.	This is Ba.
0.94	evs-lkg-professions-s09.mp3	The farmer ploughs the field with a tractor.	The farmer plots the field with a tractor.
0.94	hin-nur-vadya-yantra-s02.mp3	This is the tabla. It is played with the hands.	This is the tub. It is played with the hands.
0.94	math-nur-count-51-100-s14.mp3	sixty one to sixty five.	61-65
0.95	evs-ukg-states-india-s07.mp3	Tigers live in the Sundarbans of West Bengal.	Tigers live in the Sandurbans of West Bengal.
0.95	eng-nur-bird-animal-sounds-sparrow.mp3	This is a sparrow. The sparrow says cheep, cheep.	This is a sparrow. The sparrow says cheap, cheap.
0.95	evs-ukg-states-india-s05.mp3	Kerala has many, many coconut trees.	Krila has many, many coconut trees.
0.95	hin-ukg-do-akshar-s04.mp3	Together they make kal, yesterday.	Together they make call yesterday.
0.95	math-lkg-lines-curves-s03.mp3	This is a sleeping line.	This is a sleeping lion.
0.95	math-nur-count-1-20-s04.mp3	Now say, four.	Now say, for
0.95	eng-lkg-animal-products-s07.mp3	The sheep gives us wool. Wool makes our sweaters.	The sheep gives us wool. Wool makes our sweetest.
0.95	eng-nur-wild-animals-s02.mp3	This is a lion. The lion is the king of the forest.	This is our lion. The lion is the king of the forest.
0.95	evs-lkg-special-vehicles-s07.mp3	When an ambulance or a fire engine sounds its siren, everybody makes way.	When an ambulance or a fire engine sounds its sound, everybody makes way.
0.95	hin-ukg-vyanjan-s19.mp3	Now look at the tha group.	Now look at the Dha group.
0.95	math-ukg-add-double-s01.mp3	ten plus five. Have a think.	n plus 5 Have a think
0.95	eng-lkg-transport-types-s04.mp3	This is a bus.	This is a bust.
0.95	eng-nur-alphabets-s39.mp3	em for Monkey.	M for Monkey
0.95	eng-nur-alphabets-s45.mp3	oh for Orange.	O for Orange
0.95	eng-nur-find-shapes-s03.mp3	A triangle is hiding in the room. Find it and touch it.	A triangle is hiding in the room. Iron it and touch it.
0.95	eng-ukg-phonics-s30.mp3	why says yuh. Say it with me.	Why says you? Say it with me.
0.95	evs-ukg-farm-visit-horse.mp3	This is a horse. The horse pulls carts and runs fast.	This is our horse. The horse pulls carts and runs fast.
0.95	hin-ukg-vyanjan-s07.mp3	Now look at the cha group.	Now look at the chair group.
0.95	math-nur-light-heavy-s01.mp3	This is a balance. It tells us which thing is heavier.	This is our balance. It tells us which thing is heavier.
0.96	evs-ukg-states-india-s08.mp3	The one-horned rhinoceros lives in Assam.	The one-horned rhinoceros lives in a sim.
0.96	hin-ukg-char-akshar-s07.mp3	Look, a, ja, ga, ra.	Look at Ja Gara
0.96	hin-ukg-do-akshar-s12.mp3	Together they make bas, a bus.	Together they make bus, a bus.
0.96	math-ukg-sub-double-s06.mp3	thirty minus ten is twenty.	30 minutes 10 is 20.
0.96	eng-nur-insects-s08.mp3	This is a housefly. It sits on dirt, so keep your food covered.	This is a house fee. It sits on dirt, so keep your food covered.
0.96	evs-nur-festivals-s05.mp3	Holi is the festival of colours. We put gulal on one another.	Holye is the festival of colors. We put gulal on one another.
0.96	hin-ukg-swar-s05.mp3	This is ee, said ee. Say it with me.	This is E, said E. Say it with me.
0.96	hin-ukg-swar-s07.mp3	This is oo, said oo. Say it with me.	This is O said O. Say it with me.
0.96	math-nur-count-check-s04.mp3	Where is eighty six? Touch it.	Where is 86th? Touch it!
0.96	evs-ukg-national-symbols-s02.mp3	This is our national flag, the Tiranga. It is saffron, white and green, with the Ashoka Chakra in the middle.	This is our national flag, the Tyringa. It is Safran, white and green, with the Ashoka Chakra in the middle.
0.96	eng-nur-alphabets-s14.mp3	This is small ee.	This is small e.
0.96	eng-nur-alphabets-s15.mp3	ee for Elephant.	E for elephant
0.96	eng-nur-alphabets-s38.mp3	This is small em.	This is small m.
0.96	eng-nur-alphabets-s41.mp3	This is small en.	This is small n.
0.96	eng-nur-alphabets-s44.mp3	This is small oh.	This is small o.
0.96	eng-nur-alphabets-s53.mp3	This is small ar.	This is small r.
0.96	eng-nur-alphabets-s71.mp3	This is small ex.	This is small x.
0.96	gk-lkg-sports-equipment-s01.mp3	Playing games keeps us fit. Every game has its own equipment.	Playing games keeps this fit. Every game has its own equipment.
0.96	math-nur-count-51-100-s35.mp3	seventy eight.	Seventy-eighth
0.96	eng-nur-domestic-animals-s03.mp3	This is a buffalo. The buffalo gives us milk too.	This is a buffalo. The buffalo gives his milk too.
0.96	evs-nur-festivals-s04.mp3	On Makar Sankranti we fly kites.	On Makasangkranti we fly kites.
0.96	evs-ukg-india-culture-s02.mp3	We join our hands and say namaste.	We join our hands and say Namas.
0.96	evs-ukg-states-india-s04.mp3	Maharashtra is famous for its Alphonso mangoes.	Maharashtra is famous for its Alfonso mangoes.
0.96	school_office_s1.mp3	This is the office. Didi keeps the register here.	This is the office. Diddy keeps the register here.
0.96	evs-nur-good-habits-s05.mp3	We comb our hair.	We combo our hair.
0.96	evs-nur-good-habits-s08.mp3	We greet our elders, and we say, please, and thank you.	We greet our elders and we say peace and thank you.
0.96	evs-ukg-flowers-s05.mp3	This is a lotus. The lotus grows in water. It is our national flower.	This is our Lotus. The Lotus grows in water. It is our national flower.
0.96	hin-ukg-teen-akshar-s10.mp3	Together they make chamak, a shine.	Together they make chamik a shine.
0.96	evs-ukg-farm-visit-cow.mp3	This is a cow. She eats grass and gives us milk. Her baby is called a calf.	This is our cow. She eats grass and gives us milk. Her baby is called a calf.
0.97	eng-nur-alphabets-s13.mp3	This is capital ee.	This is capital E.
0.97	eng-nur-alphabets-s37.mp3	This is capital em.	This is capital M.
0.97	eng-nur-alphabets-s40.mp3	This is capital en.	This is capital N.
0.97	eng-nur-alphabets-s43.mp3	This is capital oh.	This is capital O.
0.97	eng-nur-alphabets-s52.mp3	This is capital ar.	This is capital R.
0.97	eng-nur-alphabets-s70.mp3	This is capital ex.	This is capital X.
0.97	evs-ukg-river-crossing-s01.mp3	This is a river. Water flows in the river. We want to get to the other side.	This is our river. Water flows in the river. We want to get to the other side.
0.97	eng-nur-insects-s06.mp3	This is a dragonfly. It flies near water.	This is a dragon fey. It flies near water.
0.97	evs-ukg-states-india-s03.mp3	Lions live in the Gir forest of Gujarat.	Lions live in the Gur forest of Gujarat.
0.97	hin-nur-vadya-yantra-s05.mp3	This is the flute. We blow into it to play.	This is the fluke. We blow into it to play.
0.97	math-ukg-compare-numbers-s06.mp3	five is equal to five.	Ive is equal to 5.
0.97	eng-nur-colors-s01.mp3	Look at these colours.	Look at these colors
0.97	eng-nur-colors-s06.mp3	Look at these colours.	Look at these colors
0.97	eng-lkg-transport-sort-s01.mp3	This is a car. Where does it go, on the road, on the water, or in the sky? Touch the right place.	This is our car. Where does it go on the road, on the water or in the sky? Touch the right place.
0.97	eng-lkg-transport-sort-s06.mp3	This is a ship. Where does it go, on the road, on the water, or in the sky? Touch the right place.	This is our ship. Where does it go on the road, on the water or in the sky? Touch the right place.
0.97	eng-ukg-phonics-s18.mp3	oh says oh. Say it with me.	Oh say so. Say it with me.
0.97	evs-ukg-farm-visit-hen.mp3	This is a hen. The hen pecks grain and lays eggs.	This is a hen. The hen picks grain and lays eggs.
0.97	hin-ukg-vyanjan-s13.mp3	Now look at the ta group.	Now look at the T group.
0.97	evs-ukg-dinosaur-park-s01.mp3	This is the dinosaur park. These are models of dinosaurs, they are not real. Dinosaurs lived a very, very long time ago. No dinosaur is alive today.	This is the dinosaur park. These are models of dinosaurs. They are not real. Dinosaur lived away very long time ago. No dinosaur is alive today.
0.97	chem_lab_s1.mp3	This is the chemistry lab. We do experiments here.	This is the chemistry lab. Do experiments here.
0.97	eng-lkg-hot-cold-s03.mp3	A pot off the stove is hot.	A pot of the stove is hot.
0.97	hin-ukg-vyanjan-s25.mp3	Now look at the pa group.	Now look at the pay group.
0.97	school_about.mp3	This is our school. We come here to learn and play.	This as our school, we come here to learn and play.
0.98	evs-ukg-germination-s06.mp3	A seed growing into a plant is called germination. Try sowing a seed yourself!	A seed growing into a plant is called germination. By sowing a seed yourself,
0.98	demo-water-s02.mp3	Reeds grow along the edge. Look across to the far bank.	Reads grow along the edge. Look across to the far bank.
0.98	eng-nur-elephant-story-s01.mp3	This is Appu. Appu is an elephant. He lives in the forest.	This is Apu. Apu is an elephant. He lives in the forest.
0.98	eng-nur-insects-s05.mp3	This is a ladybird. It has black spots on its red back.	This this a ladybird. It has black spots on its red back
0.98	solar_system_s3.mp3	Mercury is closest to the Sun. It is small and very hot.	Mertury is closest to the sun. It is small and very hot.
0.98	evs-ukg-dinosaur-park-s06.mp3	This is tee-Rex. It had very big teeth. It ate other animals.	This is T-Rex. It had very big teeth. It ate other animals.
0.98	hin-ukg-swar-s02.mp3	This is a, said a. Say it with me.	This is a said. Say it with me.
0.98	hin-ukg-swar-s04.mp3	This is i, said i. Say it with me.	This is I said. Say it with me.
0.98	eng-nur-bird-animal-sounds-cat.mp3	This is a cat. The cat says meow.	This is a cat. The cat says Mew.
0.98	evs-ukg-serpentarium-s03.mp3	This is a cobra. It spreads its hood. The cobra is poisonous.	This is a cobra. It spreads its wood. The cobra is poisonous.
0.98	math-lkg-odd-even-s04.mp3	four, even, every one has a pair.	For even everyone has a pair.
0.98	math-lkg-odd-even-s10.mp3	ten, even, every one has a pair.	Then, even, every one has a pair.
0.98	math-ukg-sub-single-s09.mp3	five take away one leaves four.	I've take away 1 leaves 4.
0.98	solar_system_s6.mp3	Mars is red because its dust is rusty. It has no water to drink.	Mask is red because its dust is rusty. It has no water to drink.
0.98	math-ukg-sub-single-s03.mp3	five take away two leaves three.	I've take away two leaves three.
0.98	hin-ukg-char-akshar-s08.mp3	Together they make ajagar, a python.	Together they make a jaga, a python.
0.98	evs-ukg-safe-touch-s03.mp3	If anyone touches you in a way that feels bad, or scary, or that hurts, that is an unsafe touch. Nobody may touch the parts of you that your clothes cover.	If anyone touches you in a way that feels bad, or scary, or that hurts, that is an unsive touch. Nobody may touch the parts of you that your clothes cover.
0.98	hin-ukg-char-akshar-s02.mp3	Together they make makasad, a purpose.	Together they make Makassad a purpose.
0.99	evs-ukg-india-culture-s03.mp3	In many places, people wear a turban on their head.	In many place, people wear a turban on their head.
0.99	school_tour_s1.mp3	Look around. This is our school and the houses near it.	Look around. This is our school and the house is near it.
0.99	eng-nur-insects-s04.mp3	This is a butterfly. The butterfly has colourful wings.	This is a butterfly. The butterfly has colorful wings.
0.99	evs-nur-rainbow-s04.mp3	It has seven colours. From the top, red, orange, yellow, green.	It has 7 colors. From the top, red, orange, yellow, green.
0.99	physics_lab_s3.mp3	The sloping board is a ramp. A ball rolls down it by itself.	The slopping board is a ramp. A ball rolls down it by itself.
0.99	evs-ukg-water-cycle-s02.mp3	The warm water turns into vapour and rises up, up into the sky.	The warm water turns into vapor and rises up, up into the sky.
0.99	eng-nur-elephant-story-s05.mp3	The deer was thirsty too. Appu filled his trunk and gave him water.	The deer was thirsty too. Apu filled his trunk and gave him water.
0.99	evs-ukg-flowers-s01.mp3	Flowers bloom on plants. Every flower has its own colour and its own smell.	Flowers bloom on plants. Every flower has its own color and its own smell.
1.00	chem_lab_s2.mp3	Look at the glass bottles on the shelf. We never touch them alone.	Look at the glass bottles on the shelf. We never touch them alone.
1.00	chem_lab_s3.mp3	The tall glasses in the stand are test tubes.	The tall glasses in the stand are test tubes.
1.00	demo-home-s02.mp3	The stove, the cupboard, the mats, all in one room.	The stove, the cupboard, the mats, all in one room.
1.00	demo-india-s01.mp3	This is our courtyard. In the middle is the wheel from our flag.	This is our courtyard. In the middle is the wheel from our flag.
1.00	demo-sky-s01.mp3	We are in the balloon. Look down, the ground is far below.	We are in the balloon. Look down, the ground is far below.
1.00	demo-sky-s02.mp3	The clouds are going past us. Turn your head and look all around.	The clouds are going past us. Turn your head and look all around.
1.00	demo-snow-s01.mp3	This is snow. Everything is white and quiet.	This is snow. Everything is white and quiet.
1.00	demo-snow-s02.mp3	Here is our tent, and here is the fire keeping us warm.	Here is our tent, and here is the fire keeping us warm.
1.00	demo-street-s01.mp3	This is a street, with shops on both sides.	This is a street with shops on both sides.
1.00	demo-street-s02.mp3	A shop, a clinic, a post office and a bank.	A shop, a clinic, a post office and a bank.
1.00	demo-water-s01.mp3	This is a pond. Watch the water moving.	This is a pond. Watch the water moving.
1.00	elephant.mp3	This is an elephant.	This is an elephant.
1.00	elephant_about.mp3	This is an elephant. The elephant is very big.	This is an elephant. The elephant is very big.
1.00	eng-lkg-animal-products-s01.mp3	Animals give us many things. Let us see who gives us what.	Animals give us many things. Let us see who gives us what.
1.00	eng-lkg-animal-products-s04.mp3	This is a hen.	This is a hen.
1.00	eng-lkg-animal-products-s09.mp3	The bee collects nectar from flowers.	The bee collects nectar from flowers.
1.00	eng-lkg-animal-products-s10.mp3	The bee gives us honey.	The bee gives us honey.
1.00	eng-lkg-animal-sound-names-s01.mp3	Every animal sound has a name.	Every animal sound has a name.
1.00	eng-lkg-days-week-s01.mp3	There are seven days in a week. The first is Monday.	There are seven days in a week. The first is Monday.
1.00	eng-lkg-days-week-s02.mp3	After Monday comes Tuesday.	After Monday comes Tuesday.
1.00	eng-lkg-days-week-s03.mp3	After Tuesday comes Wednesday.	After Tuesday comes Wednesday.
1.00	eng-lkg-days-week-s04.mp3	After Wednesday comes Thursday.	After Wednesday comes Thursday.
1.00	eng-lkg-days-week-s05.mp3	After Thursday comes Friday.	After Thursday comes Friday.
1.00	eng-lkg-days-week-s06.mp3	After Friday comes Saturday.	After Friday comes Saturday.
1.00	eng-lkg-days-week-s07.mp3	After Saturday comes Sunday.	After Saturday comes Sunday.
1.00	eng-lkg-days-week-s08.mp3	Monday to Sunday, that is the whole week.	Monday to Sunday, that is the whole week.
1.00	eng-lkg-hot-cold-s02.mp3	Ice cream is cold.	Ice cream is cold.
1.00	eng-lkg-hot-cold-s04.mp3	An ice lolly is cold.	A nice lolly is cold.
1.00	eng-lkg-in-on-under-s01.mp3	The red ball is on the table.	The red ball is on the table.
1.00	eng-lkg-in-on-under-s02.mp3	The blue ball is under the table.	The blue ball is under the table.
1.00	eng-lkg-in-on-under-s03.mp3	The yellow ball is in the tub.	The yellow ball is in the tub.
1.00	eng-lkg-months-year-s01.mp3	There are twelve months in a year. The first is January.	There are 12 months in a year. The first is January.
1.00	eng-lkg-months-year-s02.mp3	Then February.	Then February
1.00	eng-lkg-months-year-s04.mp3	Then April.	Then April
1.00	eng-lkg-months-year-s06.mp3	Then June.	Then June.
1.00	eng-lkg-months-year-s08.mp3	Then August.	Then, August.
1.00	eng-lkg-months-year-s09.mp3	Then September.	Then September
1.00	eng-lkg-months-year-s10.mp3	Then October.	Then October
1.00	eng-lkg-months-year-s11.mp3	Then November.	Then November
1.00	eng-lkg-months-year-s12.mp3	Then December.	Then December
1.00	eng-lkg-months-year-s13.mp3	January to December, that is the whole year.	January to December that is the whole year
1.00	eng-lkg-myself-s02.mp3	This is my mother.	This is my mother.
1.00	eng-lkg-myself-s03.mp3	This is my father.	This is my father.
1.00	eng-lkg-myself-s04.mp3	This is my brother, Raju.	This is my brother, Raju.
1.00	eng-lkg-myself-s05.mp3	This is my home. I live here with my family.	This is my home. I live here with my family.
1.00	eng-lkg-myself-s06.mp3	Now you tell us, what is your name? How old are you?	Now you tell us, what is your name? How old are you?
1.00	eng-lkg-three-letter-words-s02.mp3	Together they spell cat, a cat.	Together they spell cat, a cat.
1.00	eng-lkg-three-letter-words-s04.mp3	Together they spell dog, a dog.	Together they spell dog, a dog.
1.00	eng-lkg-three-letter-words-s06.mp3	Together they spell sun, the sun.	Together they spell Sun, the Sun.
1.00	eng-lkg-three-letter-words-s08.mp3	Together they spell cup, a cup.	Together they spell cup, a cup.
1.00	eng-lkg-three-letter-words-s12.mp3	Together they spell bus, a bus.	Together they spell bus, a bus.
1.00	eng-lkg-transport-sort-s02.mp3	This is a boat. Where does it go, on the road, on the water, or in the sky? Touch the right place.	This is a boat. Where does it go on the road, on the water or in the sky? Touch the right place.
1.00	eng-lkg-transport-sort-s03.mp3	This is an aeroplane. Where does it go, on the road, on the water, or in the sky? Touch the right place.	This is an aeroplane. Where does it go on the road, on the water or in the sky? Touch the right place.
1.00	eng-lkg-transport-sort-s04.mp3	This is a bus. Where does it go, on the road, on the water, or in the sky? Touch the right place.	This is a bus. Where does it go on the road, on the water or in the sky? Touch the right place.
1.00	eng-lkg-transport-sort-s05.mp3	This is a helicopter. Where does it go, on the road, on the water, or in the sky? Touch the right place.	This is a helicopter. Where does it go on the road, on the water or in the sky? Touch the right place.
1.00	eng-lkg-transport-types-s01.mp3	How do we go from one place to another? By transport! Some go on the road, some on water, and some in the sky.	How do we go from one place to another? By transport. Some go on the road, some on water, and some in the sky.
1.00	eng-lkg-transport-types-s02.mp3	These go on the road.	These go on the road.
1.00	eng-lkg-transport-types-s03.mp3	This is a car.	This is a car.
1.00	eng-lkg-transport-types-s07.mp3	This is an auto.	This is an auto.
1.00	eng-lkg-transport-types-s08.mp3	These go on the water.	These go on the water.
1.00	eng-lkg-transport-types-s09.mp3	This is a boat.	This is a boat.
1.00	eng-lkg-transport-types-s11.mp3	This is a sailboat.	This is a sailboat.
1.00	eng-lkg-transport-types-s12.mp3	These fly in the sky.	These fly in the sky.
1.00	eng-lkg-transport-types-s13.mp3	This is an aeroplane.	This is an aeroplane.
1.00	eng-lkg-transport-types-s14.mp3	This is a helicopter.	This is a helicopter.
1.00	eng-lkg-transport-types-s15.mp3	This is a rocket.	This is a rocket
1.00	eng-lkg-two-letter-words-s02.mp3	Together they spell in, in.	Together they spell in, in.
1.00	eng-lkg-two-letter-words-s04.mp3	Together they spell on, on.	Together they spell on, on.
1.00	eng-lkg-two-letter-words-s06.mp3	Together they spell up, up.	Together they spell up, up.
1.00	eng-lkg-two-letter-words-s08.mp3	Together they spell go, go.	Together they spell go, go.
1.00	eng-lkg-two-letter-words-s10.mp3	Together they spell no, no.	Together they spell no, no.
1.00	eng-lkg-two-letter-words-s12.mp3	Together they spell we, we.	Together they spell we, we.
1.00	eng-nur-alphabets-s63.mp3	you for Umbrella.	You for umbrella.
1.00	eng-nur-animal-sounds-s01.mp3	Every animal has its own sound. Look at one, and listen.	Every animal has its own sound. Look at one and listen.
1.00	eng-nur-animal-sounds-s03.mp3	Now find the hen.	Now find the hen.
1.00	eng-nur-animals-check-s02.mp3	Which of these is a wild animal?	Which of these is a wild animal?
1.00	eng-nur-animals-check-s03.mp3	Which of these is a domestic animal? It lives with us.	Which of these is a domestic animal? It lives with us.
1.00	eng-nur-animals-check-s04.mp3	Which of these lives in the sea?	Which of these lives in the sea?
1.00	eng-nur-animals-check-s05.mp3	Which of these lives in the forest?	Which of these lives in the forest?
1.00	eng-nur-bird-animal-sounds-dog.mp3	This is a dog. The dog says woof, woof.	This is a dog. The dog says woof woof.
1.00	eng-nur-bird-animal-sounds-duck.mp3	This is a duck. The duck says quack, quack.	This is a duck. The duck says quack, quack.
1.00	eng-nur-bird-animal-sounds-parrot.mp3	This is a parrot. The parrot squawks.	This is a parrot. The parrot squawks.
1.00	eng-nur-bird-animal-sounds-s01.mp3	Every bird and animal has its own voice. Look at one, and listen.	Every bird and animal has its own voice. Look at one and listen.
1.00	eng-nur-bird-animal-sounds-s02.mp3	What does the crow say? Find it and see.	What does the crow say? Find it and see.
1.00	eng-nur-birds-s01.mp3	These are birds. Birds have wings, and they fly.	These are birds. Birds have wings and they fly.
1.00	eng-nur-birds-s02.mp3	This is a crow. The crow is black.	This is a crow. The crow is black.
1.00	eng-nur-birds-s03.mp3	This is a sparrow. It is a little bird.	This is a sparrow. It is a little bird.
1.00	eng-nur-birds-s04.mp3	This is a pigeon.	This is a pigeon.
1.00	eng-nur-birds-s05.mp3	This is a parrot. The parrot has bright feathers.	This is a parrot. The parrot has bright feathers.
1.00	eng-nur-birds-s06.mp3	This is a peacock. The peacock is our national bird.	This is a peacock. The peacock is our national bird.
1.00	eng-nur-birds-s07.mp3	This is an owl. The owl is awake at night.	This is an owl. The owl is awake at night.
1.00	eng-nur-birds-s08.mp3	This is a duck. The duck swims in water.	This is a duck. The duck swims in water.
1.00	eng-nur-birds-s09.mp3	This is an eagle. The eagle flies very high.	This is an eagle. The eagle flies very high.
1.00	eng-nur-colors-check-s01.mp3	Which one is blue? Touch it.	Which one is blue? Touch it.
1.00	eng-nur-colors-check-s02.mp3	Which one is pink? Touch it.	Which one is pink? Touch it!
1.00	eng-nur-colors-s03.mp3	This is blue.	This is blue.
1.00	eng-nur-colors-s04.mp3	This is yellow.	This is yellow.
1.00	eng-nur-colors-s05.mp3	This is green.	This is green.
1.00	eng-nur-colors-s07.mp3	This is orange.	This is orange.
1.00	eng-nur-colors-s09.mp3	This is pink.	This is pink.
1.00	eng-nur-colors-s10.mp3	This is brown.	This is brown
1.00	eng-nur-domestic-animals-s01.mp3	These are domestic animals. They live with us, at our homes and farms.	These are domestic animals. They live with us at our homes and farms.
1.00	eng-nur-domestic-animals-s05.mp3	This is a goat.	This is a goat.
1.00	eng-nur-domestic-animals-s08.mp3	This is a cat.	This is a cat.
1.00	eng-nur-domestic-animals-s09.mp3	And this is a hen. The hen lays eggs.	And this is a hen The hen lays eggs
1.00	eng-nur-elephant-story-s02.mp3	One day it was very hot. The sun was shining brightly. Appu was very thirsty.	One day, it was very hot. The sun was shining brightly. Appu was very thirsty.
1.00	eng-nur-elephant-story-s03.mp3	Appu asked his friend the monkey, where is the water? The monkey said, the pond is that way!	Appu asked his friend the monkey, where is the water? The monkey said, the pond is that way.
1.00	eng-nur-elephant-story-s04.mp3	Appu went to the pond. He drank and drank with his long trunk.	Appu went to the pond. He drank and drank with his long trunk.
1.00	eng-nur-elephant-story-s06.mp3	Appu was happy. Helping our friends is a good thing to do.	Appu was happy. Helping our friends is a good thing to do.
1.00	eng-nur-find-shapes-s01.mp3	A circle is hiding in the room. Find it and touch it.	A circle is hiding in the room. Find it and touch it.
1.00	eng-nur-find-shapes-s02.mp3	A square is hiding in the room. Find it and touch it.	A square is hiding in the room. Find it and touch it.
1.00	eng-nur-find-shapes-s04.mp3	A star is hiding in the room. Find it and touch it.	A star is hiding in the room. Find it and touch it.
1.00	eng-nur-find-shapes-s05.mp3	A rectangle is hiding in the room. Find it and touch it.	A rectangle is hiding in the room. Find it and touch it.
1.00	eng-nur-fruits-s01.mp3	Look at these fruits.	Look at these fruits.
1.00	eng-nur-fruits-s02.mp3	This is an apple.	This is an apple.
1.00	eng-nur-fruits-s03.mp3	This is a banana.	This is a banana.
1.00	eng-nur-fruits-s04.mp3	This is an orange.	This is an orange.
1.00	eng-nur-fruits-s06.mp3	Look at these fruits.	Look at these fruits.
1.00	eng-nur-fruits-s09.mp3	This is a strawberry.	This is a strawberry.
1.00	eng-nur-fruits-s10.mp3	This is a watermelon.	This is a watermelon.
1.00	eng-nur-insects-s01.mp3	These are insects. Insects are very small, here we have made them big so you can see. Count, every insect has six legs.	These are insects. Insects are very small. Here we have made them big so you can see. Count every insect has 6 legs.
1.00	eng-nur-insects-s02.mp3	This is an ant. The ant works very hard.	This is an ant. The ant works very hard.
1.00	eng-nur-insects-s03.mp3	This is a bee. The bee makes honey.	This is a bee. The bee makes honey.
1.00	eng-nur-insects-s07.mp3	This is a grasshopper. The grasshopper jumps high.	This is a grasshopper. The grasshopper jumps high.
1.00	eng-nur-shapes-check-s01.mp3	Which one is the triangle? Touch it.	Which one is the triangle? Touch it
1.00	eng-nur-shapes-check-s02.mp3	Which one is the circle? Touch it.	Which one is the circle? Touch it.
1.00	eng-nur-shapes-check-s03.mp3	Which one is the star? Touch it.	Which one is the star? Touch it.
1.00	eng-nur-shapes-s03.mp3	This is a square.	This is a square.
1.00	eng-nur-shapes-s05.mp3	This is a rectangle.	This is a rectangle.
1.00	eng-nur-shapes-s07.mp3	This is a oval.	This is a oval.
1.00	eng-nur-vegetables-s01.mp3	Look at these vegetables.	Look at these vegetables.
1.00	eng-nur-vegetables-s02.mp3	This is a carrot.	This is a carrot.
1.00	eng-nur-vegetables-s04.mp3	This is an onion.	This is an onion.
1.00	eng-nur-vegetables-s06.mp3	Look at these vegetables.	Look at these vegetables.
1.00	eng-nur-vegetables-s07.mp3	This is a cabbage.	This is a cabbage.
1.00	eng-nur-vegetables-s09.mp3	This is a brinjal.	This is a brinjal.
1.00	eng-nur-vegetables-s10.mp3	This is a pumpkin.	This is a pumpkin.
1.00	eng-nur-water-animals-s01.mp3	We are under the sea. So many animals live here in the water.	We are under the sea. So many animals live here in the water.
1.00	eng-nur-water-animals-s02.mp3	This is a fish. The fish swims in the water.	This is a fish. The fish swims in the water.
1.00	eng-nur-water-animals-s03.mp3	This is a turtle. The turtle has a hard shell on its back.	This is a turtle. The turtle has a hard shell on its back.
1.00	eng-nur-water-animals-s04.mp3	This is a dolphin. The dolphin is very clever.	This is a dolphin. The dolphin is very clever.
1.00	eng-nur-water-animals-s05.mp3	Look far away, that is a whale. The whale is the biggest animal of all.	Look far away, that is a whale. The whale is the biggest animal of all.
1.00	eng-nur-water-animals-s06.mp3	This is an octopus. It has eight arms.	This is an octopus. It has eight arms.
1.00	eng-nur-water-animals-s07.mp3	This is a crab. The crab walks sideways.	This is a crab. The crab walks sideways.
1.00	eng-nur-water-animals-s08.mp3	This is a starfish. It looks like a star.	This is a starfish. It looks like a star.
1.00	eng-nur-wild-animal-traits-s01.mp3	Every wild animal has something special. Let us look.	Every wild animal has something special. Let us look.
1.00	eng-nur-wild-animal-traits-s02.mp3	The giraffe has a very long neck. It eats leaves from the tallest trees.	The giraffe has a very long neck. It eats leaves from the tallest trees.
1.00	eng-nur-wild-animal-traits-s03.mp3	The elephant has a long trunk. It drinks water with its trunk.	The elephant has a long trunk. It drinks water with its trunk.
1.00	eng-nur-wild-animal-traits-s04.mp3	The zebra has black and white stripes.	The zebra has black and white stripes.
1.00	eng-nur-wild-animal-traits-s05.mp3	The lion has thick hair round its neck. It is called a mane.	The lion has thick hair round its neck. It is called a mane.
1.00	eng-nur-wild-animals-s01.mp3	This is the forest. Wild animals live here.	This is the forest. Wild animals live here.
1.00	eng-nur-wild-animals-s03.mp3	This is a tiger. The tiger has stripes.	This is a tiger. The tiger has stripes.
1.00	eng-nur-wild-animals-s04.mp3	This is an elephant. The elephant is very big.	This is an elephant. The elephant is very big.
1.00	eng-nur-wild-animals-s08.mp3	This is a deer. The deer runs very fast.	This is a deer. The deer runs very fast.
1.00	eng-nur-wild-animals-s09.mp3	And this is a monkey. The monkey lives in the trees.	And this is a monkey. The monkey lives in the trees.
1.00	eng-ukg-behind-front-s01.mp3	Here is a rock, and here is a hen.	Here is a rock and here is a hen.
1.00	eng-ukg-behind-front-s02.mp3	The hen is in front of the rock.	The hen is in front of the rock.
1.00	eng-ukg-behind-front-s03.mp3	Now look at this one.	Now look at this one.
1.00	eng-ukg-behind-front-s04.mp3	The hen is behind the rock.	The hen is behind the rock.
1.00	eng-ukg-behind-front-s05.mp3	In front, and behind. Remember them.	In front and behind. Remember them.
1.00	eng-ukg-phonics-s01.mp3	Now look at these letters.	Now look at these letters.
1.00	eng-ukg-phonics-s07.mp3	Now look at these letters.	Now look at these letters.
1.00	eng-ukg-phonics-s13.mp3	Now look at these letters.	Now look at these letters.
1.00	eng-ukg-phonics-s19.mp3	Now look at these letters.	Now look at these letters.
1.00	eng-ukg-phonics-s25.mp3	Now look at these letters.	Now look at these letters.
1.00	eng-ukg-phonics-s31.mp3	Now look at these letters.	Now look at these letters.
1.00	evs-lkg-animal-babies-s01.mp3	Every animal has a baby. Let us see whose baby is whose.	Every animal has a baby. Let us see whose baby is whose.
1.00	evs-lkg-animal-babies-s03.mp3	And this is her baby, a calf.	And this is her baby, a calf.
1.00	evs-lkg-animal-babies-s06.mp3	This is a dog.	This is a dog.
1.00	evs-lkg-animal-babies-s07.mp3	And this is her baby, a puppy.	And this is her baby, a puppy.
1.00	evs-lkg-animal-babies-s08.mp3	This is a cat.	This is a cat.
1.00	evs-lkg-animal-babies-s09.mp3	And this is her baby, a kitten.	And this is her baby, a kitten.
1.00	evs-lkg-animal-babies-s10.mp3	This is a hen.	This is a hen.
1.00	evs-lkg-animal-babies-s11.mp3	And this is her baby, a chick.	And this is her baby, a chick.
1.00	evs-lkg-animal-food-s01.mp3	Everybody gets hungry, animals too. Let us see who eats what.	Everybody gets hungry, animals too. Let us see who eats what.
1.00	evs-lkg-animal-food-s04.mp3	This is a hen.	This is a hen.
1.00	evs-lkg-animal-food-s06.mp3	This is a dog.	This is a dog.
1.00	evs-lkg-animal-food-s08.mp3	This is a cat.	This is a cat.
1.00	evs-lkg-animal-food-s09.mp3	The cat drinks milk.	The cat drinks milk.
1.00	evs-lkg-animal-food-s10.mp3	This is a monkey.	This is a monkey.
1.00	evs-lkg-animal-footprints-s01.mp3	Whose footprints are these on the ground?	Whose footprints are these on the ground?
1.00	evs-lkg-animal-footprints-s02.mp3	The cow made them!	The cow made them.
1.00	evs-lkg-animal-footprints-s03.mp3	Whose footprints are these on the ground?	Whose footprints are these on the ground?
1.00	evs-lkg-animal-footprints-s04.mp3	The horse made them!	The horse made them.
1.00	evs-lkg-animal-footprints-s05.mp3	Whose footprints are these on the ground?	Whose footprints are these on the ground?
1.00	evs-lkg-animal-footprints-s07.mp3	Whose footprints are these on the ground?	Whose footprints are these on the ground?
1.00	evs-lkg-animal-footprints-s08.mp3	The elephant made them!	The elephant made them.
1.00	evs-lkg-animal-habitats-s01.mp3	We live in a house. Animals have homes too. Let us see who lives where.	We live in a house. Animals have homes too. Let us see who lives where.
1.00	evs-lkg-animal-habitats-s03.mp3	The sparrow lives in a nest.	The sparrow lives in a nest.
1.00	evs-lkg-animal-habitats-s04.mp3	This is a dog.	This is a dog.
1.00	evs-lkg-animal-habitats-s05.mp3	The dog lives in a kennel.	The dog lives in a kennel.
1.00	evs-lkg-animal-habitats-s07.mp3	The bee lives in a hive.	The bee lives in a hive.
1.00	evs-lkg-animal-habitats-s09.mp3	The lion lives in a den.	The lion lives in a den.
1.00	evs-lkg-animal-habitats-s11.mp3	The cow lives in a shed.	The cow lives in a shed.
1.00	evs-lkg-body-parts-s01.mp3	This is our body. Let us learn the names of its parts.	This is our body. Let us learn the names of its parts.
1.00	evs-lkg-body-parts-s02.mp3	This is the head.	This is the head.
1.00	evs-lkg-body-parts-s03.mp3	This is the hair.	This is the hair.
1.00	evs-lkg-body-parts-s04.mp3	These are the eyes. We see with our eyes.	These are the eyes. We see with our eyes.
1.00	evs-lkg-body-parts-s05.mp3	These are the ears. We hear with our ears.	These are the ears. We hear with our ears.
1.00	evs-lkg-body-parts-s06.mp3	This is the nose. We smell with our nose.	This is the nose. We smell with our nose.
1.00	evs-lkg-body-parts-s07.mp3	This is the mouth. We eat and speak with our mouth.	This is the mouth. We eat and speak with our mouth.
1.00	evs-lkg-body-parts-s08.mp3	These are the hands. We do our work with our hands.	These are the hands. We do our work with our hands.
1.00	evs-lkg-body-parts-s09.mp3	This is the tummy.	This is the tummy.
1.00	evs-lkg-body-parts-s10.mp3	These are the legs. We walk with our legs.	These are the legs. We walk with our legs.
1.00	evs-lkg-body-parts-s11.mp3	These are the feet.	These are the feet.
1.00	evs-lkg-body-parts-s12.mp3	Now touch your own nose! Now touch your ears!	Now touch your own nose. Now touch your ears.
1.00	evs-lkg-community-helpers-s01.mp3	These are our community helpers. Every one of them helps us.	These are our community helpers. Every one of them helps us.
1.00	evs-lkg-community-helpers-s02.mp3	This is a doctor. When we are ill, the doctor makes us well.	This is a doctor. When we are ill, the doctor makes us well.
1.00	evs-lkg-community-helpers-s04.mp3	This is a police officer. The police keep us safe.	This is a police officer. The police keep us safe.
1.00	evs-lkg-community-helpers-s05.mp3	This is a farmer. The farmer grows our food.	This is a farmer. The farmer grows our food.
1.00	evs-lkg-community-helpers-s06.mp3	This is a firefighter. Firefighters put out fires.	This is a firefighter. Firefighters put out fires.
1.00	evs-lkg-community-helpers-s07.mp3	This is a postman. The postman brings our letters.	This is a postman. The postman brings our letters.
1.00	evs-lkg-community-helpers-s08.mp3	When they help us, we say, thank you!	When they help us, we say, thank you.
1.00	evs-lkg-house-parts-s01.mp3	This is a house. A house has many parts.	This is a house. A house has many parts.
1.00	evs-lkg-house-parts-s02.mp3	These are the walls. They hold the house up.	These are the walls. They hold the house up.
1.00	evs-lkg-house-parts-s03.mp3	This is the roof. It keeps off the sun and the rain.	This is the roof. It keeps off the sun and the rain.
1.00	evs-lkg-house-parts-s04.mp3	This is the door. We go in through it.	This is the door. We go in through it.
1.00	evs-lkg-house-parts-s05.mp3	This is the window. It lets in air and light.	This is the window. It lets in air and light.
1.00	evs-lkg-house-parts-s06.mp3	And these are the steps.	And these are the steps.
1.00	evs-lkg-market-s01.mp3	This is the market. This is where we buy things.	This is the market. This is where we buy things.
1.00	evs-lkg-market-s02.mp3	This is the fruit shop.	This is the fruit shop
1.00	evs-lkg-market-s05.mp3	and oranges.	And oranges.
1.00	evs-lkg-market-s06.mp3	This is the vegetable shop.	This is the vegetable shop.
1.00	evs-lkg-market-s07.mp3	Here there are tomatoes.	Here there are tomatoes.
1.00	evs-lkg-professions-s01.mp3	Everybody has a job to do, and every job has its own tools.	Everybody has a job to do and every job has its own tools.
1.00	evs-lkg-professions-s02.mp3	This is a doctor.	This is a doctor.
1.00	evs-lkg-professions-s03.mp3	The doctor listens to our heartbeat with a stethoscope.	The doctor listens to our heartbeat with a stethoscope.
1.00	evs-lkg-professions-s05.mp3	The teacher teaches from a book.	The teacher teaches from a book.
1.00	evs-lkg-professions-s06.mp3	This is a postman.	This is a postman.
1.00	evs-lkg-professions-s07.mp3	The postman brings letters.	The postman brings letters.
1.00	evs-lkg-professions-s08.mp3	This is a farmer.	This is a farmer
1.00	evs-lkg-professions-s10.mp3	This is a firefighter.	This is a firefighter.
1.00	evs-lkg-professions-s11.mp3	The firefighter goes to put out fires in a fire engine.	The firefighter goes to put out fires in a fire engine.
1.00	evs-lkg-special-vehicles-s01.mp3	Some vehicles do a special job. Let us look at them.	Some vehicles do a special job. Let us look at them.
1.00	evs-lkg-special-vehicles-s02.mp3	This is a police car. The police come in it to help us.	This is a police car. The police come in it to help us.
1.00	evs-lkg-special-vehicles-s03.mp3	This is an ambulance. It takes sick people to hospital quickly.	This is an ambulance. It takes sick people to hospital quickly.
1.00	evs-lkg-special-vehicles-s04.mp3	This is a fire engine. It goes to put out fires.	This is a fire engine. It goes to put out fires.
1.00	evs-lkg-special-vehicles-s05.mp3	This is a school bus. It takes children to school.	This is a school bus. It takes children to school.
1.00	evs-lkg-special-vehicles-s06.mp3	And this is a bulldozer. It pushes earth and helps to build roads.	And this is a bulldozer. It pushes earth and helps to build roads.
1.00	evs-nur-festivals-s01.mp3	Festivals are happy days. We all celebrate them together.	Festivals are happy days. We all celebrate them together.
1.00	evs-nur-festivals-s06.mp3	At Christmas we decorate a Christmas tree.	At Christmas we decorate a Christmas tree.
1.00	evs-nur-festivals-s07.mp3	and we give each other gifts.	And we give each other gifts.
1.00	evs-nur-festivals-s09.mp3	Which festivals do you celebrate at your home?	Which festivals do you celebrate at your home?
1.00	evs-nur-good-habits-s01.mp3	Good habits keep us healthy and happy.	Good habits keep us healthy and happy.
1.00	evs-nur-good-habits-s02.mp3	We brush our teeth every morning and every night.	We brush our teeth every morning and every night.
1.00	evs-nur-good-habits-s03.mp3	We wash our hands with soap before we eat and after the toilet.	We wash our hands with soap before we eat and after the toilet.
1.00	evs-nur-good-habits-s04.mp3	We take a bath every day and dry ourselves with a towel.	We take a bath every day and dry ourselves with a towel.
1.00	evs-nur-good-habits-s06.mp3	We eat fruit and vegetables.	We eat fruit and vegetables.
1.00	evs-nur-good-habits-s07.mp3	and we drink our milk.	And we drink our milk.
1.00	evs-nur-rainbow-s01.mp3	First, it rained.	First, it rained.
1.00	evs-nur-rainbow-s02.mp3	Then the sun came out.	Then the sun came out.
1.00	evs-nur-rainbow-s03.mp3	And look, a rainbow!	And look, a rainbow.
1.00	evs-nur-rainbow-s05.mp3	blue, indigo and violet.	Blue, indigo and violet.
1.00	evs-nur-school-visit-s02.mp3	Look at the big school building. We come here to learn and to play.	Look at the big school building. We come here to learn and to play.
1.00	evs-ukg-balloon-ride-s01.mp3	We are in a hot air balloon. Look down over the edge of the basket.	We are in a hot air balloon. Look down over the edge of the basket.
1.00	evs-ukg-balloon-ride-s02.mp3	Down below, a river, fields and houses. How tiny they look from up here!	Down below, a river, fields and houses. How tiny they look from up here.
1.00	evs-ukg-balloon-ride-s03.mp3	Look, another balloon is flying over there.	Look another balloon is flying over there
1.00	evs-ukg-balloon-ride-s04.mp3	The clouds are right beside us.	The clouds are right beside us.
1.00	evs-ukg-balloon-ride-s05.mp3	And up above, the sun is shining.	And up above, the sun is shining.
1.00	evs-ukg-dinosaur-park-s02.mp3	This is Triceratops. It had three horns. It ate plants.	This is triceratops. It had three horns. It ate plants.
1.00	evs-ukg-dinosaur-park-s03.mp3	This is Stegosaurus. It had big plates along its back.	This is stegosaurus. It had big plates along its back.
1.00	evs-ukg-dinosaur-park-s05.mp3	This is Apatosaurus. It had a very long neck. It was one of the biggest dinosaurs of all.	This is Apatosaurus. It had a very long neck. It was one of the biggest dinosaurs of all.
1.00	evs-ukg-farm-visit-dog.mp3	This is a dog. The dog guards the farm.	This is a dog. The dog guards the farm.
1.00	evs-ukg-farm-visit-donkey.mp3	This is a donkey. The donkey carries loads.	This is a donkey. The donkey carries loads.
1.00	evs-ukg-farm-visit-duck.mp3	This is a duck. The duck swims in the pond.	This is a duck. The duck swims in the pond.
1.00	evs-ukg-farm-visit-goat.mp3	This is a goat. The goat eats leaves and gives milk.	This is a goat. The goat eats leaves and gives milk.
1.00	evs-ukg-farm-visit-s01.mp3	We have come to the farm. Look all around. Look at an animal, and it will tell you about itself.	We have come to the farm. Look all around. Look at an animal and it will tell you about itself.
1.00	evs-ukg-farm-visit-s03.mp3	Who lays eggs? And who gives us wool?	Who lays eggs? And who gives us wool?
1.00	evs-ukg-farm-visit-sheep.mp3	This is a sheep. Wool is made from the sheeps coat.	This is a sheep. Wool is made from the sheep's coat.
1.00	evs-ukg-flowers-s02.mp3	This is a rose. The rose has thorns. It smells lovely.	This is a rose. The rose has thorns. It smells lovely.
1.00	evs-ukg-flowers-s03.mp3	This is a sunflower. It turns its face to the sun.	This is a sunflower. It turns its face to the sun.
1.00	evs-ukg-flowers-s04.mp3	This is a marigold. We make garlands from marigolds.	This is a marigold. We make garlands from marigolds.
1.00	evs-ukg-flowers-s06.mp3	This is a hibiscus. It is deep red.	This is a hibiscus. It is deep red.
1.00	evs-ukg-flowers-s07.mp3	This is jasmine. These little white flowers smell very sweet.	This is jasmine. These little white flowers smell very sweet.
1.00	evs-ukg-flowers-s08.mp3	Flowers look best on the plant. We do not pluck them for no reason.	Flowers look best on the plant. We do not pluck them for no reason.
1.00	evs-ukg-germination-s02.mp3	The seed drinks water and swells. A tiny root comes out and grows down.	The seed drinks water and swells. A tiny root comes out and grows down.
1.00	evs-ukg-germination-s03.mp3	Now a shoot grows upward and peeps out of the soil.	Now a shoot grows upward and peeps out of the soil.
1.00	evs-ukg-germination-s04.mp3	Two little leaves open on the shoot. This is a seedling.	Two little leaves open on the shoot. This is a seedling.
1.00	evs-ukg-germination-s05.mp3	With sunlight and water, it grows into a big plant.	With sunlight and water, it grows into a big plant.
1.00	evs-ukg-india-culture-s01.mp3	Many kinds of people live in India. Each has their own language, their own dress and their own festivals.	Many kinds of people live in India. Each has their own language, their own dress and their own festivals.
1.00	evs-ukg-india-culture-s06.mp3	At festivals we draw a rangoli in the courtyard.	At festivals we draw a rangoli in the courtyard.
1.00	evs-ukg-india-culture-s08.mp3	We are all different, and still we are one. We are all Indian.	We are all different and still we are one. We are all Indian.
1.00	evs-ukg-national-symbols-s01.mp3	Our country is India. Every country has its own national symbols.	Our country is India. Every country has its own national symbols.
1.00	evs-ukg-national-symbols-s03.mp3	The tiger is our national animal.	The tiger is our national animal.
1.00	evs-ukg-national-symbols-s04.mp3	The peacock is our national bird.	The peacock is our national bird.
1.00	evs-ukg-national-symbols-s05.mp3	The lotus is our national flower.	The Lotus is our national flower.
1.00	evs-ukg-national-symbols-s06.mp3	The mango is our national fruit.	The mango is our national fruit.
1.00	evs-ukg-national-symbols-s08.mp3	When the national anthem plays, we stand up straight. Jai Hind!	When the national anthem plays, we stand up straight. Jai Hind
1.00	evs-ukg-places-of-worship-s01.mp3	People pray in different places. Let us look at them.	People pray in different places. Let us look at them.
1.00	evs-ukg-places-of-worship-s06.mp3	Everyones place of prayer is different, and we respect every one of them.	Everyone's place of prayer is different, and we respect every one of them.
1.00	evs-ukg-plant-parts-s01.mp3	This is a plant. It grows in the soil. Let us look at its parts.	This is a plant. It grows in the soil. Let us look at its parts.
1.00	evs-ukg-plant-parts-s02.mp3	These are the roots. Roots grow under the soil. They drink water and hold the plant firm.	These are the roots. Roots grow under the soil. They drink water and hold the plant firm.
1.00	evs-ukg-plant-parts-s03.mp3	This is the stem. The stem holds the plant up and carries water to the top.	This is the stem. The stem holds the plant up and carries water to the top.
1.00	evs-ukg-plant-parts-s04.mp3	These are the leaves. Leaves make food for the plant from sunlight.	These are the leaves. Leaves make food for the plant from sunlight.
1.00	evs-ukg-plant-parts-s05.mp3	This is the flower. The flower turns into a fruit.	This is the flower. The flower turns into a fruit.
1.00	evs-ukg-plant-parts-s06.mp3	This is the fruit. Inside the fruit are the seeds.	This is the fruit. Inside the fruit are the seeds.
1.00	evs-ukg-plant-parts-s07.mp3	A plant needs water, sunlight and air to grow.	A plant needs water, sunlight and air to grow.
1.00	evs-ukg-river-crossing-s02.mp3	A river is deep, and the water runs fast. We never, ever step into a river on our own.	A river is deep and the water runs fast. We never ever step into a river on our own.
1.00	evs-ukg-river-crossing-s03.mp3	This is a bridge. Walking over a bridge is the safest way to cross.	This is a bridge. Walking over a bridge is the safest way to cross.
1.00	evs-ukg-river-crossing-s04.mp3	This is a boat. We can cross the river by boat too.	This is a boat. We can cross the river by boat too.
1.00	evs-ukg-river-crossing-s05.mp3	but always with a grown-up, and always doing what the boatman says.	But always with a grown-up and always doing what the boatman says.
1.00	evs-ukg-river-crossing-s06.mp3	In a boat we stay sitting down, and we keep our hands out of the water.	In a boat we stay sitting down and we keep our hands out of the water.
1.00	evs-ukg-safe-touch-s01.mp3	This is Meena. Meenas body belongs to Meena. Your body belongs to you.	This is Meena. Meena's body belongs to Meena. Your body belongs to you.
1.00	evs-ukg-safe-touch-s02.mp3	Some touches feel good, like a hug from mother, or holding hands to cross the road. These are safe touches.	Some touches feel good, like a hug from mother or holding hands to cross the road. These are safe touches.
1.00	evs-ukg-safe-touch-s04.mp3	Then do three things. One, say it loudly, no!	Then do three things. One say it loudly, no.
1.00	evs-ukg-safe-touch-s06.mp3	Three, tell a grown-up you trust.	3. Tell a grown-up you trust.
1.00	evs-ukg-safe-touch-s07.mp3	Who are the grown-ups you trust? Mother, father, or your teacher.	Who are the grown-ups you trust? Mother, father, or your teacher?
1.00	evs-ukg-safe-touch-s08.mp3	It is never your fault. And if one person does not listen, tell another, keep telling until someone helps.	It is never your fault. And if one person does not listen, tell another, keep telling until someone helps.
1.00	evs-ukg-seasons-s01.mp3	Three seasons come every year, summer, monsoon and winter.	Three seasons come every year, summer, monsoon and winter.
1.00	evs-ukg-seasons-s02.mp3	In summer the sun shines strongly, and it is very hot.	In summer the sun shines strongly, and it is very hot.
1.00	evs-ukg-seasons-s03.mp3	In the monsoon the clouds come, and it rains.	In the monsoon the clouds come and it rains.
1.00	evs-ukg-seasons-s05.mp3	In winter it is cold. The sky is grey, and we warm ourselves by a fire.	In winter it is cold. The sky is grey and we warm ourselves by a fire.
1.00	evs-ukg-serpentarium-s01.mp3	This is the snake house. Snakes and other reptiles live here, behind glass.	This is the snake house. Snakes and other reptiles live here, behind glass.
1.00	evs-ukg-serpentarium-s02.mp3	The glass keeps us safe. We only look. We do not tap on the glass.	The glass keeps us safe. We only look. We do not tap on the glass.
1.00	evs-ukg-serpentarium-s04.mp3	This is a green snake. It lives in trees.	This is a green snake. It lives in trees.
1.00	evs-ukg-serpentarium-s05.mp3	This is a lizard. It has four legs and a long tail.	This is a lizard. It has four legs and a long tail.
1.00	evs-ukg-serpentarium-s06.mp3	This is a turtle. It hides inside its shell.	This is a turtle. It hides inside its shell.
1.00	evs-ukg-serpentarium-s07.mp3	If you ever see a snake outside, do not touch it, do not go near. Move away slowly and tell a grown-up.	If you ever see a snake outside, do not touch it, do not go near. Move away slowly and tell a grown-up.
1.00	evs-ukg-snow-camp-s01.mp3	We are in the snowy mountains. There is snow all around us.	We are in the snowy mountains. There is snow all around us.
1.00	evs-ukg-snow-camp-s02.mp3	This is our tent. We sleep inside it.	This is our tent. We sleep inside it.
1.00	evs-ukg-snow-camp-s04.mp3	This is a pine tree, with snow on its branches.	This is a pine tree with snow on its branches.
1.00	evs-ukg-snow-camp-s05.mp3	And look what we made, a snowman!	And look what we made. A snowman.
1.00	evs-ukg-states-india-s01.mp3	India is a very big country. It has twenty-eight states. Every state has something special.	India is a very big country. It has 28 states. Every state has something special.
1.00	evs-ukg-states-india-s06.mp3	Every year, lakhs of turtles come to the beaches of Odisha.	Every year, lakhs of turtles come to the beaches of Odisha.
1.00	evs-ukg-states-india-s09.mp3	The fields of Punjab grow lots of wheat.	The fields of Punjab grow lots of wheat.
1.00	evs-ukg-states-india-s10.mp3	Which state do you live in? Ask your teacher.	Which state do you live in? Ask your teacher.
1.00	evs-ukg-village-city-s01.mp3	This is a village. The houses are low, and far apart.	This is a village. The houses are low and far apart.
1.00	evs-ukg-village-city-s02.mp3	Just one floor, with a veranda in front.	Just one floor with a veranda in front.
1.00	evs-ukg-village-city-s03.mp3	Now this is a city. The buildings are tall.	Now this is a city. The buildings are tall.
1.00	evs-ukg-village-city-s04.mp3	Four floors, five floors, one on top of another.	Four floors, five floors, one on top of another.
1.00	evs-ukg-village-city-s05.mp3	Low in the village, tall in the city, and people live in both.	Low in the village, tall in the city, and people live in both.
1.00	evs-ukg-water-cycle-s01.mp3	The sun warms the water in the pond.	The sun warms the water in the pond.
1.00	evs-ukg-water-cycle-s04.mp3	The cloud grows heavy and grey, and down comes the rain.	The cloud grows heavy and grey, and down comes the rain.
1.00	evs-ukg-water-cycle-s05.mp3	The rain fills the pond again. And then it all begins once more.	The rain fills the pond again. And then it all begins once more.
1.00	farm_yard_s1.mp3	Look around the yard. What can you see?	Look around the yard. What can you see?
1.00	farm_yard_s2.mp3	Can you find the animal that gives us milk?	Can you find the animal that gives us milk?
1.00	gk-lkg-sports-equipment-s04.mp3	This is a football.	This is a football
1.00	gk-lkg-sports-equipment-s05.mp3	In football we kick the ball into the goal.	In football we kick the ball into the goal.
1.00	gk-lkg-sports-equipment-s07.mp3	Badminton is played with a racket and a shuttlecock.	Badminton is played with a racket and a shuttlecock.
1.00	gk-lkg-sports-equipment-s08.mp3	This is a hockey stick.	This is a hockey stick.
1.00	gk-lkg-sports-equipment-s09.mp3	Hockey is played with a stick and a ball. Hockey is our national game.	Hockey is played with a stick and a ball. Hockey is our national game.
1.00	gk-lkg-sports-equipment-s10.mp3	This is a basketball.	This is a basketball.
1.00	gk-lkg-sports-equipment-s11.mp3	In basketball we throw the ball up into the hoop.	In basketball we throw the ball up into the hoop.
1.00	gk-lkg-sports-equipment-s13.mp3	Tennis is played with a racket and a ball.	Tennis is played with a racket and a ball.
1.00	gk-ukg-sink-float-s01.mp3	This is a tub of water. Let us see what floats and what sinks.	This is a tub of water. Let us see what floats and what sinks.
1.00	gk-ukg-sink-float-s02.mp3	The apple floats, it stays on top of the water.	The apple floats, it stays on top of the water.
1.00	gk-ukg-sink-float-s03.mp3	The egg sinks, it goes to the bottom.	The egg sinks, it goes to the bottom.
1.00	gk-ukg-sink-float-s04.mp3	The coconut floats, it stays on top of the water.	The coconut floats, it stays on top of the water.
1.00	gk-ukg-sink-float-s05.mp3	The spoon sinks, it goes to the bottom.	The spoon sinks, it goes to the bottom.
1.00	goat_about.mp3	This is a goat. The goat likes to climb.	This is a goat. The goat likes to climb.
1.00	hen_about.mp3	This is a hen. The hen lays eggs.	This is a hen. The hen lays eggs.
1.00	hin-lkg-khet-upar-niche-s01.mp3	This is the soil of a field, and on top of it, the ground.	This is the soil of a field and on top of it the ground.
1.00	hin-lkg-khet-upar-niche-s02.mp3	A carrot grows under the ground.	A carrot grows under the ground.
1.00	hin-lkg-khet-upar-niche-s03.mp3	A radish grows underneath too.	A radish grows underneath too.
1.00	hin-lkg-khet-upar-niche-s04.mp3	And so does a beetroot.	And so does a beetroot.
1.00	hin-lkg-khet-upar-niche-s05.mp3	A tomato grows above the ground.	A tomato grows above the ground.
1.00	hin-lkg-khet-upar-niche-s06.mp3	Corn grows above it too.	Corn grows above it too.
1.00	hin-lkg-sabji-rang-s02.mp3	A tomato is red.	A tomato is red.
1.00	hin-lkg-sabji-rang-s03.mp3	This is a carrot.	This is a carrot.
1.00	hin-lkg-sabji-rang-s04.mp3	A carrot is orange.	A carrot is orange.
1.00	hin-lkg-sabji-rang-s05.mp3	This is a brinjal.	This is a brinjal.
1.00	hin-lkg-sabji-rang-s06.mp3	A brinjal is purple.	A brinjal is purple.
1.00	hin-lkg-sabji-rang-s08.mp3	A corn is yellow.	A corn is yellow.
1.00	hin-lkg-sabji-rang-s09.mp3	This is a cabbage.	This is a cabbage.
1.00	hin-lkg-sabji-rang-s10.mp3	A cabbage is green.	A cabbage is green.
1.00	hin-nur-janvar-boliya-s01.mp3	Listen to the animals. Whichever one you look at will speak.	Listen to the animals. Whichever one you look at will speak.
1.00	hin-nur-vadya-yantra-s01.mp3	These are musical instruments. They make sweet music.	These are musical instruments. They make sweet music.
1.00	hin-nur-vadya-yantra-s07.mp3	This is the drum. It is played with sticks.	This is the drum. It is played with sticks.
1.00	hin-nur-vadya-yantra-s08.mp3	This is the trumpet.	This is the trumpet
1.00	hin-nur-vadya-yantra-s09.mp3	This is the violin.	This is the violin.
1.00	hin-ukg-char-akshar-s06.mp3	Together they make natakhat, playful.	Together they make nata khat playful.
1.00	hin-ukg-do-akshar-s10.mp3	Together they make man, the mind.	Together they make man the mind.
1.00	hin-ukg-swar-s01.mp3	Now look at these vowels.	Now look at these vowels.
1.00	hin-ukg-swar-s08.mp3	Now look at these vowels.	Now look at these vowels.
1.00	hin-ukg-teen-akshar-s08.mp3	Together they make makar, a crocodile.	Together they make Makar, a crocodile.
1.00	hin-ukg-teen-akshar-s12.mp3	Together they make bhavan, a building.	Together they make Bhavan, a building.
1.00	hin-ukg-vyanjan-s33.mp3	This is ra.	This is Ra.
1.00	hin-ukg-vyanjan-s37.mp3	This is sha.	This is Sha
1.00	hin-ukg-vyanjan-s38.mp3	This is sha.	This is Sha
1.00	horse_about.mp3	This is a horse. The horse can run fast.	This is a horse. The horse can run fast.
1.00	kitchen_about.mp3	This is the kitchen. Our hot meal is cooked here.	This is the kitchen. Our hot meal is cooked here.
1.00	math-lkg-full-empty-s01.mp3	This glass is full.	This glass is full.
1.00	math-lkg-full-empty-s02.mp3	And this glass is empty.	And this glass is empty.
1.00	math-lkg-full-empty-s03.mp3	This bowl is full.	This bowl is full.
1.00	math-lkg-full-empty-s04.mp3	And this one is empty.	And this one is empty.
1.00	math-lkg-half-whole-s02.mp3	And this is half of one.	And this is half of 1.
1.00	math-lkg-half-whole-s03.mp3	This is a whole pear.	This is a whole pear.
1.00	math-lkg-half-whole-s04.mp3	And this is half of one.	And this is half of 1.
1.00	math-lkg-half-whole-s05.mp3	This is a whole coconut.	This is a whole coconut.
1.00	math-lkg-half-whole-s06.mp3	And this is half of one.	And this is half of 1.
1.00	math-lkg-lines-curves-s01.mp3	Look at these lines.	Look at these lines.
1.00	math-lkg-lines-curves-s02.mp3	This is a standing line.	This is a standing line.
1.00	math-lkg-lines-curves-s04.mp3	This is a slanting line.	This is a slanting line.
1.00	math-lkg-lines-curves-s05.mp3	Look at these lines.	Look at these lines.
1.00	math-lkg-lines-curves-s06.mp3	This is a zigzag line.	This is a zigzag line.
1.00	math-lkg-lines-curves-s07.mp3	This is a curved line.	This is a curved line.
1.00	math-lkg-lines-curves-s08.mp3	This is a wavy line.	This is a wavy line.
1.00	math-lkg-more-less-same-s01.mp3	Here are four, and here are two.	Here are four and here are two.
1.00	math-lkg-more-less-same-s02.mp3	The red are more than the blue.	The red are more than the blue.
1.00	math-lkg-more-less-same-s03.mp3	Here are two, and here are five.	Here are two and here are five.
1.00	math-lkg-more-less-same-s04.mp3	The red are less than the blue.	The red are less than the blue.
1.00	math-lkg-more-less-same-s05.mp3	Here are three, and here are three.	Here are three and here are three.
1.00	math-lkg-more-less-same-s06.mp3	The red are the same as the blue.	The red are the same as the blue.
1.00	math-lkg-odd-even-s03.mp3	three, odd, one is left over.	3. Odd 1 is left over.
1.00	math-lkg-odd-even-s07.mp3	seven, odd, one is left over.	7. Odd 1 is left over.
1.00	math-lkg-odd-even-s08.mp3	eight, even, every one has a pair.	8. Even everyone has a pair.
1.00	math-lkg-open-close-s01.mp3	This gate is closed. Nobody can walk through.	This gate is closed. Nobody can walk through.
1.00	math-lkg-open-close-s02.mp3	This gate is open. Now the way is clear.	This gate is open. Now the way is clear.
1.00	math-lkg-open-close-s03.mp3	This door is closed.	This door is closed.
1.00	math-lkg-open-close-s04.mp3	And this door is open.	And this door is open.
1.00	math-lkg-opposites-s01.mp3	This is big.	This is big
1.00	math-lkg-opposites-s02.mp3	And this is small, the opposite of big.	And this is small, the opposite of big.
1.00	math-lkg-opposites-s03.mp3	This is long.	This is long.
1.00	math-lkg-opposites-s04.mp3	And this is short, the opposite of long.	And this is short, the opposite of long.
1.00	math-lkg-opposites-s05.mp3	This is full.	This is full.
1.00	math-lkg-opposites-s06.mp3	And this is empty, the opposite of full.	And this is empty, the opposite of full.
1.00	math-lkg-opposites-s07.mp3	This is hot.	This is hot
1.00	math-lkg-opposites-s08.mp3	And this is cold, the opposite of hot.	And this is cold, the opposite of hot.
1.00	math-lkg-same-different-s01.mp3	Three are the same. One is different. Touch the different one.	Three are the same. One is different. Touch the different one.
1.00	math-lkg-same-different-s02.mp3	Three are the same. One is different. Touch the different one.	Three are the same. One is different. Touch the different one.
1.00	math-lkg-same-different-s03.mp3	Three are the same. One is different. Touch the different one.	Three are the same. One is different. Touch the different one.
1.00	math-lkg-wet-dry-s01.mp3	This cloth has just been washed. Water is dripping from it. It is wet.	This cloth has just been washed. Water is dripping from it. It is wet.
1.00	math-lkg-wet-dry-s02.mp3	This cloth has dried in the sun. It is dry.	This cloth has dried in the sun. It is dry.
1.00	math-lkg-wet-dry-s03.mp3	This tub has water in it. It is wet inside.	This tub has water in it. It is wet inside.
1.00	math-lkg-wet-dry-s04.mp3	This tub has no water. It is dry.	This tub has no water. It is dry.
1.00	math-lkg-wet-dry-s05.mp3	It is raining. In the rain, everything gets wet.	It is raining. In the rain, everything gets wet.
1.00	math-lkg-wet-dry-s06.mp3	The sun is out. In the sun, things dry.	The sun is out. In the sun, things dry.
1.00	math-nur-big-small-s01.mp3	This one is big.	This one is big.
1.00	math-nur-big-small-s02.mp3	And this one is small.	And this one is small.
1.00	math-nur-big-small-s03.mp3	This one is big too.	This one is big too.
1.00	math-nur-big-small-s04.mp3	And this one is small.	And this one is small.
1.00	math-nur-count-1-20-s03.mp3	Now say, three.	Now say three.
1.00	math-nur-count-1-20-s05.mp3	Now say, five.	Now say, five.
1.00	math-nur-count-1-20-s09.mp3	Now say, nine.	Now say, nine.
1.00	math-nur-count-1-20-s11.mp3	Now say, eleven.	Now say, 11.
1.00	math-nur-count-1-20-s12.mp3	Now say, twelve.	Now say, 12.
1.00	math-nur-count-1-20-s13.mp3	Now say, thirteen.	Now say, 13.
1.00	math-nur-count-1-20-s14.mp3	Now say, fourteen.	Now say, 14.
1.00	math-nur-count-1-20-s16.mp3	Now say, sixteen.	Now say, 16.
1.00	math-nur-count-1-20-s17.mp3	Now say, seventeen.	Now say, 17.
1.00	math-nur-count-1-20-s18.mp3	Now say, eighteen.	Now say, 18.
1.00	math-nur-count-1-20-s19.mp3	Now say, nineteen.	Now say 19
1.00	math-nur-count-1-20-s20.mp3	Now say, twenty.	Now say 20.
1.00	math-nur-count-21-50-s01.mp3	Now let us count from twenty-one to fifty.	Now let us count from 21 to 50.
1.00	math-nur-count-21-50-s02.mp3	twenty one to twenty five.	21 to 25
1.00	math-nur-count-21-50-s03.mp3	twenty one.	21
1.00	math-nur-count-21-50-s04.mp3	twenty two.	22
1.00	math-nur-count-21-50-s05.mp3	twenty three.	23
1.00	math-nur-count-21-50-s06.mp3	twenty four.	24.
1.00	math-nur-count-21-50-s07.mp3	twenty five.	25.
1.00	math-nur-count-21-50-s08.mp3	twenty six to thirty.	26 to 30
1.00	math-nur-count-21-50-s09.mp3	twenty six.	26
1.00	math-nur-count-21-50-s10.mp3	twenty seven.	27
1.00	math-nur-count-21-50-s11.mp3	twenty eight.	28
1.00	math-nur-count-21-50-s12.mp3	twenty nine.	29
1.00	math-nur-count-21-50-s13.mp3	Now say, thirty.	Now say 30.
1.00	math-nur-count-21-50-s14.mp3	thirty one to thirty five.	31 to 35
1.00	math-nur-count-21-50-s15.mp3	thirty one.	31
1.00	math-nur-count-21-50-s16.mp3	thirty two.	32
1.00	math-nur-count-21-50-s17.mp3	thirty three.	33
1.00	math-nur-count-21-50-s18.mp3	thirty four.	34
1.00	math-nur-count-21-50-s19.mp3	thirty five.	35
1.00	math-nur-count-21-50-s20.mp3	thirty six to forty.	36 to 40
1.00	math-nur-count-21-50-s21.mp3	thirty six.	36
1.00	math-nur-count-21-50-s22.mp3	thirty seven.	37
1.00	math-nur-count-21-50-s24.mp3	thirty nine.	39
1.00	math-nur-count-21-50-s25.mp3	Now say, forty.	Now say 40.
1.00	math-nur-count-21-50-s26.mp3	forty one to forty five.	41 to 45
1.00	math-nur-count-21-50-s27.mp3	forty one.	41
1.00	math-nur-count-21-50-s28.mp3	forty two.	42
1.00	math-nur-count-21-50-s29.mp3	forty three.	43
1.00	math-nur-count-21-50-s30.mp3	forty four.	44.
1.00	math-nur-count-21-50-s31.mp3	forty five.	45
1.00	math-nur-count-21-50-s32.mp3	forty six to fifty.	46 to 50
1.00	math-nur-count-21-50-s33.mp3	forty six.	46
1.00	math-nur-count-21-50-s34.mp3	forty seven.	47
1.00	math-nur-count-21-50-s35.mp3	forty eight.	48
1.00	math-nur-count-21-50-s36.mp3	forty nine.	49
1.00	math-nur-count-51-100-s01.mp3	Now let us count from fifty-one to one hundred.	Now let us count from 51 to 100.
1.00	math-nur-count-51-100-s02.mp3	fifty one to fifty five.	51 to 55
1.00	math-nur-count-51-100-s03.mp3	fifty one.	51
1.00	math-nur-count-51-100-s04.mp3	fifty two.	52
1.00	math-nur-count-51-100-s05.mp3	fifty three.	53
1.00	math-nur-count-51-100-s07.mp3	fifty five.	55
1.00	math-nur-count-51-100-s08.mp3	fifty six to sixty.	56 to 60
1.00	math-nur-count-51-100-s09.mp3	fifty six.	56
1.00	math-nur-count-51-100-s10.mp3	fifty seven.	57
1.00	math-nur-count-51-100-s11.mp3	fifty eight.	58
1.00	math-nur-count-51-100-s12.mp3	fifty nine.	59
1.00	math-nur-count-51-100-s13.mp3	Now say, sixty.	Now say 60.
1.00	math-nur-count-51-100-s22.mp3	sixty seven.	67
1.00	math-nur-count-51-100-s25.mp3	Now say, seventy.	Now say 70.
1.00	math-nur-count-51-100-s26.mp3	seventy one to seventy five.	71 to 75
1.00	math-nur-count-51-100-s27.mp3	seventy one.	71
1.00	math-nur-count-51-100-s28.mp3	seventy two.	72
1.00	math-nur-count-51-100-s29.mp3	seventy three.	73
1.00	math-nur-count-51-100-s30.mp3	seventy four.	74
1.00	math-nur-count-51-100-s31.mp3	seventy five.	75
1.00	math-nur-count-51-100-s32.mp3	seventy six to eighty.	76 to 80
1.00	math-nur-count-51-100-s33.mp3	seventy six.	Seventy-Six
1.00	math-nur-count-51-100-s34.mp3	seventy seven.	77
1.00	math-nur-count-51-100-s36.mp3	seventy nine.	79
1.00	math-nur-count-51-100-s37.mp3	Now say, eighty.	Now say, 80.
1.00	math-nur-count-51-100-s38.mp3	eighty one to eighty five.	81 to 85
1.00	math-nur-count-51-100-s39.mp3	eighty one.	81
1.00	math-nur-count-51-100-s40.mp3	eighty two.	82
1.00	math-nur-count-51-100-s41.mp3	eighty three.	83
1.00	math-nur-count-51-100-s42.mp3	eighty four.	84
1.00	math-nur-count-51-100-s43.mp3	eighty five.	85
1.00	math-nur-count-51-100-s45.mp3	eighty six.	86
1.00	math-nur-count-51-100-s46.mp3	eighty seven.	87
1.00	math-nur-count-51-100-s47.mp3	eighty eight.	88
1.00	math-nur-count-51-100-s49.mp3	Now say, ninety.	Now say 90.
1.00	math-nur-count-51-100-s51.mp3	ninety one.	Ninety one
1.00	math-nur-count-51-100-s52.mp3	ninety two.	92
1.00	math-nur-count-51-100-s53.mp3	ninety three.	93
1.00	math-nur-count-51-100-s54.mp3	ninety four.	94
1.00	math-nur-count-51-100-s55.mp3	ninety five.	95
1.00	math-nur-count-51-100-s56.mp3	ninety six to one hundred.	96 to 100
1.00	math-nur-count-51-100-s58.mp3	ninety seven.	97
1.00	math-nur-count-51-100-s59.mp3	ninety eight.	98
1.00	math-nur-count-51-100-s60.mp3	ninety nine.	99
1.00	math-nur-count-51-100-s61.mp3	one hundred.	100
1.00	math-nur-in-out-s01.mp3	This apple is in the pot.	This apple is in the pot.
1.00	math-nur-light-heavy-s02.mp3	The stone is heavy, its side has gone down.	The stone is heavy, its side has gone down.
1.00	math-nur-light-heavy-s03.mp3	The cotton is light, its side has gone up.	The cotton is light, its side has gone up.
1.00	math-nur-light-heavy-s04.mp3	These two balls weigh the same, so the balance stays level.	These two balls weigh the same, so the balance stays level.
1.00	math-nur-long-round-s01.mp3	Which thing is round? Touch it.	Which thing is round? Touch it!
1.00	math-nur-long-round-s02.mp3	Which thing is long? Touch it.	Which thing is long? Touch it!
1.00	math-nur-long-short-s01.mp3	This stick is long.	This stick is long
1.00	math-nur-long-short-s02.mp3	And this one is short.	And this one is short.
1.00	math-nur-long-short-s03.mp3	Of these two, the green one is longer.	Of these two, the green one is longer.
1.00	math-nur-near-far-s01.mp3	This tree is near.	This tree is near
1.00	math-nur-near-far-s02.mp3	The same tree, but this one is far away, so it looks small.	The same tree, but this one is far away, so it looks small.
1.00	math-nur-near-far-s03.mp3	This ball is near.	This ball is near.
1.00	math-nur-one-many-s01.mp3	Here there is one.	Here there is one.
1.00	math-nur-one-many-s02.mp3	And here there are many.	And here there are many.
1.00	math-nur-one-many-s03.mp3	One, and many.	One and many
1.00	math-nur-taller-shorter-s01.mp3	This tree is tall.	This tree is tall.
1.00	math-nur-taller-shorter-s02.mp3	And this tree is short.	And this tree is short.
1.00	math-nur-taller-shorter-s03.mp3	Now look at these. Which one is taller?	Now look at these. Which one is taller?
1.00	math-nur-taller-shorter-s04.mp3	This one is taller. This one is shorter.	This one is taller. This one is shorter.
1.00	math-nur-thick-thin-s01.mp3	This one is thick.	This one is thick.
1.00	math-nur-thick-thin-s02.mp3	And this one is thin. They are just as long as each other.	And this one is thin. They are just as long as each other.
1.00	math-nur-up-down-s01.mp3	The red ball is up, on top of the cupboard.	The red ball is up on top of the cupboard.
1.00	math-nur-up-down-s02.mp3	The blue ball is down, on the floor.	The blue ball is down on the floor.
1.00	math-nur-up-down-s03.mp3	Look up, the fan is up. Look down, the mats are down.	Look up, the fan is up. Look down, the mats are down.
1.00	math-nur-wide-narrow-s01.mp3	This road is wide. A bus could drive along it.	This road is wide. A bus could drive along it.
1.00	math-nur-wide-narrow-s02.mp3	This path is narrow. Only one person can walk along it.	This path is narrow. Only one person can walk along it.
1.00	math-ukg-add-double-s02.mp3	ten plus five is fifteen.	10 plus 5 is 15.
1.00	math-ukg-add-double-s03.mp3	twelve plus six. Have a think.	12 plus 6. Have a think.
1.00	math-ukg-add-double-s04.mp3	twelve plus six is eighteen.	12 plus 6 is 18.
1.00	math-ukg-add-double-s05.mp3	twenty plus fifteen. Have a think.	20 plus 15. Have a think.
1.00	math-ukg-add-double-s06.mp3	twenty plus fifteen is thirty five.	20 plus 15 is 35.
1.00	math-ukg-add-single-s01.mp3	Count these first, two.	Count these first two
1.00	math-ukg-add-single-s02.mp3	Now count these, three.	Now count these three.
1.00	math-ukg-add-single-s03.mp3	two and three together make five.	2 and 3 together make 5.
1.00	math-ukg-add-single-s04.mp3	Count these first, four.	Count these first four
1.00	math-ukg-add-single-s06.mp3	four and one together make five.	4 and 1 together make 5.
1.00	math-ukg-add-single-s07.mp3	Count these first, three.	Count these first three.
1.00	math-ukg-add-single-s08.mp3	Now count these, four.	Now count these four
1.00	math-ukg-add-single-s09.mp3	three and four together make seven.	3 and 4 together make 7.
1.00	math-ukg-compare-numbers-s01.mp3	Look at seven and three.	Look at 7 and 3.
1.00	math-ukg-compare-numbers-s02.mp3	seven is greater than three.	7 is greater than 3.
1.00	math-ukg-compare-numbers-s03.mp3	Look at two and eight.	Look at 2 and 8.
1.00	math-ukg-compare-numbers-s04.mp3	two is less than eight.	2 is less than 8.
1.00	math-ukg-compare-numbers-s05.mp3	Look at five and five.	Look at 5 and 5.
1.00	math-ukg-divide-single-s01.mp3	Here are six.	Here are six
1.00	math-ukg-divide-single-s02.mp3	Share them into two equal groups.	Share them into two equal groups.
1.00	math-ukg-divide-single-s03.mp3	Share them into two equal groups.	Share them into two equal groups.
1.00	math-ukg-divide-single-s04.mp3	six divided by two is three.	6 divided by 2 is 3.
1.00	math-ukg-divide-single-s06.mp3	Share them into three equal groups.	Share them into three equal groups.
1.00	math-ukg-divide-single-s07.mp3	Share them into three equal groups.	Share them into three equal groups.
1.00	math-ukg-divide-single-s08.mp3	Share them into three equal groups.	Share them into three equal groups.
1.00	math-ukg-divide-single-s09.mp3	twelve divided by three is four.	12 divided by 3 is 4.
1.00	math-ukg-multiply-single-s01.mp3	one row of three.	One row of three
1.00	math-ukg-multiply-single-s03.mp3	two times three is six.	2 times 3 is 6
1.00	math-ukg-multiply-single-s04.mp3	one row of four.	One row of four
1.00	math-ukg-multiply-single-s06.mp3	three row of four.	Three row of four
1.00	math-ukg-multiply-single-s07.mp3	three times four is twelve.	3 times 4 is 12.
1.00	math-ukg-sub-double-s02.mp3	fifteen minus five is ten.	15 minus 5 is 10.
1.00	math-ukg-sub-double-s05.mp3	thirty minus ten. Have a think.	30 Minus 10. Have a think.
1.00	math-ukg-sub-single-s01.mp3	Count these first, five.	Count these first five.
1.00	math-ukg-sub-single-s02.mp3	Take two away.	Take two away.
1.00	math-ukg-sub-single-s04.mp3	Count these first, four.	Count these first four
1.00	math-ukg-sub-single-s06.mp3	four take away three leaves one.	4 take away 3 leaves 1
1.00	math-ukg-sub-single-s07.mp3	Count these first, five.	Count these first five.
1.00	math-ukg-sub-single-s08.mp3	Take one away.	Take one away
1.00	our_classroom_s1.mp3	Now we are inside. This is our classroom.	Now we are inside. This is our classroom.
1.00	our_classroom_s2.mp3	Your friends are sitting on the mats. Sit down with them.	Your friends are sitting on the mats. Sit down with them.
1.00	our_classroom_s4.mp3	This is the blackboard. Teacher writes on it.	This is the blackboard. Teacher writes on it.
1.00	our_classroom_s5.mp3	Look at the windows. The light comes in from there.	Look at the windows. The light comes in from there.
1.00	physics_lab_s1.mp3	This is the physics lab. Here we find out how things move.	This is the physics lab. Here we find out how things move.
1.00	physics_lab_s2.mp3	That little ball on a string is a pendulum. It swings to and fro.	That little ball on a string is a pendulum. It swings to and fro.
1.00	playground_s1.mp3	We are behind the school now. This is our playground.	We are behind the school now. This is our playground.
1.00	playground_s2.mp3	Can you see the swing? It goes forward and back.	Can you see the swing? It goes forward and back.
1.00	playground_s3.mp3	That yellow one is the slide. We climb up and come down.	That yellow one is the slide. We climb up and come down.
1.00	playground_s4.mp3	The sand pit is for digging. Now let us go back inside.	The sand pit is for digging. Now let us go back inside.
1.00	school_hall_s1.mp3	We are inside the school now. This is the hallway.	We are inside the school now. This is the hallway.
1.00	school_hall_s2.mp3	There are doors on both sides. Each one goes to a different room.	There are doors on both sides. Each one goes to a different room.
1.00	school_hall_s3.mp3	Walk to a door to go inside that room.	Walk to a door to go inside that room.
1.00	school_kitchen_s1.mp3	This is the kitchen. Our hot meal is cooked here.	This is the kitchen. Our hot meal is cooked here.
1.00	school_kitchen_s2.mp3	Look at the big table. The food is kept ready on it.	Look at the big table. The food is kept ready on it.
1.00	school_kitchen_s3.mp3	Water is kept in the pot. We drink it after our meal.	Water is kept in the pot. We drink it after our meal.
1.00	school_office_s2.mp3	Your name is written in that register every morning.	Your name is written in that register every morning.
1.00	school_tour_s2.mp3	Can you find where our food is cooked?	Can you find where our food is cooked?
1.00	solar_system_s1.mp3	We are floating in space. The Sun is in front of you, now turn and look all around.	We are floating in space. The sun is in front of you. Now turn and look all around.
1.00	solar_system_s10.mp3	Neptune is furthest away, and the coldest of all.	Neptune is furthest away and the coldest of all.
1.00	solar_system_s11.mp3	Look all around you. Eight planets are going round our Sun, and we are inside it.	Look all around you. Eight planets are going round our sun and we are inside it.
1.00	solar_system_s2.mp3	Now come closer. This is the Sun. It gives us light and heat.	Now come closer. This is the sun. It gives us light and heat.
1.00	solar_system_s4.mp3	Venus is covered in thick clouds. It is the hottest planet.	Venus is covered in thick clouds. It is the hottest planet.
1.00	solar_system_s5.mp3	This is our Earth. The blue is water and the white is cloud.	This is our earth. The blue is water, and the white is cloud.
1.00	solar_system_s7.mp3	Jupiter is the biggest. Those stripes are storms.	Jupiter is the biggest. Those stripes are storms.
1.00	solar_system_s8.mp3	Saturn has rings made of ice and rock.	Saturn has rings made of ice and rock.
